1000000
151,9
119,154
153,870
78,896
61,73
68,792
135,12
100,561
193,546
34,888
118,629
99,870
76,99
177,793
177,380
64,684
44,87
146,929
180,375
198,50
84,723
41,600
187,324
46,663
47,317
176,372
126,23
187,7
114,303
135,338
157,586
151,377
60,579
121,87
172,870
9,965
55,280
137,116
114,167
9,645
73,342
102,509
197,422
161,502
188,97
87,487
138,207
27,818
197,746
134,800
97,528
61,878
1,706
160,190
173,641
72,645
180,409
157,336
180,301
112,940
101,521
14,84
27,794
132,519
185,460
107,356
176,550
97,892
120,606
52,374
108,409
83,495
123,103
199,671
49,345
1,563
28,504
55,719
192,961
145,282
73,304
193,849
16,64
197,535
127,922
181,675
50,114
91,589
71,347
112,172
183,400
43,382
131,971
127,501
162,727
144,156
180,497
75,168
198,193
110,74
175,73
188,711
15,256
14,511
125,343
111,50
119,887
142,122
5,37
14,70
46,81
173,618
191,38
21,362
167,727
40,592
66,352
62,377
132,560
29,760
154,769
93,216
95,269
193,362
39,88
7,675
133,47
117,655
83,972
58,250
69,699
192,794
135,562
141,341
119,948
137,85
144,24
88,333
34,877
113,85
53,882
7,687
90,312
147,215
5,569
94,132
167,295
39,153
59,373
186,621
102,435
82,592
61,526
30,82
145,622
171,403
1,860
55,303
99,771
82,184
31,640
85,152
8,715
107,786
10,463
128,236
74,795
148,292
34,421
2,557
39,113
174,6
185,332
186,961
53,390
192,962
22,327
110,493
74,907
20,503
105,527
121,113
151,701
172,237
146,972
75,368
56,896
81,554
186,340
12,45
46,442
7,14
163,382
170,250
155,246
118,370
186,779
157,121
84,937
67,645
66,406
70,684
4,685
3,417
90,664
114,5
96,422
197,396
135,214
79,495
179,847
58,748
181,489
6,42
5,742
195,527
79,146
4,17
54,929
96,155
61,266
200,313
171,521
159,925
60,533
11,505
1,139
31,430
132,196
155,555
184,152
188,368
82,837
90,847
131,662
144,452
144,378
137,678
13,241
133,478
134,734
139,692
64,914
65,203
88,680
21,121
191,122
107,919
124,515
125,417
24,459
90,433
163,178
44,510
6,238
113,830
165,455
44,611
103,835
157,113
144,61
57,270
141,647
109,368
187,447
83,887
142,495
199,952
52,254
140,481
61,969
187,585
171,243
110,882
78,469
78,564
74,368
140,966
152,858
79,233
66,14
67,693
165,458
187,319
89,151
53,572
160,12
21,291
101,769
185,243
34,442
71,231
44,3
50,803
118,936
131,459
45,217
189,905
92,139
142,34
53,553
165,31
175,333
136,208
106,810
33,331
6,703
26,983
188,81
59,676
78,884
193,226
119,851
22,291
141,475
178,310
111,57
126,346
28,484
8,851
128,620
96,211
148,658
128,910
137,223
43,771
3,800
140,937
190,930
93,49
21,26
88,9
14,5
148,857
161,17
142,46
32,530
12,351
87,791
103,441
12,180
5,723
73,239
18,317
196,764
146,311
41,78
42,260
41,122
125,237
72,254
33,436
57,886
12,745
166,929
200,231
128,209
101,144
47,724
5,724
122,758
59,898
39,902
142,102
177,228
39,797
195,406
197,5
123,858
194,722
17,367
136,435
98,963
183,365
189,337
166,921
57,713
97,829
185,416
126,539
61,715
72,456
80,33
155,112
54,178
176,726
30,519
62,493
6,712
100,305
119,215
133,849
192,34
123,717
190,163
32,373
13,345
74,506
151,9
171,458
124,15
185,992
199,679
30,301
155,279
152,632
195,431
150,942
56,889
150,728
98,936
56,696
113,145
110,394
169,889
52,368
97,289
73,64
66,526
101,684
44,100
199,592
104,722
105,465
119,464
180,265
1,87
96,97
44,452
77,834
42,771
59,430
65,94
34,860
78,186
47,160
46,712
34,285
26,354
75,520
125,797
18,955
33,833
115,913
166,960
101,967
58,731
158,310
146,739
159,436
70,97
178,101
102,305
129,248
180,950
153,288
185,800
79,641
73,24
163,905
164,786
98,867
43,222
112,341
159,563
39,488
13,741
101,819
181,625
60,883
98,154
134,751
3,10
89,69
174,635
200,191
183,562
154,379
29,207
76,75
120,27
141,591
79,469
40,647
165,323
161,813
180,637
94,316
12,227
73,465
154,12
65,7
179,224
73,366
10,1000
64,143
188,59
79,473
74,250
177,128
183,854
56,353
193,332
47,860
131,443
184,220
55,149
193,841
46,606
77,241
46,690
162,834
37,418
111,814
132,798
23,784
39,412
1,678
200,715
139,124
122,659
58,180
63,536
170,90
11,555
82,968
28,214
9,581
177,987
24,956
94,392
96,108
159,206
84,477
31,71
28,519
122,858
35,556
66,304
168,856
58,430
27,699
8,778
49,692
195,223
129,786
72,888
123,338
67,341
168,771
132,57
116,413
51,674
60,393
38,253
184,583
59,670
27,88
13,574
93,356
35,338
92,366
71,49
111,760
168,470
135,396
82,71
48,581
62,734
15,490
96,497
18,17
143,915
106,519
73,330
30,685
25,94
142,318
160,214
75,431
148,918
21,449
93,923
22,869
200,686
106,175
125,910
47,748
10,712
104,435
181,28
173,448
143,269
172,778
55,115
187,644
109,573
66,388
33,417
156,346
77,747
114,906
175,366
189,528
154,495
190,69
80,749
156,808
82,545
119,232
115,506
49,695
194,636
53,969
129,424
166,881
72,137
43,278
132,145
132,736
92,923
97,942
151,241
68,831
58,620
119,14
153,504
111,556
125,656
141,259
27,769
91,502
190,698
62,605
72,77
191,919
146,768
93,1
184,579
172,345
114,586
90,759
66,13
71,835
190,120
1,829
119,430
73,72
133,295
103,325
128,537
131,580
75,687
88,749
109,800
52,60
131,420
108,326
90,383
135,68
132,70
125,533
144,808
167,890
53,953
134,959
178,895
197,191
188,299
29,371
117,537
135,943
124,312
54,354
186,365
147,517
45,840
136,705
33,815
29,853
61,221
63,315
30,894
180,725
186,345
63,991
30,726
107,591
200,337
26,838
98,122
121,699
178,735
104,75
99,850
110,405
43,271
43,985
170,291
181,483
177,819
27,70
189,279
65,80
116,465
145,752
141,194
104,996
103,35
109,518
136,83
27,314
7,77
93,111
40,744
99,822
115,640
52,876
168,709
139,261
12,699
128,797
168,150
193,308
165,558
98,846
167,40
132,982
7,476
27,832
62,915
139,680
105,146
12,538
92,618
200,827
109,992
97,614
179,423
19,931
31,26
133,722
10,64
41,28
89,968
165,278
110,625
83,375
119,972
198,182
150,411
62,383
13,156
21,299
198,992
42,653
30,224
120,885
16,122
25,190
23,864
23,219
75,186
63,72
39,744
81,26
154,173
17,42
163,74
86,722
118,38
78,709
52,560
195,702
87,814
95,531
165,597
61,339
47,368
125,577
129,148
184,299
22,302
169,780
172,526
162,226
195,624
14,960
154,336
63,361
28,345
155,681
65,730
50,974
83,718
137,718
93,479
13,991
127,188
200,843
192,424
172,767
185,3
165,853
62,785
165,268
183,168
16,900
91,498
108,777
9,610
162,168
38,956
92,836
136,807
197,760
124,399
27,848
109,864
136,792
53,705
151,517
18,326
200,631
23,713
146,696
78,716
108,32
12,148
30,942
67,939
114,831
94,530
178,538
133,682
29,262
177,399
165,547
161,640
121,984
124,15
151,35
171,494
18,693
49,332
194,278
22,572
192,575
119,10
92,430
77,556
123,820
59,927
65,233
23,558
109,510
19,729
145,500
139,523
84,425
139,223
177,170
13,761
87,291
65,504
50,233
173,229
77,239
189,986
62,11
78,134
133,340
178,659
16,79
112,887
191,438
32,445
55,693
134,810
88,106
50,200
122,949
30,719
81,378
185,295
98,827
195,790
76,368
160,87
17,500
120,461
22,921
116,879
186,918
66,544
68,551
21,357
93,827
67,135
31,975
126,136
14,116
75,719
160,737
12,446
122,189
182,352
163,360
77,690
23,275
15,610
53,827
181,381
158,827
57,863
200,356
97,970
87,735
165,447
85,464
199,457
7,213
56,561
153,299
128,52
80,836
41,198
32,74
28,323
122,531
8,476
6,999
47,51
14,90
114,864
102,572
124,609
64,767
87,667
40,112
173,949
145,874
30,620
71,769
199,709
151,246
45,80
125,925
150,670
193,112
13,867
19,892
61,208
112,675
93,401
24,10
64,190
30,746
6,62
13,422
107,685
175,514
115,517
154,896
146,887
3,589
54,316
81,310
184,979
14,89
78,276
114,889
147,729
106,421
172,186
5,848
114,813
29,460
42,639
168,71
200,271
189,409
3,812
119,497
64,225
191,480
181,41
49,23
22,656
128,182
111,757
56,695
57,261
20,373
24,197
24,983
185,3
16,165
103,776
145,575
165,392
101,783
60,395
76,176
1,287
108,325
187,131
126,188
113,593
133,19
156,133
80,852
99,401
188,946
44,145
45,168
61,560
148,58
18,463
173,797
23,932
95,661
76,36
85,324
174,911
187,567
50,513
66,307
77,473
153,866
42,729
108,240
73,471
102,554
187,173
83,313
54,165
140,33
170,168
165,45
23,390
132,360
126,597
118,366
108,970
3,406
17,243
177,201
187,220
62,949
39,818
162,248
153,531
146,405
18,215
130,178
196,93
13,445
22,765
136,673
40,372
129,815
50,889
3,161
150,352
56,940
11,750
182,480
117,109
180,947
148,776
40,329
156,380
5,545
181,562
96,367
105,105
101,850
47,881
26,21
183,320
54,135
71,188
200,387
141,299
171,990
152,196
62,922
171,167
128,163
149,579
30,577
87,228
50,261
163,457
18,840
43,316
110,660
89,606
78,153
31,852
164,139
50,219
115,101
61,156
25,649
73,210
170,955
99,859
99,671
77,151
188,116
157,508
155,342
128,722
146,292
34,220
104,412
50,301
68,759
104,896
8,818
192,848
172,842
127,911
88,19
31,770
110,268
121,648
1,923
155,846
163,766
149,688
71,363
1,348
41,873
97,822
90,558
79,504
76,476
197,731
148,787
184,688
121,366
47,843
102,622
56,49
193,344
188,718
83,954
20,662
39,212
38,659
101,214
90,934
74,47
178,187
107,927
58,780
27,44
94,29
116,478
165,502
74,253
52,251
182,426
62,703
29,655
121,951
53,254
15,54
69,880
19,776
89,211
70,595
124,713
173,322
7,123
93,237
138,620
106,513
52,970
51,466
57,233
22,462
103,657
87,330
7,34
4,220
187,995
21,419
97,751
123,880
7,500
154,633
87,598
83,362
8,903
178,70
189,718
115,303
92,661
115,667
111,868
186,159
134,685
16,789
56,76
147,75
119,947
114,742
130,505
167,588
85,947
143,869
113,760
177,250
103,148
89,684
150,453
184,719
45,634
48,352
109,182
156,957
35,305
6,969
130,416
82,854
169,262
123,17
67,306
44,195
44,950
168,926
154,362
135,710
113,559
165,618
181,665
47,639
169,701
96,787
183,290
115,113
146,363
131,778
53,309
19,683
107,34
56,365
68,86
91,981
33,659
155,398
26,691
160,908
12,761
158,538
6,217
117,520
58,402
44,967
186,732
23,873
191,358
156,60
118,522
53,731
35,394
20,423
182,457
40,807
48,478
101,724
18,951
114,863
50,48
90,549
194,34
139,983
129,760
70,238
110,634
19,595
197,921
38,256
167,47
60,310
69,763
6,766
100,828
120,552
115,224
86,286
38,274
99,513
128,449
55,427
179,557
94,800
34,275
6,320
147,534
74,841
145,531
27,55
62,506
3,652
145,806
109,713
24,212
32,680
193,94
21,989
2,168
144,262
4,127
100,430
85,707
33,276
64,244
57,884
85,123
79,660
23,281
48,99
82,143
99,696
94,460
165,465
27,707
12,300
87,331
51,117
38,232
33,765
59,666
79,970
162,534
171,953
31,341
65,429
178,657
131,982
29,142
147,384
140,905
175,201
65,97
29,249
21,528
128,102
110,179
170,776
193,374
89,441
89,448
61,873
41,149
44,308
22,848
165,200
83,20
13,34
115,796
75,603
34,223
59,926
99,652
196,708
125,849
15,783
160,982
156,672
131,76
107,140
144,769
107,14
187,359
141,462
192,430
8,164
196,792
47,685
135,774
117,638
144,954
103,394
64,780
171,785
171,402
55,361
184,574
5,663
12,943
35,626
143,254
52,137
153,529
83,812
70,25
120,539
133,922
12,343
37,481
74,205
159,137
190,650
48,929
99,13
47,817
176,576
131,12
154,167
128,470
66,572
198,671
104,294
63,47
46,351
104,168
147,687
159,410
88,525
40,233
116,81
193,610
193,628
99,564
5,451
36,86
8,776
47,499
124,871
89,619
181,442
9,448
69,823
97,188
146,134
91,227
113,738
96,197
148,171
75,971
104,737
121,646
35,327
154,278
150,800
93,19
79,339
98,664
40,102
181,160
1,28
139,267
10,860
142,653
176,814
85,183
5,128
118,18
83,394
82,389
135,872
65,777
73,710
198,310
48,444
164,911
38,209
36,996
135,177
133,349
138,712
38,946
34,22
154,215
39,774
20,90
83,878
195,169
10,200
92,981
146,92
2,94
58,103
136,695
16,218
108,112
188,313
105,264
73,251
79,27
138,753
45,722
7,536
77,965
30,324
22,682
9,563
48,150
59,179
54,499
64,164
192,721
46,56
4,558
94,886
168,557
36,839
192,302
20,387
192,966
39,825
77,299
103,742
66,197
149,982
194,531
167,165
98,77
168,73
76,576
163,198
154,778
122,206
59,840
191,666
74,974
161,440
76,626
97,522
182,618
36,958
40,327
62,529
66,305
114,607
116,503
199,422
58,528
71,135
116,869
48,744
6,158
71,143
16,349
189,826
105,846
1,850
90,805
112,810
67,641
144,297
92,267
33,208
90,862
91,940
49,267
127,431
74,289
73,969
61,176
83,386
194,447
34,546
126,544
144,507
20,404
41,196
199,65
195,873
36,905
14,14
192,661
94,778
4,308
93,224
141,505
119,540
154,727
115,219
167,910
52,85
147,945
80,217
127,610
9,475
13,155
174,59
71,688
150,81
109,40
182,601
141,884
186,123
38,968
152,559
197,485
115,675
22,749
7,24
102,83
81,284
131,727
186,723
123,609
42,2
60,763
60,294
100,802
50,703
157,140
7,177
156,958
37,264
138,307
200,595
31,256
148,977
67,781
77,729
38,590
113,544
148,599
1,746
152,239
115,107
184,440
104,98
153,804
20,866
86,368
157,624
186,169
191,742
77,945
26,726
150,167
90,793
153,73
38,269
16,763
23,159
160,60
25,417
18,287
50,903
121,844
76,26
73,756
34,93
196,690
41,375
77,891
4,925
179,836
50,172
111,501
76,630
151,276
131,85
70,29
140,934
87,824
130,447
174,264
130,717
198,187
166,547
160,135
110,38
145,432
92,994
84,33
70,521
24,792
183,617
26,564
157,309
140,848
56,292
123,630
174,843
146,284
58,357
127,750
10,984
127,79
49,789
152,773
10,723
166,588
62,665
74,549
70,625
91,610
89,888
155,555
44,599
86,426
28,76
142,113
187,801
68,534
166,383
158,7
173,806
87,147
138,929
49,641
147,322
200,219
102,916
58,104
184,393
93,70
149,653
163,13
71,869
99,35
26,878
141,584
69,145
160,622
176,239
192,69
89,652
188,609
185,287
36,989
34,283
7,920
181,165
22,163
72,6
81,394
35,398
123,718
11,988
42,42
57,340
146,891
173,464
19,418
152,80
119,339
149,981
102,829
60,576
100,618
58,538
200,45
63,376
66,947
124,137
152,340
21,326
95,626
104,722
109,427
195,265
57,103
10,444
157,653
172,59
155,886
65,505
1,456
30,492
152,698
53,133
108,236
100,674
82,646
72,475
31,822
134,650
159,258
180,190
184,474
57,807
128,810
21,657
184,502
113,538
184,761
24,752
121,941
166,803
106,308
115,213
42,947
121,788
193,680
182,204
144,473
153,271
103,923
166,708
34,484
66,389
170,673
152,269
80,653
39,930
123,948
6,760
184,994
166,303
182,729
157,568
129,241
135,929
12,412
13,371
157,359
39,337
13,665
61,519
112,344
48,980
119,235
85,929
104,635
35,357
12,86
128,583
14,120
41,573
174,386
178,361
176,66
49,632
131,257
70,60
97,618
45,182
151,786
2,562
22,636
146,106
57,957
6,118
75,558
74,821
16,693
19,221
30,875
118,769
89,368
166,374
149,539
132,868
13,681
196,455
119,888
66,538
186,833
163,723
175,399
173,330
93,316
22,83
17,774
116,659
169,934
120,762
3,515
77,828
12,296
72,341
46,428
18,273
131,722
69,895
126,127
174,47
21,436
81,74
102,318
31,899
73,717
154,369
132,178
62,352
23,334
193,387
184,696
137,735
87,453
165,820
85,34
197,979
77,733
37,281
103,434
38,641
18,187
116,201
79,738
136,860
91,733
39,883
36,682
183,793
185,981
72,259
32,722
18,314
139,857
72,809
123,605
169,702
39,227
13,591
90,840
48,733
68,870
19,293
88,72
10,480
123,721
29,403
51,278
80,799
123,796
69,266
83,423
72,429
50,361
180,865
135,941
110,962
64,454
138,254
189,539
171,724
121,74
2,272
190,207
27,874
75,820
74,874
179,898
82,239
157,641
87,210
192,415
113,173
188,854
187,683
30,652
3,176
148,748
102,135
23,205
107,705
59,245
57,987
153,490
183,725
167,906
132,182
159,45
52,874
94,23
58,67
134,655
169,763
69,981
114,637
165,693
105,633
196,486
167,460
88,846
54,959
21,664
45,125
24,619
185,704
79,454
187,751
89,782
122,33
102,694
10,734
189,830
163,475
182,315
18,293
77,824
108,930
124,149
1,364
94,267
165,946
129,739
98,21
107,471
20,642
43,621
132,227
27,842
50,670
20,258
151,838
36,432
63,589
62,321
44,25
82,882
135,512
104,48
12,411
45,852
89,7
105,950
170,582
101,743
152,275
39,399
10,409
22,742
106,8
138,648
155,859
77,272
144,707
179,497
44,827
63,422
191,292
96,446
67,375
13,510
187,204
165,711
46,15
91,596
123,332
155,715
97,883
192,202
139,28
155,938
95,974
177,322
30,413
19,230
102,558
96,688
151,405
82,750
23,125
175,938
182,763
184,606
27,560
36,523
48,542
47,325
139,55
98,490
162,675
133,132
184,616
94,298
64,103
54,467
31,900
190,124
101,397
128,460
12,434
152,226
62,119
76,151
145,479
54,534
125,906
39,373
13,103
15,363
88,590
62,578
102,819
103,619
137,760
145,477
190,93
116,499
129,783
119,536
185,543
64,389
40,205
38,119
37,764
5,677
20,925
77,447
173,716
25,386
2,849
143,672
193,274
127,45
72,295
86,162
69,903
153,310
48,68
159,861
39,481
117,10
32,425
55,119
134,565
16,754
94,688
116,825
131,741
160,854
36,415
194,90
195,835
65,202
40,636
171,591
194,212
87,843
21,60
198,817
198,522
93,97
99,420
159,570
1,432
111,130
80,304
20,24
62,940
54,159
19,915
190,74
196,895
89,525
141,395
186,315
56,53
118,187
163,926
105,176
64,958
132,682
84,303
5,286
105,887
22,986
14,415
66,330
87,383
199,650
60,760
73,121
30,473
163,516
42,540
76,215
40,486
27,424
126,766
20,368
32,288
94,657
28,24
33,374
46,620
82,23
92,479
145,636
176,520
42,675
175,438
28,754
27,763
124,113
14,537
172,1000
140,792
164,220
133,418
6,93
98,97
15,31
153,248
122,118
190,207
155,892
179,173
169,380
176,618
130,304
187,873
163,770
63,152
78,260
96,902
87,14
161,346
16,622
16,93
119,154
151,813
25,310
132,787
63,273
54,881
53,257
61,437
148,961
137,958
125,666
108,226
113,711
160,947
117,737
117,673
45,705
36,609
175,495
47,75
5,977
176,592
45,808
183,767
198,596
74,622
24,77
155,706
116,528
4,601
40,876
51,413
175,630
55,584
104,432
50,645
200,764
59,145
39,693
140,517
183,926
147,592
33,188
149,743
17,464
93,713
186,262
41,565
2,883
141,908
101,909
161,481
50,717
6,753
137,740
132,455
60,422
154,737
33,605
13,722
180,791
120,742
158,505
127,298
62,717
188,154
83,925
82,694
33,16
41,576
76,965
178,838
175,904
105,169
110,483
200,578
114,555
155,682
93,589
121,533
142,459
136,950
132,88
146,841
192,818
152,443
51,258
181,415
134,130
150,345
166,130
28,987
146,671
161,273
41,258
185,111
16,854
17,757
95,917
132,462
145,83
147,466
168,501
15,72
77,827
132,424
56,888
188,286
53,528
163,914
85,268
190,450
184,498
128,720
78,78
46,87
2,920
188,496
186,23
53,43
157,811
149,896
100,623
174,132
2,340
50,484
43,274
115,485
85,56
142,290
78,754
35,841
44,33
61,302
56,647
70,296
138,978
147,700
79,996
16,817
58,652
41,335
6,867
9,325
6,432
44,658
22,797
23,297
145,469
5,72
105,293
149,800
170,220
2,707
69,722
115,952
116,240
144,107
172,841
34,960
69,613
175,323
185,848
134,932
50,705
168,299
187,822
8,171
112,694
16,550
26,842
71,202
199,307
132,565
191,1000
177,315
19,570
86,908
20,89
84,769
154,126
191,110
53,334
117,404
4,662
140,824
40,875
134,33
181,115
78,549
117,22
64,760
149,255
35,316
117,80
164,212
168,18
6,96
42,300
157,150
95,281
67,948
66,391
2,8
39,931
66,207
148,555
56,841
116,161
37,213
56,266
22,445
29,474
177,776
192,619
45,767
41,401
180,502
140,681
50,6
25,355
87,264
28,848
86,675
159,920
87,543
121,578
90,673
37,54
153,685
177,387
114,917
38,97
9,728
15,157
183,387
69,53
104,318
117,427
125,758
137,701
86,331
141,485
125,896
52,534
27,692
187,22
14,621
52,882
167,674
100,324
168,838
114,702
80,980
42,348
110,603
91,190
21,311
197,49
174,826
56,504
159,840
138,114
113,322
177,191
134,934
96,360
65,635
105,67
84,118
198,535
121,39
179,617
195,418
34,144
91,663
163,515
73,812
27,319
104,643
110,717
89,831
135,936
161,300
199,354
95,938
116,272
137,429
79,980
173,862
2,839
17,392
195,272
162,108
29,202
104,161
108,654
107,902
100,410
139,987
81,429
77,4
49,556
3,880
103,170
99,798
2,304
113,105
153,893
34,241
109,276
142,70
113,882
186,783
168,225
184,793
91,575
114,418
19,624
103,820
47,378
142,404
120,850
193,539
100,306
70,32
144,27
67,465
63,312
100,539
94,792
126,228
170,149
172,304
164,117
48,7
145,220
22,741
174,206
115,724
21,756
140,313
37,275
187,613
139,578
198,457
194,809
88,546
83,207
166,422
12,322
23,672
41,302
56,919
96,204
135,929
196,724
182,320
187,983
123,777
15,505
131,775
83,956
104,168
164,899
176,566
159,745
72,706
111,470
95,151
6,718
111,574
183,522
182,122
180,699
80,991
93,424
154,253
89,287
48,784
167,842
35,116
153,616
77,516
116,259
16,45
34,685
90,826
68,549
183,840
122,10
50,228
37,786
23,267
175,320
149,598
40,218
168,368
7,977
198,300
141,743
68,48
76,877
61,79
51,895
18,842
27,504
133,140
29,939
110,665
81,101
142,513
118,632
124,380
99,237
34,527
97,683
37,880
191,461
184,295
49,120
22,63
175,950
46,382
29,160
122,988
152,374
48,208
44,746
143,397
169,371
108,874
152,565
128,390
166,177
39,37
52,567
87,438
49,939
101,974
115,713
136,842
14,958
145,801
138,756
18,604
81,992
62,878
44,412
76,586
36,645
185,319
109,515
98,449
12,11
42,430
109,980
17,171
195,703
131,994
197,543
103,991
8,183
128,819
110,859
136,273
65,185
24,170
104,13
27,851
157,834
6,62
34,166
75,320
19,314
183,826
11,223
31,41
193,539
27,604
31,756
148,110
194,428
10,899
198,80
179,233
30,629
32,270
43,967
197,804
15,258
30,618
12,977
145,645
118,237
103,763
27,265
115,82
135,156
107,960
62,427
74,783
43,973
113,457
3,818
108,76
49,644
154,614
142,825
114,139
41,629
176,512
183,486
26,731
74,584
66,480
70,462
179,31
29,914
132,822
101,224
67,626
10,126
24,484
17,213
89,937
26,463
156,725
118,496
144,931
99,864
93,658
83,801
69,478
144,600
172,156
99,526
38,814
193,137
109,658
104,985
58,219
29,101
198,25
18,31
161,321
11,386
61,850
36,448
166,636
187,238
102,368
123,221
43,608
84,350
127,366
3,37
159,939
8,685
35,9
105,837
142,543
6,897
27,845
194,712
44,571
161,403
75,826
18,949
154,163
22,406
152,177
166,852
165,612
161,25
54,57
80,165
159,50
68,537
165,764
45,105
31,240
48,138
96,116
173,919
38,390
138,789
171,604
107,221
46,503
154,975
115,696
165,11
50,393
119,976
127,446
141,474
104,187
131,123
183,447
114,393
83,245
108,758
137,331
127,91
17,245
105,930
64,814
38,720
63,342
172,329
137,289
149,496
120,684
25,611
146,300
18,282
125,922
14,311
199,667
199,215
198,974
132,712
187,828
17,394
124,367
108,575
196,952
70,425
9,294
82,112
169,128
103,699
97,376
103,861
190,227
200,532
98,495
199,409
58,390
182,701
109,378
146,823
15,159
156,793
40,170
61,135
102,175
17,422
102,12
41,696
129,564
8,271
81,524
136,203
5,107
45,320
179,936
198,560
30,50
188,592
25,638
51,736
19,636
28,670
140,458
119,931
160,974
3,420
46,474
103,228
182,151
85,983
125,708
5,94
125,325
48,585
175,294
145,752
72,432
43,911
27,784
19,673
169,184
103,966
91,579
130,432
67,725
70,394
41,174
84,817
119,594
136,786
14,795
16,495
65,539
199,400
22,949
45,612
125,728
101,35
164,121
181,203
129,441
163,838
7,481
100,261
135,500
8,181
46,120
145,545
44,29
158,222
149,436
15,83
144,920
192,766
27,568
191,160
121,754
74,230
141,27
168,728
33,829
29,824
92,577
1,481
95,578
191,58
129,551
117,439
142,74
14,79
148,730
135,933
34,620
97,494
28,669
155,336
168,50
126,23
89,930
100,886
84,464
90,101
75,728
171,107
79,998
192,157
182,57
180,425
20,531
197,185
12,88
11,321
123,77
81,962
108,823
197,277
122,801
19,31
92,452
56,633
167,401
49,362
106,402
57,37
25,2
80,306
130,314
103,109
103,20
171,657
190,238
86,231
120,690
96,426
185,228
88,589
99,560
136,416
138,524
156,690
194,529
89,655
106,759
45,958
163,501
200,973
176,286
37,968
18,969
90,708
175,3
118,664
36,211
11,190
92,161
111,473
135,65
109,761
155,882
109,52
91,896
19,413
147,3
48,324
161,783
140,457
177,336
93,712
87,521
194,140
41,992
160,510
150,773
123,718
181,192
62,734
148,973
45,300
174,123
142,967
127,630
169,766
4,685
182,715
170,18
83,369
3,976
113,576
125,822
108,693
94,965
34,450
58,505
93,458
166,874
153,876
23,797
87,189
13,316
58,245
101,120
124,767
115,975
158,974
65,520
120,132
122,54
113,441
20,70
3,384
186,820
131,176
49,208
184,198
110,829
198,7
4,374
51,288
96,367
136,7
85,780
115,639
4,435
164,538
4,348
142,792
26,237
138,183
161,765
100,395
47,229
8,900
35,762
57,558
178,448
10,598
144,88
24,581
175,789
101,297
197,975
88,281
25,829
24,851
55,195
75,648
194,689
52,269
85,359
96,988
192,458
21,588
125,430
53,488
133,352
39,338
107,474
39,971
68,932
50,156
33,18
17,739
102,388
19,289
100,386
156,247
140,839
193,78
85,422
80,403
64,494
160,849
48,638
106,771
11,456
163,200
109,184
97,877
193,989
196,356
29,376
59,830
8,797
194,365
65,741
161,44
16,429
28,721
90,87
101,499
27,869
166,865
35,954
92,196
148,74
184,863
154,685
65,146
196,559
36,552
131,7
116,485
22,809
96,798
69,126
189,774
92,572
64,492
71,426
43,634
109,850
141,875
64,908
175,792
177,675
56,465
7,57
189,338
175,774
134,695
118,108
43,148
87,823
196,173
160,102
33,480
107,902
134,250
36,167
136,493
31,610
112,949
160,662
96,806
61,113
174,31
176,228
169,304
67,746
100,917
64,738
162,648
187,796
111,342
92,331
163,17
68,613
200,956
49,929
76,649
35,918
119,693
147,902
118,539
100,161
184,379
120,175
86,740
181,561
113,713
187,689
199,474
37,973
30,378
144,547
59,912
178,749
43,879
131,618
151,780
88,591
23,697
96,731
130,769
197,158
140,666
2,240
193,105
96,786
84,350
172,709
6,420
75,846
22,707
114,62
160,393
145,955
5,234
179,702
84,109
40,508
79,237
80,232
31,885
63,582
130,5
196,918
137,16
59,883
112,490
135,514
104,351
50,34
136,941
125,217
45,716
176,530
119,869
131,885
11,284
128,982
164,512
162,314
49,689
141,773
152,551
32,288
79,236
77,971
119,617
46,578
194,996
126,189
195,35
159,841
65,228
34,56
76,521
190,54
100,67
132,909
131,768
77,460
104,605
115,935
181,294
4,157
75,491
89,152
79,430
66,941
113,428
12,251
90,643
112,500
102,83
11,868
31,921
18,18
103,304
70,731
177,971
27,560
78,282
121,466
152,732
143,307
87,330
119,209
5,660
134,820
48,279
109,575
51,623
93,401
193,758
67,797
151,580
146,516
177,842
46,365
89,337
154,483
11,451
167,946
13,151
154,248
147,183
74,301
111,169
112,528
112,612
30,378
103,106
180,789
26,206
55,889
22,673
66,937
78,715
182,455
144,557
75,591
27,435
50,681
196,570
121,392
28,835
41,654
102,773
26,462
149,505
161,579
48,976
60,948
121,814
101,150
166,107
103,984
103,6
106,44
19,672
196,617
108,308
56,244
117,730
76,292
82,887
82,723
75,106
184,534
79,44
125,719
131,971
184,677
176,231
69,881
45,199
143,217
95,790
34,543
39,15
68,486
66,287
119,414
60,806
135,460
29,554
195,806
58,439
174,233
119,513
24,706
72,75
60,635
79,223
153,622
123,647
155,765
106,10
19,326
193,85
158,414
88,855
54,697
30,329
89,575
143,918
30,430
155,25
151,752
50,731
47,538
122,477
8,814
6,738
123,383
182,281
30,361
62,771
44,491
106,291
28,414
99,21
162,571
76,238
94,313
161,217
15,861
94,811
114,189
88,31
1,352
24,499
199,997
190,615
179,826
139,918
36,574
190,883
121,474
99,222
5,600
63,438
143,867
99,264
160,869
138,36
69,259
72,185
42,901
114,733
192,134
189,884
62,802
158,565
18,661
136,126
63,87
24,859
123,921
154,207
176,373
42,50
148,251
17,699
68,32
104,837
188,135
150,16
171,702
155,547
195,103
27,782
60,77
158,246
150,743
24,46
39,237
199,654
198,686
25,844
84,933
158,689
147,162
158,354
131,62
133,959
117,56
137,576
174,770
143,7
5,28
16,205
50,266
95,56
108,105
191,967
85,825
108,136
161,360
141,830
200,624
144,370
54,705
72,767
82,511
22,1000
47,617
71,93
155,696
84,488
25,104
74,430
187,212
197,184
179,340
153,305
129,740
122,527
43,389
71,385
76,141
49,893
147,133
52,492
81,998
8,46
67,420
144,180
141,161
63,370
53,158
161,420
12,638
47,402
138,3
70,412
27,283
106,505
54,767
40,661
11,410
15,835
3,753
95,885
53,709
114,100
159,949
47,985
117,780
78,680
76,713
184,791
134,813
91,401
37,570
168,994
188,405
79,487
41,685
102,663
165,377
167,328
10,985
118,90
139,219
24,736
31,35
34,525
133,378
74,785
34,862
163,49
165,618
163,691
90,282
40,155
78,664
163,661
157,902
78,835
84,198
188,372
178,467
31,15
93,397
63,948
126,933
30,309
122,38
151,136
70,553
148,615
31,963
25,863
127,33
74,186
26,201
86,922
127,872
177,812
103,942
158,601
135,934
133,688
198,844
104,506
64,315
20,55
177,749
12,338
168,355
35,492
178,426
149,644
187,592
166,610
9,721
84,206
76,428
49,676
29,173
150,548
45,192
187,431
194,379
43,309
173,869
54,12
45,933
40,874
75,887
65,682
87,762
87,822
49,66
173,508
2,432
5,179
62,921
142,678
9,67
199,717
116,27
86,53
56,28
51,818
85,735
185,254
5,899
106,274
162,647
32,478
55,404
22,743
73,474
108,748
133,800
199,366
117,108
181,119
136,734
161,624
112,841
124,458
121,470
89,967
193,2
161,679
165,819
97,952
111,855
92,541
98,820
35,27
182,993
106,916
130,728
69,518
63,764
26,603
175,3
199,813
26,911
125,371
113,295
36,623
70,46
93,122
131,253
13,409
119,734
104,454
134,899
134,76
139,177
139,130
77,376
98,782
191,564
28,299
169,51
46,491
140,605
89,222
196,116
16,247
127,611
61,317
149,941
171,179
69,547
167,557
142,725
121,157
176,203
43,758
189,177
95,829
67,818
105,362
93,5
185,457
136,880
141,769
31,322
37,1000
97,277
174,450
75,49
61,539
199,774
80,53
138,435
82,814
139,457
28,34
94,474
150,705
180,959
150,955
180,917
128,159
11,673
38,867
6,846
140,367
3,333
142,385
106,387
52,972
60,605
122,31
36,378
25,681
15,990
171,970
78,446
200,238
42,721
22,543
143,625
94,456
130,435
104,472
176,832
115,353
156,350
52,901
94,588
57,711
54,283
86,817
146,482
115,552
80,103
191,337
192,818
66,270
124,499
10,308
155,678
13,609
144,120
134,215
173,680
105,974
111,160
109,734
168,184
132,683
23,659
184,550
5,791
136,282
90,446
5,738
48,560
157,995
4,164
68,448
49,416
86,761
148,564
131,653
196,440
181,449
93,908
121,54
193,576
16,553
182,652
184,91
3,566
92,793
65,842
142,895
80,585
100,594
139,643
106,358
86,250
194,142
174,512
109,54
32,323
180,948
185,821
25,899
162,204
89,194
4,633
72,836
153,324
132,569
166,346
154,675
78,568
84,802
144,878
37,455
76,588
93,816
17,181
97,229
65,654
32,567
28,112
180,898
100,262
172,559
179,147
180,55
145,29
133,339
88,480
41,372
103,432
6,822
59,487
35,935
125,992
19,453
36,164
148,850
118,822
102,523
70,681
171,840
127,661
91,202
120,943
2,750
102,726
34,822
182,66
175,517
167,974
16,274
144,292
62,260
49,520
160,864
54,534
195,352
184,682
184,130
27,555
43,789
140,750
26,650
42,736
133,894
83,299
95,118
22,652
30,608
3,518
23,716
105,965
145,880
25,794
184,693
106,398
192,499
37,79
120,302
194,45
192,286
48,118
187,293
198,120
107,938
158,43
93,914
189,191
99,63
38,969
34,520
38,798
2,340
80,987
72,952
168,687
68,753
107,24
79,410
159,809
21,349
100,825
34,135
160,309
55,433
153,772
11,118
29,936
152,211
75,878
101,83
45,114
19,982
120,595
123,546
98,885
129,928
21,144
150,396
197,794
8,386
136,820
145,430
184,894
73,827
42,954
118,65
122,127
55,568
130,355
156,93
22,171
186,286
161,648
102,763
80,937
5,20
165,14
55,243
83,667
146,133
91,645
43,232
134,485
145,160
42,632
49,578
47,192
21,294
170,958
1,278
57,449
65,902
127,822
182,264
102,37
121,26
32,112
107,175
150,170
181,913
92,639
133,8
20,382
14,962
22,694
151,712
197,41
64,180
53,921
121,410
58,959
166,577
195,500
184,171
162,594
192,138
94,224
174,797
8,346
21,802
60,61
179,522
149,155
16,799
37,981
154,923
4,121
135,835
145,785
96,668
17,488
31,26
35,948
31,783
19,605
112,661
21,163
8,67
178,288
70,534
53,567
169,176
100,33
103,882
69,320
140,413
14,501
67,10
14,55
186,779
23,306
58,573
134,846
44,849
176,764
33,510
43,154
118,371
66,785
96,550
111,33
3,774
138,923
36,697
182,852
54,458
190,616
188,667
81,229
191,945
13,300
60,264
117,24
7,994
153,535
76,160
82,785
119,669
19,738
80,673
19,28
100,692
49,251
94,422
185,583
159,572
142,438
102,920
51,708
132,55
48,26
60,361
154,528
47,923
7,73
93,388
5,519
11,386
27,169
98,971
6,141
198,965
192,315
163,735
83,865
199,126
14,770
164,461
155,316
66,611
55,890
192,72
60,825
103,957
144,685
12,796
1,399
169,610
111,612
154,148
143,902
55,446
78,965
137,295
185,728
190,178
49,530
20,642
19,318
88,39
142,204
88,715
60,326
5,554
2,737
18,528
113,606
166,194
110,159
100,399
81,24
188,524
37,497
39,187
16,433
111,689
25,51
170,360
61,22
149,767
125,992
136,244
54,90
139,66
65,171
159,506
69,982
196,406
33,559
102,525
109,611
155,257
1,403
163,66
41,60
32,861
179,79
114,673
145,86
172,703
25,984
20,401
65,466
192,391
137,701
47,433
50,455
30,677
125,873
152,43
67,628
58,937
108,520
70,625
170,64
47,758
139,332
123,119
140,306
198,476
125,499
110,370
50,454
128,209
28,228
133,612
194,878
34,389
160,709
164,743
192,813
141,997
130,378
43,772
143,110
6,32
122,436
40,166
6,419
134,375
44,193
50,156
165,139
180,713
12,340
179,659
155,732
109,932
72,363
53,965
16,848
108,358
75,392
106,347
12,304
35,414
33,783
13,643
190,900
55,439
69,481
100,955
54,281
127,355
189,3
50,868
16,22
58,712
27,317
79,561
190,734
54,843
198,428
9,8
115,368
78,681
48,129
142,409
95,122
133,827
192,281
122,950
150,276
181,356
123,545
93,546
22,558
10,942
159,645
166,399
31,657
132,804
39,69
24,591
37,911
108,133
25,22
138,453
172,29
160,475
23,778
197,331
61,681
166,676
67,594
16,319
197,425
122,228
63,454
149,722
53,246
22,692
130,106
107,820
119,837
138,928
25,713
59,636
41,774
42,129
63,222
98,145
58,762
46,683
162,525
159,678
31,209
24,77
63,704
84,975
166,732
112,673
40,514
25,608
131,746
134,420
30,199
32,52
118,70
38,669
143,16
36,392
190,73
151,634
195,284
183,994
115,800
116,144
18,31
112,682
99,512
110,819
162,516
55,496
118,784
99,182
7,749
80,702
141,622
143,303
131,955
162,737
178,47
175,33
170,375
89,323
58,225
151,62
198,519
140,720
102,262
134,671
164,788
186,156
107,483
4,165
125,998
199,924
37,885
70,110
145,114
121,492
6,731
64,696
115,597
98,100
53,956
142,341
104,592
150,694
174,504
125,900
158,328
177,325
59,105
76,989
14,445
124,579
117,102
72,727
139,612
24,341
20,663
58,571
114,811
80,390
132,298
158,550
179,335
82,576
143,523
127,389
24,887
71,368
94,63
11,136
186,730
140,47
109,857
93,777
129,881
140,793
56,338
143,478
12,513
190,345
171,740
77,741
62,253
64,707
40,261
186,941
115,598
198,266
91,122
102,752
159,335
88,69
106,415
188,395
85,936
166,314
2,196
99,372
196,481
188,80
85,258
184,33
49,480
92,343
159,649
68,783
135,616
3,842
125,854
153,849
200,828
56,515
38,238
165,88
170,984
114,18
169,993
111,551
70,77
67,465
138,215
124,53
33,377
173,49
152,362
92,40
132,116
59,462
24,948
119,124
71,631
121,90
191,383
117,755
138,714
192,919
90,542
196,571
200,895
144,480
171,387
54,731
31,120
139,488
150,156
118,248
115,471
90,260
163,686
192,650
109,627
12,538
167,481
96,202
122,475
158,915
10,60
67,660
109,207
22,939
126,666
151,823
180,739
19,985
136,373
10,623
175,357
124,902
10,711
23,924
100,79
159,314
5,761
31,130
30,39
115,227
195,800
166,324
192,866
193,669
91,938
13,726
67,528
45,732
194,745
190,859
183,707
101,946
15,253
21,747
159,958
1,667
88,185
149,342
61,318
156,504
152,942
151,633
86,849
130,245
112,229
123,281
77,266
88,832
176,207
149,236
49,684
166,510
103,782
169,999
141,762
39,856
89,376
158,893
198,727
171,170
153,387
30,354
34,101
144,682
34,358
134,520
43,793
105,376
15,877
49,368
26,671
129,204
51,376
77,1000
49,778
54,541
169,680
172,638
192,436
4,573
161,727
92,883
180,380
167,549
197,203
40,80
132,98
14,809
180,486
39,598
166,883
50,429
192,43
77,742
165,913
21,386
150,748
162,553
171,905
145,707
171,223
32,640
91,65
79,207
200,8
139,501
60,913
193,182
77,971
118,844
183,568
99,430
119,32
173,530
173,861
3,307
129,984
98,612
31,155
156,325
87,750
97,312
36,388
105,701
140,768
171,505
127,134
56,748
114,382
134,509
155,439
53,785
151,119
16,356
126,304
131,618
169,656
166,544
70,311
100,989
109,193
106,257
64,805
8,84
174,283
27,358
3,401
44,246
135,764
156,532
151,136
153,947
186,590
162,514
183,493
80,732
43,944
62,474
82,668
164,257
83,451
174,963
184,657
111,453
141,887
76,922
200,639
138,819
26,14
185,678
12,787
147,157
177,523
21,988
64,555
92,556
55,532
116,42
180,470
86,539
19,147
34,532
123,556
79,600
170,728
182,301
37,236
28,691
52,359
194,828
137,140
145,866
154,826
177,665
72,219
119,88
99,975
17,60
54,488
95,336
86,738
107,601
126,973
108,645
22,227
165,844
68,798
102,417
149,338
60,255
173,766
7,403
146,723
40,430
156,516
47,709
180,948
57,667
32,385
26,381
173,585
180,438
87,78
150,568
173,742
11,870
183,815
185,444
183,382
157,453
194,947
142,433
110,962
79,527
6,448
87,157
116,12
136,109
7,558
139,246
170,63
45,506
187,834
125,850
98,894
80,943
20,166
7,928
97,229
39,244
146,434
97,785
196,890
131,200
71,361
172,874
143,21
25,756
29,68
85,457
65,935
114,991
122,733
14,832
139,567
7,216
21,509
8,921
84,986
95,237
10,73
126,687
190,415
126,448
12,102
148,845
169,236
114,227
53,193
65,487
31,790
109,826
158,125
10,679
187,995
147,829
149,707
194,327
58,109
173,722
126,929
60,611
23,908
71,526
41,51
184,668
109,523
127,222
133,732
100,49
93,381
169,535
146,961
101,920
175,933
144,928
156,614
79,462
155,966
19,348
170,850
75,795
180,43
109,709
180,252
161,287
180,768
140,630
44,707
54,513
64,78
76,470
141,586
95,26
14,324
10,152
177,12
115,79
155,449
111,28
101,730
39,145
175,695
101,567
54,436
150,494
65,985
27,732
3,420
191,708
12,302
170,371
87,103
108,615
121,834
45,800
200,268
18,203
45,928
53,403
29,301
148,163
88,465
14,458
83,139
152,652
43,686
157,363
176,554
46,460
168,731
71,895
59,99
6,626
158,440
165,151
56,768
149,759
21,806
47,919
87,346
111,598
98,862
137,256
76,794
105,385
115,698
71,917
127,925
19,936
9,505
79,605
81,310
152,627
181,754
26,632
167,667
31,723
113,232
31,880
103,900
175,155
112,803
101,152
101,825
42,261
60,801
30,507
182,293
93,166
104,851
66,663
125,650
74,133
192,294
133,964
118,680
134,384
65,864
69,362
157,709
84,177
147,774
175,347
80,16
123,743
29,796
167,320
45,468
75,724
103,362
198,126
166,515
19,429
182,945
117,283
34,953
175,945
140,556
114,740
101,415
131,682
10,322
58,115
165,762
161,20
68,876
163,952
124,551
95,24
58,706
79,787
95,978
38,572
30,460
164,444
87,160
179,190
3,800
188,175
186,414
20,745
7,68
8,725
12,712
42,978
169,247
21,440
150,85
171,159
43,614
198,76
19,834
114,1
81,331
27,998
29,187
91,624
68,781
51,491
162,368
108,6
70,751
125,269
74,776
176,406
103,29
114,630
114,401
139,810
61,260
109,721
70,875
194,598
51,839
159,399
144,457
195,118
78,525
26,518
146,82
157,82
26,63
13,702
100,822
72,287
131,695
140,29
157,47
185,369
168,274
170,469
199,216
113,812
53,981
165,373
115,387
42,180
177,926
111,524
7,725
196,85
86,970
70,457
162,672
115,217
167,368
101,760
113,15
86,33
6,266
44,692
94,459
48,497
20,288
149,380
75,292
100,343
43,954
24,221
165,805
107,609
168,952
111,629
160,506
154,465
50,358
57,329
104,861
50,375
53,653
6,299
194,766
79,542
128,846
158,240
181,783
97,304
119,62
59,487
157,827
47,19
7,288
22,783
141,857
143,621
21,387
63,446
35,281
100,67
19,272
114,52
39,854
85,264
79,607
135,321
140,135
184,541
170,867
106,788
120,339
81,919
166,659
44,682
40,26
123,263
149,362
21,19
152,497
16,923
57,835
122,92
178,496
160,918
161,695
176,582
189,556
78,288
182,553
77,213
112,799
65,305
46,303
62,455
23,50
110,684
22,595
106,108
44,693
26,900
69,554
38,221
132,542
172,286
78,299
43,70
18,423
36,737
189,955
6,692
103,53
77,186
98,229
75,694
67,112
200,395
1,788
153,267
131,174
143,760
82,470
63,965
134,369
67,535
6,506
12,202
132,846
71,886
191,766
92,423
105,166
119,242
146,802
25,882
179,378
161,82
129,92
24,805
21,448
183,24
186,699
91,969
119,734
122,852
91,288
198,892
195,868
78,353
80,724
88,121
20,825
72,954
63,304
31,59
137,517
29,868
34,256
20,351
122,128
169,712
120,294
31,785
98,449
102,801
48,803
107,641
174,822
46,743
128,481
127,199
82,569
162,605
193,622
153,815
195,942
31,462
15,691
48,512
6,403
172,767
35,42
180,744
46,468
100,987
85,805
35,816
75,566
62,457
3,375
65,424
84,931
123,986
144,272
77,357
95,437
69,247
144,555
37,335
37,677
16,942
170,696
195,867
103,981
53,215
23,135
163,789
49,837
146,506
194,40
57,652
119,148
11,809
44,411
114,587
165,173
139,575
58,322
10,995
71,956
54,207
27,997
42,459
172,874
146,537
127,648
38,853
159,599
91,519
127,833
8,501
73,878
44,772
136,810
84,733
45,185
119,366
123,879
65,420
190,143
54,956
85,57
27,505
41,559
136,850
63,54
167,209
54,147
148,663
41,872
3,96
185,54
79,907
152,97
178,127
183,882
171,404
191,464
152,288
177,584
71,355
65,959
119,362
24,244
149,81
127,821
181,185
100,913
43,3
36,624
116,802
130,181
8,2
174,784
134,848
27,47
132,369
55,729
97,813
44,713
101,893
102,736
42,597
163,978
82,130
79,945
86,622
178,126
65,46
88,251
132,320
194,944
35,733
39,223
148,328
52,954
12,304
71,924
108,768
153,524
183,770
140,791
49,738
48,161
92,142
67,54
46,962
174,666
82,755
163,368
40,852
38,468
72,261
149,263
157,859
61,968
121,32
117,214
145,45
29,396
140,779
180,81
175,535
13,233
71,801
127,985
49,258
143,823
75,18
32,679
92,798
115,887
15,405
28,418
173,188
53,259
66,952
147,780
127,408
200,375
69,892
154,971
110,162
180,954
99,589
63,893
111,231
105,584
176,891
183,473
114,829
107,938
126,521
112,85
122,305
186,225
38,697
161,173
164,90
179,503
48,219
68,376
172,648
23,134
47,43
77,467
135,310
54,176
99,658
152,875
183,817
43,183
52,295
163,874
176,596
140,787
70,700
125,313
130,584
25,706
129,577
171,764
120,578
115,10
26,497
44,76
11,412
73,635
145,12
168,819
177,377
190,174
47,859
172,320
60,615
165,664
104,589
128,979
33,606
39,748
176,146
193,943
199,852
81,981
183,167
108,510
185,642
48,963
93,294
114,869
160,660
122,730
132,506
133,633
139,472
137,73
88,475
79,102
91,871
27,804
86,871
83,834
97,974
145,735
133,579
10,559
97,300
174,908
108,44
34,153
39,913
195,687
129,153
45,41
177,604
50,267
194,347
50,442
68,428
12,602
127,128
148,824
57,226
32,995
62,40
8,883
129,854
181,140
157,64
166,16
142,551
81,641
110,358
170,174
177,729
133,670
29,472
83,417
93,976
105,621
187,621
9,189
76,484
131,363
39,961
129,144
32,684
9,829
187,235
103,939
14,197
84,816
88,58
124,994
192,748
158,961
153,439
153,499
57,198
48,735
114,675
186,312
197,793
186,442
78,665
126,599
16,135
12,4
173,405
91,465
63,156
32,220
49,494
20,620
12,506
45,165
126,633
50,878
59,97
167,823
89,246
187,473
185,476
168,911
43,417
164,955
132,239
38,278
92,485
5,735
54,45
36,771
134,311
162,347
198,902
12,123
43,275
115,955
67,797
185,283
164,210
128,684
137,397
26,670
47,121
189,525
173,629
106,443
4,120
38,243
100,735
184,46
24,162
136,988
27,258
56,421
161,973
123,485
153,812
150,908
174,926
66,732
166,302
107,760
65,143
14,396
103,146
109,83
160,451
105,550
186,33
30,603
160,223
64,781
99,485
116,775
148,258
23,338
146,562
149,454
160,116
178,247
120,219
68,661
38,584
11,345
94,491
43,284
173,711
15,77
149,568
17,646
105,804
93,287
27,650
32,870
109,818
87,650
19,317
192,466
104,787
166,309
29,573
153,973
51,230
73,660
13,438
42,446
142,93
122,989
71,806
28,243
12,333
14,617
117,518
79,377
4,390
200,80
41,884
118,320
114,960
77,483
142,300
92,105
22,704
141,450
15,875
1,398
119,627
24,327
121,122
136,242
9,987
192,457
15,594
142,356
115,981
82,31
24,102
43,980
50,609
170,904
43,618
7,766
65,263
195,962
113,202
143,284
99,516
11,422
181,47
163,613
106,570
5,679
51,781
134,874
189,671
31,406
157,374
68,707
64,840
48,695
50,400
104,506
186,23
8,454
188,616
58,751
141,608
95,354
93,551
148,25
10,943
136,203
83,866
125,820
106,457
144,459
123,436
84,108
95,249
188,284
57,989
145,467
131,820
170,848
92,516
62,558
47,333
171,493
110,971
133,435
190,464
103,886
86,376
36,645
35,660
161,322
64,978
63,254
75,200
154,802
168,728
108,140
152,434
48,341
64,677
4,568
77,673
196,905
129,375
67,914
13,12
133,441
132,856
123,303
36,972
31,482
154,791
4,497
175,812
13,664
4,738
170,400
144,310
59,287
78,176
94,774
145,417
13,55
68,289
138,102
151,893
38,197
67,683
36,846
165,364
55,728
182,198
142,210
144,586
127,5
48,505
197,718
70,204
200,348
164,839
145,496
199,880
143,642
146,805
85,761
105,585
152,164
99,547
96,45
84,206
101,4
186,664
3,836
27,52
114,654
180,318
19,211
119,407
119,214
74,880
119,167
115,921
116,745
109,302
111,816
131,754
143,618
85,640
78,220
187,665
199,289
67,80
36,224
189,366
192,339
133,535
20,495
96,785
109,743
120,384
15,272
140,83
146,714
108,713
181,197
66,107
177,676
11,120
23,151
101,586
171,199
90,84
44,610
38,886
145,3
55,94
15,127
12,118
165,848
25,266
140,28
150,430
184,12
134,343
16,244
113,39
147,429
94,510
140,841
187,195
188,162
15,807
162,908
73,392
30,546
84,9
183,943
118,445
24,814
139,785
96,550
160,675
31,873
188,460
110,104
91,588
148,182
153,431
164,348
88,806
48,702
87,994
121,466
97,477
158,266
46,910
13,62
33,885
18,483
123,862
122,25
55,409
65,65
33,516
75,916
88,645
90,981
12,653
167,830
24,991
170,121
135,197
49,630
154,547
45,561
183,774
42,894
101,455
79,158
56,99
14,885
113,538
115,533
184,975
94,601
161,917
73,196
59,85
31,778
119,63
150,407
124,84
154,521
157,239
92,453
145,391
128,75
100,114
116,747
190,627
133,668
84,852
139,950
181,377
178,488
174,842
59,480
170,372
15,790
102,713
149,196
78,401
183,906
181,217
61,973
12,389
191,315
6,396
96,772
88,251
75,742
162,306
27,913
183,77
23,58
180,637
150,927
65,670
52,46
16,236
90,853
131,173
124,470
180,778
175,721
167,382
34,691
19,91
18,779
6,443
109,824
104,659
34,919
141,626
64,558
143,819
19,167
83,998
119,608
101,202
62,532
125,798
179,710
56,354
186,519
55,257
138,128
166,688
105,165
39,322
192,905
106,373
62,601
163,56
141,398
182,539
131,366
115,17
72,349
113,729
78,489
153,283
165,843
157,548
22,602
166,591
41,493
191,133
187,857
171,952
91,511
198,969
197,969
131,789
2,804
131,263
50,477
162,288
200,785
139,700
128,928
10,193
31,73
75,500
49,74
178,279
168,797
132,968
1,685
50,272
30,285
166,314
13,754
54,954
137,581
24,723
2,494
71,258
158,143
196,834
32,971
39,565
88,934
189,207
123,771
120,276
107,855
68,986
183,419
48,906
192,449
169,577
156,594
61,632
29,603
77,496
143,625
148,458
195,930
92,432
159,158
38,419
74,705
185,532
160,872
185,555
148,607
188,713
78,716
58,889
96,260
121,643
120,968
56,630
194,201
62,100
1,288
45,395
86,994
186,583
2,694
69,469
89,380
120,84
88,208
5,678
51,412
33,333
6,645
111,875
166,354
116,92
43,243
8,719
106,292
186,601
38,766
15,757
198,531
42,37
40,677
156,263
91,40
46,396
182,539
94,776
121,578
11,177
153,742
54,198
32,402
171,818
84,862
195,579
118,325
173,163
65,997
106,99
115,710
37,309
200,501
103,590
148,409
120,36
25,864
11,708
12,204
100,856
67,271
110,725
193,746
33,162
10,375
115,298
107,234
84,256
94,311
186,113
171,896
10,23
60,60
19,405
100,85
30,173
5,694
77,869
52,903
179,285
148,318
185,863
187,788
84,231
40,81
196,714
15,704
44,785
120,467
74,225
118,582
141,124
99,668
80,5
182,726
123,219
42,122
147,336
24,59
88,295
58,512
26,874
80,875
18,986
180,645
154,800
36,606
194,663
8,838
77,454
97,826
179,872
49,475
163,197
198,234
155,464
134,859
78,377
70,698
156,649
94,421
28,440
163,949
9,459
1,851
57,452
187,569
187,350
118,216
191,77
197,98
12,623
51,696
195,485
110,512
154,630
148,692
61,361
185,295
7,230
183,161
34,422
59,223
28,487
56,278
89,654
133,359
180,768
100,149
186,670
45,214
152,320
92,367
118,945
183,190
29,88
92,79
151,329
87,355
182,10
88,885
150,837
114,83
159,766
61,819
119,248
67,48
54,21
121,535
184,950
105,691
92,553
162,394
61,71
11,879
19,559
88,175
81,13
27,238
151,654
166,798
190,683
7,821
116,471
25,663
45,933
152,269
74,988
139,452
140,186
38,563
188,351
145,35
22,585
24,87
195,430
175,822
7,982
125,837
90,267
9,673
188,266
138,567
61,183
10,407
3,363
199,381
22,314
72,753
28,606
96,245
17,128
3,229
115,823
51,477
61,989
62,17
57,887
103,808
117,902
180,407
94,967
142,851
120,605
16,307
81,818
78,248
134,894
62,30
31,731
47,417
151,427
11,257
137,311
108,166
14,419
60,39
134,311
97,720
194,192
123,18
155,240
117,99
20,611
131,179
34,35
147,767
200,725
175,324
144,914
130,932
128,466
141,879
42,846
21,676
138,522
32,980
112,913
118,619
187,699
147,813
33,740
45,556
6,701
177,246
100,259
97,101
24,542
188,106
127,532
45,618
91,238
37,496
20,135
173,596
82,850
72,19
173,524
18,549
56,177
127,52
138,787
72,347
107,433
156,39
100,721
78,219
4,360
185,777
69,829
65,676
147,684
70,93
153,587
57,157
183,73
182,567
97,769
107,70
83,110
159,94
108,780
55,279
149,113
71,351
190,862
23,273
70,993
153,111
94,579
179,161
151,134
149,711
148,484
38,627
107,364
150,320
143,684
47,353
62,620
151,295
70,596
149,230
165,785
66,549
100,763
40,985
154,576
177,368
128,702
103,999
151,582
195,188
155,574
96,550
45,223
30,59
7,683
26,705
187,533
26,919
191,952
136,575
126,128
69,901
147,418
141,391
199,800
96,199
40,769
37,927
127,711
131,861
184,185
90,271
184,431
65,461
68,478
151,261
154,501
173,551
161,911
123,17
39,591
80,918
168,853
55,971
149,876
60,818
87,829
83,648
62,600
80,393
79,695
111,132
78,85
116,989
190,564
109,175
6,202
133,455
168,473
45,231
62,88
200,865
56,648
175,980
104,672
158,416
132,419
95,118
189,366
157,599
36,531
93,542
23,593
18,193
29,154
120,444
153,655
34,973
3,708
101,179
164,878
171,929
172,942
52,545
57,996
182,283
165,186
72,16
27,671
147,417
13,720
116,138
73,401
178,341
129,970
98,242
181,66
80,516
153,538
50,727
62,267
69,242
46,296
121,155
119,702
23,43
76,992
74,932
153,64
72,77
159,246
84,383
74,796
148,47
178,593
83,669
94,198
114,665
42,836
40,827
11,127
125,859
29,580
109,972
156,175
107,548
37,912
40,216
164,213
104,755
129,391
154,650
151,529
11,843
84,317
69,3
147,752
164,125
85,662
126,934
119,814
144,742
169,52
165,901
119,936
91,928
3,284
50,362
140,466
182,30
89,998
159,82
66,848
183,196
48,956
182,302
92,275
160,416
82,804
189,298
76,46
55,264
129,242
102,272
167,18
30,315
184,580
200,7
177,846
149,118
58,373
83,481
70,810
41,407
123,286
178,796
88,265
56,649
171,467
191,602
166,507
115,680
16,695
198,211
162,89
80,366
179,744
56,253
5,780
57,876
40,147
140,243
160,797
34,743
128,949
196,502
17,157
171,97
3,294
6,848
21,774
27,245
92,26
120,521
2,807
170,737
3,316
152,484
145,442
120,844
53,114
195,18
40,647
145,389
117,708
75,930
175,234
195,630
167,335
71,337
157,919
97,429
127,705
188,777
91,160
63,975
145,764
199,586
178,429
64,155
171,751
39,411
179,744
71,162
131,832
68,970
79,8
26,451
57,740
166,173
75,920
77,843
77,557
98,660
58,91
21,276
182,421
112,77
180,422
162,930
55,854
97,665
196,464
197,638
27,320
9,496
77,560
186,792
96,452
138,230
112,697
38,980
13,967
127,487
61,551
137,330
66,172
35,148
67,683
181,496
167,148
32,917
108,985
153,361
16,851
12,976
82,49
5,639
150,890
159,932
197,556
56,421
66,737
200,862
133,991
109,759
120,758
94,519
183,863
45,54
187,239
71,294
106,237
153,778
81,794
142,331
159,853
84,97
62,787
158,269
43,598
91,472
69,658
90,681
166,685
134,661
156,119
136,561
134,735
155,920
199,643
79,739
115,268
173,745
141,943
1,243
107,430
9,660
21,718
17,985
1,857
89,877
46,629
183,511
67,979
142,147
155,695
156,936
51,751
47,921
72,395
168,29
76,283
105,265
25,944
154,118
66,670
195,696
102,975
134,561
135,702
111,649
139,59
23,499
125,737
48,914
54,675
180,387
1,14
104,768
106,140
133,857
179,200
142,202
12,693
52,708
84,332
56,308
119,887
124,605
132,811
137,11
138,354
197,935
114,64
38,814
77,59
59,978
105,407
159,411
149,432
147,402
174,803
199,350
160,915
126,455
120,325
189,869
133,240
47,216
34,792
147,971
25,830
161,263
73,202
185,866
58,664
68,718
31,264
39,72
153,788
172,948
55,417
114,520
104,711
9,326
157,219
175,321
178,917
126,957
21,722
28,327
75,637
97,820
198,189
40,418
199,725
49,130
52,883
26,216
192,100
80,595
145,352
24,855
87,919
146,777
13,314
164,64
108,425
58,942
4,401
174,869
195,21
11,59
170,522
67,945
166,833
116,683
158,214
110,667
151,778
181,927
104,866
3,69
146,88
9,25
78,315
165,888
18,831
103,792
150,248
39,184
102,233
129,855
27,899
36,370
152,12
164,705
185,275
68,444
162,965
127,761
16,81
140,54
74,439
70,846
124,461
135,946
200,720
145,171
155,790
133,15
61,530
14,554
47,105
189,116
199,600
106,335
17,210
53,566
114,359
161,900
2,975
172,239
192,609
178,461
109,955
99,647
162,263
125,887
105,854
133,345
87,607
32,656
200,645
46,562
38,755
200,979
24,273
104,269
44,872
111,987
132,472
24,709
169,873
144,775
85,128
34,580
76,224
66,524
29,318
162,240
104,889
78,778
199,679
191,27
77,487
168,928
42,56
166,708
102,408
179,827
128,613
43,750
62,896
72,680
32,913
41,485
119,673
85,53
184,377
84,478
69,716
59,339
188,42
97,675
7,619
168,834
16,387
31,20
138,754
67,748
199,348
16,929
30,513
152,961
163,338
149,265
52,97
172,432
197,577
177,474
12,763
166,933
155,816
42,237
153,592
127,579
10,793
155,693
141,756
179,389
184,358
55,539
135,833
180,887
39,495
1,258
6,178
39,271
123,387
38,279
173,990
67,853
82,617
25,755
138,555
176,179
98,174
154,168
107,502
172,598
195,436
193,347
67,730
75,550
48,567
185,114
4,117
133,698
183,238
32,785
126,990
141,981
104,136
132,177
20,658
5,834
59,578
137,476
14,671
64,963
198,680
93,220
189,238
14,564
62,351
52,178
123,480
115,209
192,453
115,199
55,61
78,432
98,651
98,211
146,55
161,584
14,755
8,874
86,835
190,591
200,528
81,596
89,880
147,284
120,950
91,808
55,560
17,269
195,548
177,933
173,5
106,518
83,522
165,42
89,930
113,290
91,239
67,795
85,931
177,226
105,521
129,335
149,342
77,551
168,52
48,65
157,402
81,506
198,226
42,953
40,463
180,896
167,734
117,22
2,675
96,878
86,997
3,500
25,817
75,285
10,1
37,821
93,478
87,562
87,46
2,412
89,344
162,293
127,927
92,527
129,867
90,270
154,197
189,793
18,866
47,863
187,417
136,36
12,24
27,980
113,654
137,718
186,126
38,642
168,86
15,382
23,999
158,666
173,501
185,956
88,223
120,185
147,286
78,181
57,64
109,843
12,763
45,854
140,832
50,121
155,290
173,5
23,436
11,212
5,678
131,75
22,514
153,728
137,436
54,634
44,186
167,149
152,746
120,968
107,428
94,701
173,774
45,876
59,761
100,987
53,241
38,220
79,162
151,781
155,107
25,432
48,143
184,477
153,333
94,264
119,420
175,905
193,177
42,148
30,851
162,480
128,626
138,349
174,421
28,674
174,78
8,786
75,557
106,252
95,384
79,956
133,655
18,663
45,970
193,11
147,681
187,229
119,820
111,129
141,314
22,691
145,361
93,929
69,868
125,212
132,11
96,870
191,871
60,626
48,376
74,617
184,672
75,434
71,139
44,986
113,889
184,762
95,535
87,512
176,886
34,740
131,493
174,151
26,739
5,414
133,911
94,462
30,280
71,597
173,1000
65,616
59,528
46,433
94,296
174,329
154,300
137,677
146,96
114,531
6,274
24,523
6,720
182,56
63,717
131,38
45,443
29,863
86,363
170,736
187,93
39,783
156,392
95,122
192,924
198,792
38,695
8,702
192,231
95,50
25,436
200,823
103,355
47,282
27,895
24,596
140,966
197,264
60,446
31,386
141,326
64,679
170,140
76,90
117,774
164,241
17,912
132,876
129,336
160,479
48,983
173,286
144,415
38,636
71,782
26,556
18,41
95,986
8,758
159,860
87,879
97,145
45,147
83,808
121,211
33,316
104,725
50,705
58,137
106,792
37,668
80,331
179,389
127,601
35,129
75,207
133,980
129,795
57,48
123,181
195,892
176,511
38,643
83,634
123,54
13,110
148,517
84,323
78,197
120,66
112,633
15,213
107,265
10,89
153,747
7,250
47,349
34,360
72,730
99,430
18,716
199,773
83,130
45,493
52,22
60,65
161,452
75,376
117,764
48,514
74,621
127,37
93,626
167,795
64,358
131,878
103,38
32,582
197,136
87,843
31,1000
90,428
87,461
179,491
189,960
191,355
14,81
109,710
140,171
90,832
99,257
43,631
3,880
192,947
182,717
29,757
152,84
128,89
172,903
64,939
188,347
177,358
108,123
101,469
57,925
104,437
165,37
2,866
175,484
35,343
29,82
181,962
163,64
192,190
149,977
70,703
84,962
21,528
108,485
82,186
178,457
27,691
142,214
114,84
109,54
3,823
94,455
13,277
134,927
47,980
61,359
90,538
134,234
36,287
72,337
58,280
151,568
8,353
188,632
146,977
174,5
175,542
96,139
41,254
183,980
200,473
152,73
198,84
76,713
176,267
62,782
53,12
130,606
60,820
193,714
13,425
22,406
199,900
57,424
176,817
184,921
62,833
71,254
80,643
150,241
176,610
172,73
45,60
174,80
145,334
77,174
176,685
146,847
161,496
7,233
195,85
79,244
22,536
56,74
94,723
60,228
167,385
152,732
136,141
198,199
150,738
158,118
28,622
182,291
142,748
111,510
125,763
104,582
152,999
26,254
117,338
11,905
67,744
184,137
141,976
98,248
128,569
28,835
69,666
194,938
147,188
52,502
77,893
60,798
170,23
156,430
150,985
109,337
162,873
163,450
163,587
142,850
130,762
17,371
178,413
149,30
151,679
11,573
100,788
90,73
128,326
30,928
163,624
171,778
176,702
197,393
94,908
57,178
170,300
152,814
13,208
10,972
146,744
86,648
158,504
155,870
11,428
156,761
60,697
50,972
185,433
105,866
6,11
174,869
192,205
35,98
81,540
51,363
90,655
115,299
122,893
75,87
131,201
139,365
45,385
78,31
118,55
141,226
4,522
179,818
20,21
15,608
132,92
67,296
95,929
90,392
100,938
99,90
94,658
52,646
146,588
74,180
181,272
14,637
66,184
11,520
138,992
14,223
143,324
200,220
102,270
188,216
94,498
151,506
92,239
26,605
170,470
199,25
173,413
133,873
156,175
97,558
156,553
69,193
3,389
42,657
147,485
111,482
198,545
104,101
18,222
39,945
43,561
84,557
46,938
30,177
11,340
164,148
124,888
109,425
126,775
74,942
13,76
169,999
35,291
21,687
23,165
163,172
13,799
118,581
26,998
49,86
50,200
37,105
160,252
9,713
27,979
148,382
113,291
148,320
79,123
65,370
42,140
47,566
151,14
25,205
193,155
127,56
114,9
112,656
154,672
93,698
177,792
37,105
86,343
172,99
110,853
86,250
106,461
158,723
87,322
21,714
188,926
165,377
60,303
174,121
153,145
52,728
81,893
117,805
73,637
99,362
156,327
36,390
114,796
129,554
62,353
95,965
62,154
44,186
54,40
195,116
71,198
77,94
122,327
25,728
114,783
57,441
39,569
54,355
11,536
47,628
31,694
156,11
115,621
200,797
132,245
59,138
128,766
83,281
7,689
36,326
87,601
91,608
34,465
156,577
80,689
19,334
104,710
25,584
156,408
146,749
71,961
171,993
151,854
48,685
46,922
99,624
16,594
125,622
87,423
113,396
87,125
9,782
192,6
72,874
148,377
175,188
74,669
113,92
73,212
44,824
64,92
69,742
51,93
117,564
199,450
77,851
164,81
180,532
17,263
53,490
67,60
114,496
129,160
7,131
60,827
95,856
15,782
183,751
186,258
100,965
162,929
21,63
17,250
154,770
171,589
90,293
73,487
67,920
111,547
72,604
49,698
131,100
83,739
85,460
4,655
14,692
55,613
62,362
173,768
55,493
188,582
92,306
124,566
154,109
60,195
126,381
77,752
139,50
181,931
83,358
51,663
166,147
130,7
66,917
97,208
169,411
153,943
95,596
69,274
127,100
88,260
43,915
36,793
193,963
133,30
61,536
75,652
165,233
105,290
170,614
152,954
148,574
42,412
25,320
133,991
38,90
115,717
41,868
59,355
50,451
95,604
151,114
74,108
68,154
57,892
63,476
13,285
156,960
48,606
163,545
157,578
16,975
71,516
58,980
12,596
187,444
158,370
90,778
78,559
12,123
111,788
45,236
175,744
36,50
119,976
58,569
56,512
172,447
22,607
121,678
54,888
67,512
2,715
10,485
177,769
132,298
72,164
84,728
173,545
38,675
156,365
144,596
171,580
3,127
160,968
112,577
106,901
111,769
155,77
12,375
196,815
156,414
130,885
34,415
71,91
31,243
186,699
39,650
106,208
105,697
123,71
4,625
169,571
63,232
104,199
88,650
43,712
198,993
23,192
192,195
196,742
66,952
179,556
90,164
107,437
170,934
80,331
79,875
75,750
56,735
120,602
67,412
181,58
158,403
67,360
173,576
122,627
30,762
36,759
121,194
116,926
100,814
12,24
190,550
139,719
181,108
155,558
177,898
13,589
60,385
27,256
27,991
188,340
48,646
9,953
47,201
58,321
173,609
19,516
178,431
21,741
52,591
93,832
47,146
71,641
88,893
37,1000
71,874
130,560
159,84
90,162
2,109
23,513
196,371
5,957
4,513
108,353
76,679
175,161
42,193
119,178
59,689
122,370
134,567
108,327
109,334
24,933
33,27
104,197
104,452
115,845
43,459
138,218
86,351
44,494
86,316
195,28
86,664
114,917
101,758
21,407
27,675
76,115
184,16
63,746
100,273
26,785
181,457
11,408
195,839
7,217
105,665
63,173
144,141
78,68
27,646
134,86
126,375
186,802
5,187
198,777
3,628
181,216
180,946
96,643
193,394
39,166
44,656
6,300
48,922
40,25
148,284
57,101
146,479
21,811
112,642
58,928
198,378
200,818
10,581
61,360
5,270
80,717
130,770
20,456
145,690
149,827
117,355
158,7
107,388
193,680
16,860
64,912
144,852
87,519
12,744
174,786
5,156
114,56
170,427
71,363
12,186
92,516
42,362
194,742
52,777
199,536
166,558
18,599
74,954
24,739
31,826
1,476
105,27
130,157
81,701
141,32
131,854
195,324
76,659
192,130
113,477
80,561
152,234
128,699
109,841
21,289
45,198
122,61
121,670
187,364
63,399
94,871
23,202
142,242
2,75
105,395
112,34
118,79
77,438
181,856
161,971
31,236
115,761
128,878
112,40
81,898
101,52
126,793
15,857
4,661
11,262
78,108
55,386
30,75
171,765
194,728
160,472
45,730
18,358
31,586
29,142
106,777
86,836
109,803
72,211
162,158
109,976
14,188
60,491
106,678
67,819
137,112
193,967
66,242
22,980
76,735
41,465
160,79
149,958
58,993
166,729
34,343
62,950
149,703
59,247
36,46
101,746
17,978
32,167
172,821
45,369
7,514
85,841
111,41
93,80
31,631
115,880
31,828
169,888
1,566
145,185
167,963
97,386
99,379
27,190
16,337
29,853
168,196
167,24
175,317
185,202
104,535
139,791
194,607
34,305
194,135
70,9
44,403
146,735
47,171
3,199
64,845
132,442
169,936
178,202
7,573
133,407
196,549
74,633
23,982
152,897
62,931
64,68
118,878
39,662
32,618
50,724
112,327
184,185
60,767
145,956
34,662
111,943
144,108
172,342
71,421
8,332
115,633
74,859
130,278
160,69
114,478
53,531
118,494
64,858
143,722
65,817
45,675
104,503
159,697
179,929
115,370
81,641
98,515
3,40
96,370
190,859
168,132
167,932
40,830
100,366
55,649
30,206
82,403
44,750
43,877
117,398
35,121
33,941
5,141
39,258
12,795
79,774
20,137
86,82
3,671
66,819
167,279
109,625
115,483
19,917
176,467
150,790
29,849
128,944
168,998
21,696
25,502
157,608
46,172
72,363
106,593
146,626
174,155
62,190
81,936
48,726
70,261
105,951
102,11
97,23
47,631
200,539
190,663
121,53
87,671
187,709
199,604
149,882
79,557
146,783
51,480
10,740
110,164
2,820
148,366
172,292
9,3
28,841
22,848
70,372
94,499
70,173
75,23
165,434
193,618
108,473
167,300
185,653
27,32
61,915
26,701
3,975
6,527
34,623
107,864
130,527
76,434
178,844
1,554
44,264
157,130
190,97
168,737
1,387
200,826
196,840
2,67
191,328
40,443
65,520
55,769
13,803
140,805
12,192
178,102
4,846
154,357
171,510
78,846
83,717
178,633
118,161
120,979
156,570
60,511
30,522
75,938
47,512
117,900
27,886
21,852
30,833
98,746
150,735
108,489
160,184
140,523
166,879
1,777
55,949
181,930
80,172
52,300
3,696
47,125
42,134
182,919
194,414
127,96
30,538
49,764
40,599
96,701
127,866
7,340
93,655
66,523
161,670
9,465
81,598
182,36
112,169
15,771
149,159
5,643
178,557
63,365
105,140
120,856
115,807
110,562
20,568
172,546
26,52
111,502
48,212
34,543
138,1000
140,569
196,243
71,867
22,864
166,311
35,96
133,800
29,110
116,425
57,973
192,250
84,606
38,742
78,176
27,457
32,682
26,424
51,511
140,873
1,700
95,304
42,511
110,924
153,447
104,168
167,395
79,816
146,653
87,211
117,501
126,413
99,741
2,562
114,813
113,634
105,272
78,12
120,513
120,325
109,21
161,90
50,709
61,532
119,244
80,612
199,103
132,146
187,521
79,107
81,508
28,946
151,983
76,811
88,531
79,943
80,619
81,451
178,473
162,13
95,921
174,490
92,856
16,786
50,126
99,908
165,513
120,388
158,274
141,407
106,471
15,107
129,931
161,279
67,160
154,232
115,795
120,865
110,337
144,191
128,553
56,982
48,958
173,156
142,328
32,10
51,363
198,99
167,397
96,43
138,863
200,859
11,19
140,927
52,451
22,687
61,242
149,717
99,563
2,390
198,875
23,983
6,957
146,198
7,66
138,76
182,379
181,926
153,302
173,351
96,586
140,771
185,853
115,861
183,914
144,832
2,382
11,212
119,800
19,338
104,198
58,321
58,774
177,412
6,309
74,742
1,336
125,795
177,633
121,413
72,520
2,459
166,144
103,516
44,458
136,560
4,765
108,318
81,10
171,799
35,48
67,642
200,142
92,293
159,435
106,130
190,195
139,613
14,584
172,8
42,437
63,92
4,626
13,891
160,903
8,611
196,925
97,867
153,472
29,571
177,655
108,873
185,113
88,973
177,365
143,500
25,406
156,87
56,523
162,239
71,172
158,309
146,89
52,804
108,606
8,856
20,320
101,765
129,897
161,296
21,602
25,117
148,783
34,678
198,422
154,406
170,329
102,310
73,283
47,183
86,539
170,90
137,501
97,829
89,996
46,904
42,27
196,245
142,959
28,943
150,535
152,775
105,204
125,399
73,350
154,605
23,541
178,455
61,527
53,502
68,761
143,103
138,627
174,949
1,205
75,973
67,109
28,788
160,823
140,456
152,383
37,123
88,501
184,201
23,231
40,725
68,784
135,646
178,113
180,617
100,87
73,795
86,823
101,986
87,684
14,179
4,417
183,816
189,881
121,958
64,700
135,197
176,132
107,320
136,225
29,620
101,703
131,331
171,454
174,753
196,786
159,798
77,914
29,880
85,505
107,376
118,427
115,418
77,612
70,479
82,606
42,84
75,561
133,826
140,482
37,434
114,891
21,144
138,386
131,868
130,218
185,449
156,671
62,234
94,475
100,968
149,18
114,70
94,408
167,532
14,171
70,270
35,625
81,787
124,537
32,277
30,52
190,734
69,452
186,470
119,830
55,862
99,201
119,992
28,452
68,464
163,783
167,609
129,690
175,664
76,665
44,325
129,329
116,889
158,397
28,35
49,515
13,102
52,477
144,346
192,360
154,39
199,877
45,863
129,533
31,95
110,637
167,707
174,471
22,63
134,319
189,99
4,79
21,395
67,312
150,716
114,471
184,821
1,438
106,62
145,508
34,900
48,412
131,198
93,551
74,406
4,524
95,440
35,758
3,291
160,749
77,657
181,440
52,127
69,703
22,686
114,748
128,834
65,76
13,721
147,424
62,614
116,35
152,916
27,552
130,533
2,110
142,886
185,648
21,269
48,866
7,416
194,510
166,295
128,16
166,233
31,399
104,547
17,276
31,452
32,757
146,659
101,306
197,5
155,214
93,388
122,660
32,423
104,754
24,624
152,273
183,357
75,584
77,333
173,407
41,685
87,333
74,437
81,174
197,367
6,265
183,346
59,456
32,30
190,940
22,539
163,796
120,500
13,168
44,253
108,490
60,866
15,835
73,11
197,492
10,497
30,276
148,204
37,839
200,859
94,470
137,72
36,240
112,446
198,161
70,114
101,521
61,377
127,335
103,859
2,954
14,572
17,989
92,922
94,460
86,40
128,744
15,694
162,652
68,52
112,701
85,202
70,395
175,554
57,22
52,259
173,996
7,958
101,597
113,706
94,234
164,770
52,142
108,400
19,384
120,7
90,774
136,581
179,752
132,989
133,413
39,931
13,152
76,538
102,804
72,998
58,698
1,371
64,102
84,140
82,551
114,451
142,129
10,291
107,294
89,769
122,550
44,598
133,467
115,805
5,829
172,211
36,205
153,583
29,81
164,858
175,615
12,319
164,919
131,523
22,98
85,999
115,342
145,445
114,10
89,999
75,494
110,692
191,535
83,950
5,426
194,729
117,513
97,827
84,716
196,77
138,856
56,144
128,562
143,62
5,240
154,691
49,257
175,935
194,786
51,792
2,476
90,491
107,105
107,744
146,992
176,128
153,365
137,64
184,431
74,884
169,90
13,188
77,888
99,955
148,543
124,98
190,743
178,979
27,806
168,84
26,252
175,917
6,606
199,754
20,773
91,979
2,792
161,202
53,379
1,56
83,67
87,203
179,375
135,397
116,124
149,623
114,320
168,41
178,46
25,379
111,505
10,439
108,227
97,237
22,383
114,735
36,159
46,112
66,318
129,607
172,16
95,741
173,900
9,413
68,576
14,769
59,591
16,72
186,417
67,293
74,333
134,314
21,232
83,412
187,461
126,228
26,990
111,354
15,852
57,577
148,386
155,963
140,399
173,896
124,427
39,844
163,1
127,964
39,773
107,509
37,307
69,477
96,856
173,106
176,795
177,884
116,696
126,263
34,773
20,993
163,886
32,812
33,17
151,608
108,46
174,435
184,67
199,870
73,685
34,821
109,70
101,397
152,652
105,757
9,589
54,382
105,16
76,632
152,207
198,511
106,44
125,907
69,423
189,980
178,883
157,794
108,126
116,112
108,559
12,439
57,84
165,372
21,566
182,178
115,533
125,789
166,517
91,548
71,984
48,969
80,427
16,299
160,404
57,402
41,16
157,179
102,822
95,472
18,94
188,771
67,342
62,618
58,644
53,156
31,722
79,955
5,790
18,197
62,392
26,576
27,888
22,943
99,131
109,36
176,52
61,15
110,683
15,879
45,837
72,392
21,197
16,561
181,442
156,714
120,459
136,703
190,484
67,313
164,687
68,8
160,641
54,489
96,706
50,329
21,765
94,105
61,367
155,650
115,409
48,456
84,278
111,30
40,269
62,698
61,333
28,893
182,31
154,119
80,155
179,873
86,411
106,75
88,755
154,861
129,350
96,442
187,59
161,706
2,970
192,193
71,88
7,267
137,67
39,839
145,354
162,802
110,487
163,9
134,21
29,867
88,969
137,480
47,680
104,233
120,594
23,968
131,578
54,748
105,880
135,616
41,182
9,153
161,49
22,141
36,182
194,965
20,834
184,898
52,718
12,764
65,414
197,266
81,334
94,525
194,954
187,15
4,534
66,798
104,638
13,215
6,563
76,515
80,147
190,516
99,951
183,894
134,231
30,107
101,886
193,992
81,213
104,251
141,282
115,860
165,55
159,687
172,200
109,479
55,683
109,421
77,484
76,264
47,635
144,937
88,527
92,811
80,932
60,474
190,976
81,386
100,316
108,26
125,698
20,168
84,108
125,845
49,404
130,963
30,745
64,650
172,153
7,956
38,929
121,114
118,903
79,507
62,178
118,115
159,136
158,142
35,172
152,898
93,376
106,862
199,527
182,394
53,943
10,514
50,35
46,874
21,300
114,464
108,700
95,268
43,441
167,294
12,774
64,793
27,4
117,431
16,467
123,266
107,852
185,953
188,212
13,131
58,876
136,890
80,843
147,56
2,603
160,16
5,834
108,977
125,741
88,439
28,744
43,938
89,804
123,205
174,388
111,164
61,488
180,623
54,419
16,592
41,351
54,919
143,594
61,205
157,223
69,95
99,288
40,255
88,292
90,166
75,216
44,469
26,314
194,328
94,273
160,732
65,752
8,198
109,594
58,538
137,888
76,806
152,391
101,618
34,101
180,84
96,277
194,290
148,279
125,622
103,295
172,652
38,686
33,740
172,74
52,875
180,612
147,307
164,757
28,134
86,668
101,947
58,145
154,951
164,876
55,812
21,340
67,936
84,387
122,394
90,751
144,933
142,54
132,185
147,196
141,277
161,505
128,785
183,352
48,448
153,718
93,912
184,731
32,763
152,583
118,488
143,672
115,728
44,237
86,558
125,988
123,435
166,370
21,167
109,494
100,832
163,476
58,306
76,463
97,781
172,820
70,288
96,197
42,865
157,429
68,892
82,406
7,367
173,215
38,662
195,84
94,408
149,809
190,296
30,719
92,217
133,919
29,767
167,830
49,17
111,105
166,729
183,746
79,445
136,601
131,840
198,711
131,916
147,986
90,32
94,345
113,143
193,293
5,239
116,619
172,711
75,505
196,763
107,134
97,297
124,992
48,156
63,719
113,307
14,748
23,331
38,80
70,549
9,539
59,29
132,456
193,104
177,977
62,636
56,226
93,837
55,919
94,593
193,462
83,641
153,191
108,248
94,156
26,273
130,541
67,1
117,217
114,196
61,157
115,816
12,349
170,770
142,378
131,842
152,27
71,531
39,896
143,996
72,472
64,461
160,441
178,719
14,492
94,358
146,384
161,342
132,363
138,7
153,844
104,149
48,650
57,888
157,902
72,391
142,756
149,123
94,590
174,46
29,189
41,150
126,848
139,645
19,672
145,424
185,280
32,965
23,378
133,671
155,967
77,242
184,749
4,761
107,356
95,103
97,897
53,219
149,10
130,22
144,802
36,532
72,200
155,911
48,590
169,99
30,227
2,297
11,263
59,462
5,736
22,882
159,415
173,197
7,321
200,327
101,621
114,830
70,627
138,959
30,878
27,426
166,823
144,507
76,430
35,239
33,832
152,675
160,327
8,785
59,908
1,542
116,214
34,106
155,45
120,785
19,909
134,921
53,135
168,403
77,968
124,79
16,987
94,684
31,909
161,928
159,333
118,580
171,345
162,626
83,441
196,95
186,327
104,431
146,431
143,913
86,89
163,264
192,904
128,225
192,867
175,241
101,397
186,6
194,40
107,658
177,177
115,177
9,695
38,219
47,550
171,133
130,17
93,852
62,217
21,905
17,970
30,317
172,618
125,412
140,488
111,467
157,355
195,486
136,755
192,678
72,797
7,663
161,708
109,20
158,485
48,935
2,809
142,57
122,45
91,13
127,315
187,596
175,100
155,308
66,339
185,177
105,832
177,28
125,911
84,378
131,174
3,370
95,884
171,941
182,242
61,58
88,324
163,834
74,995
183,220
108,937
67,302
187,454
78,548
88,616
4,403
159,635
179,757
8,271
15,353
95,610
70,661
133,746
108,938
57,460
49,851
90,696
187,144
139,843
129,148
88,446
54,721
63,942
121,150
86,569
53,943
150,143
77,668
160,37
82,141
73,567
135,716
86,340
144,36
82,464
89,895
21,255
123,715
174,299
172,313
20,407
11,459
9,891
60,732
64,460
131,259
156,88
177,835
122,73
185,684
2,923
158,59
3,410
92,841
53,170
131,853
174,545
59,437
148,776
27,586
88,181
169,528
197,285
126,683
157,617
1,42
86,761
138,313
193,369
75,919
47,11
148,143
10,589
54,228
29,571
149,471
169,103
157,861
135,326
196,324
95,802
54,369
198,799
83,866
196,859
115,237
45,610
177,912
194,615
195,329
191,321
8,987
133,870
169,822
161,662
106,675
140,614
37,672
89,136
71,941
198,305
8,920
130,996
33,880
85,926
132,680
22,352
150,515
57,311
138,427
143,681
176,485
138,988
186,5
109,518
123,543
177,306
140,243
190,427
171,888
173,699
90,484
109,616
186,312
141,925
151,522
134,285
32,629
151,270
123,135
28,233
52,195
192,596
165,499
154,387
117,162
129,421
134,406
24,67
84,201
91,690
117,472
156,917
89,952
86,854
169,267
165,594
149,978
86,788
192,993
176,547
174,972
150,619
92,515
163,325
96,252
168,169
141,463
84,998
121,300
119,583
165,661
10,962
129,299
145,274
17,336
93,471
54,888
132,448
51,984
16,765
194,860
90,165
63,128
175,685
181,534
49,129
147,621
117,565
41,221
177,235
16,85
68,559
88,643
178,384
88,163
141,464
193,20
29,498
13,220
190,363
176,608
27,408
179,489
38,514
78,659
121,90
73,508
145,280
169,559
30,665
192,998
131,699
64,595
118,379
65,784
41,695
171,785
43,979
13,255
136,413
94,772
153,898
150,948
27,88
110,624
32,676
159,242
11,942
93,156
69,587
57,109
110,659
21,1000
63,394
85,589
150,636
171,640
109,282
109,115
164,228
76,78
16,825
34,214
53,157
179,568
3,461
192,890
181,935
70,888
47,329
56,200
12,593
150,180
177,568
190,948
119,455
122,695
94,414
22,813
82,929
54,322
100,827
185,325
119,722
154,995
151,65
188,781
107,534
113,621
46,998
68,464
90,713
23,535
52,564
134,660
96,549
135,177
63,719
34,922
70,271
176,309
21,476
131,425
75,404
15,688
9,681
73,418
84,55
170,184
126,110
145,868
134,299
14,404
9,491
191,874
138,554
123,234
177,916
141,587
128,326
35,63
34,204
98,168
19,423
76,846
110,139
11,218
51,662
90,384
52,752
14,360
76,802
133,760
67,860
188,726
153,913
58,270
163,318
21,484
138,369
101,336
81,511
142,653
58,969
172,336
175,412
132,85
179,829
115,70
77,65
40,798
70,659
74,849
200,522
35,364
99,668
163,880
77,154
58,142
60,876
200,145
170,330
136,441
12,535
144,270
139,872
143,138
17,78
5,115
127,150
116,601
35,550
2,250
109,175
134,874
157,278
159,375
177,113
160,377
55,578
166,266
75,544
122,952
107,905
62,201
9,599
35,207
70,618
100,403
189,272
25,124
56,937
173,400
173,818
43,99
33,179
23,89
53,837
148,104
100,117
57,127
32,324
151,673
5,150
149,480
22,437
132,457
23,815
178,925
76,78
23,106
44,854
124,8
106,134
173,95
113,635
88,954
59,388
100,489
105,744
53,779
32,139
71,438
145,581
95,868
101,308
171,695
150,565
14,763
5,805
162,692
20,777
129,17
158,766
45,945
192,452
108,143
61,590
78,947
8,303
6,173
19,897
161,783
193,701
129,888
191,951
140,479
149,320
26,256
99,910
144,741
84,682
126,63
115,826
22,216
80,864
112,328
180,452
67,706
124,380
179,925
40,261
34,178
67,584
16,230
127,114
67,144
75,871
7,483
129,727
10,571
11,381
48,524
116,993
13,96
73,871
77,958
62,804
51,798
92,444
119,720
163,275
29,597
80,894
182,346
110,625
22,701
60,583
99,948
112,192
33,896
189,891
180,328
55,976
21,701
195,983
164,973
89,350
97,768
18,919
165,222
1,538
192,661
85,53
118,862
4,406
85,659
184,722
135,288
77,20
141,655
190,623
126,24
31,779
70,474
2,651
72,542
128,125
111,422
147,478
27,594
31,176
101,118
105,385
32,427
98,564
153,840
123,496
185,571
122,888
183,660
133,168
22,404
67,477
47,60
181,499
80,91
30,300
67,719
26,455
19,486
178,479
66,23
48,132
138,247
52,363
195,89
190,568
7,453
70,772
114,121
2,699
186,513
127,740
124,298
30,542
150,182
35,904
8,160
158,641
190,465
30,1000
164,245
60,799
39,577
165,43
200,652
180,275
199,331
124,603
83,181
3,933
9,995
193,898
90,639
38,61
71,109
114,556
80,197
3,219
103,636
172,508
159,845
118,606
56,660
69,912
25,61
1,753
51,834
163,517
40,765
60,563
132,920
92,446
38,786
11,921
194,263
73,399
115,783
151,562
175,682
17,380
178,359
67,734
79,306
137,363
92,519
29,707
200,129
93,701
5,456
141,495
119,883
169,780
60,337
174,172
131,550
133,898
18,439
97,444
12,576
71,333
49,959
158,735
34,205
140,156
101,721
125,574
84,177
47,604
114,962
116,756
143,916
34,934
43,248
90,433
160,254
55,789
185,435
40,927
82,358
83,580
45,111
192,83
39,335
44,998
169,31
178,164
68,609
36,653
87,770
116,181
132,788
88,362
124,434
28,897
86,765
157,628
124,815
96,810
130,363
10,685
189,790
158,853
93,954
146,656
169,844
102,769
181,971
49,649
194,205
16,685
112,555
190,858
199,213
118,704
41,282
59,100
189,728
160,259
71,217
113,307
190,670
7,374
49,44
19,190
173,421
154,955
135,930
51,457
102,646
81,96
162,337
121,50
55,649
198,830
121,306
118,363
88,676
182,801
38,179
156,806
139,255
174,947
120,214
65,804
57,467
132,998
66,13
196,912
163,904
119,761
104,476
141,808
141,335
177,995
187,955
139,60
79,604
199,328
113,113
177,480
154,356
89,530
84,699
42,937
149,243
19,972
151,935
14,804
120,707
138,669
32,766
34,682
66,29
159,171
80,127
120,643
174,240
53,779
131,650
84,216
57,321
2,306
119,733
138,269
135,33
133,141
90,920
24,847
87,208
156,6
86,433
181,313
199,849
193,607
122,456
114,347
137,601
52,865
127,115
59,49
63,464
3,348
195,123
36,440
152,583
19,666
105,583
184,825
65,518
96,567
31,323
125,117
54,469
106,377
140,648
21,462
179,570
134,67
123,527
17,363
146,134
63,694
97,722
14,468
178,907
69,277
196,932
121,955
42,39
32,343
164,533
65,898
9,573
196,813
68,210
6,463
119,871
98,767
29,420
109,337
99,170
166,717
37,581
67,217
147,759
109,99
176,923
48,28
74,358
119,500
101,949
172,775
155,952
63,925
111,52
191,20
16,692
59,76
55,790
127,921
43,188
29,15
2,95
2,516
92,213
168,356
107,410
30,859
29,931
104,791
181,357
185,609
50,459
145,875
66,952
58,172
164,490
18,741
94,904
71,717
27,143
104,784
93,336
167,573
129,183
68,762
38,802
89,438
54,651
11,685
49,359
169,49
27,667
77,770
141,419
190,912
140,773
46,41
159,279
140,185
30,440
11,261
138,558
134,900
153,143
110,434
198,806
8,976
195,824
88,763
73,928
170,99
77,86
41,909
128,790
173,947
138,828
198,819
2,577
38,437
143,300
104,804
68,705
168,579
188,285
180,430
137,898
135,439
67,240
53,388
161,480
127,301
23,93
169,13
101,705
161,227
108,630
145,184
122,711
14,348
34,113
51,613
127,749
132,927
139,962
44,839
9,125
121,597
54,363
54,698
51,866
199,562
186,861
199,434
40,200
28,389
139,594
133,428
154,199
159,881
68,766
133,509
178,998
179,389
121,422
78,579
179,351
134,964
113,126
171,443
115,35
73,483
139,461
82,545
115,327
11,405
161,81
160,639
162,453
142,367
184,569
118,732
27,911
196,16
99,635
120,907
48,827
65,763
65,248
166,640
123,479
194,202
182,606
194,295
99,930
161,712
96,530
134,155
180,737
9,55
52,11
144,517
8,846
17,403
183,269
146,118
23,584
22,634
68,364
79,343
64,150
59,990
9,350
163,745
191,398
168,913
29,247
164,451
131,23
97,335
78,875
155,479
1,190
160,589
40,450
186,248
10,297
47,371
42,938
142,422
91,305
39,45
186,479
146,987
179,373
137,112
194,254
193,765
64,877
124,869
121,267
2,275
17,520
20,805
81,890
144,685
188,199
192,575
116,475
166,569
100,764
137,864
7,714
180,352
116,936
41,687
83,30
114,446
159,655
185,921
75,151
89,161
6,177
8,1
53,244
43,889
120,575
50,37
195,78
155,956
199,33
163,639
181,56
198,15
103,264
144,357
3,430
164,58
105,499
196,104
196,526
127,267
193,185
51,589
52,912
160,441
24,264
132,57
193,25
101,297
119,539
57,470
184,371
120,500
187,261
148,196
42,627
68,985
86,289
110,72
193,993
165,427
173,767
4,386
55,481
25,812
187,976
175,347
82,696
107,659
104,378
84,713
44,692
102,476
196,565
102,39
42,205
187,147
188,321
119,216
129,357
82,57
160,851
22,858
172,461
132,481
133,324
193,252
10,635
180,880
124,122
80,181
200,378
77,948
56,503
39,462
146,717
133,533
108,223
34,355
89,992
179,125
60,792
71,891
34,449
58,301
21,541
45,16
72,365
38,522
199,145
175,2
150,683
135,20
145,531
40,635
115,239
178,195
154,62
62,874
133,368
143,588
142,383
163,919
18,995
118,646
185,863
28,465
73,442
12,941
13,276
44,901
187,44
113,215
167,433
6,895
12,489
144,285
56,149
84,275
112,854
171,453
104,444
190,382
107,236
74,40
76,805
94,948
17,776
193,196
103,270
16,992
81,988
58,324
33,430
185,349
147,526
158,14
27,394
65,877
67,578
5,185
8,299
96,187
162,214
127,229
13,287
108,544
54,545
173,377
77,188
16,511
125,506
40,52
41,729
12,954
44,575
187,146
64,696
116,880
22,882
46,385
90,272
51,330
146,27
152,953
161,82
81,606
111,268
8,188
101,175
113,21
46,474
98,824
142,442
137,843
108,775
185,523
66,914
36,59
158,630
147,247
67,253
167,739
30,156
95,719
142,33
62,368
63,732
123,529
21,891
130,467
164,989
58,50
183,930
11,356
185,566
133,670
193,344
196,828
164,511
160,598
14,411
196,44
159,585
31,472
143,417
142,652
82,989
27,987
112,424
102,710
24,228
113,965
1,99
200,988
186,557
181,10
90,395
153,78
32,779
78,103
89,623
157,989
1,623
85,847
98,324
39,833
75,394
124,414
83,127
135,135
159,888
2,24
33,710
152,230
152,479
187,830
182,427
114,719
121,541
166,587
154,969
92,277
146,949
163,992
89,699
172,745
180,431
69,698
42,681
115,500
25,146
136,809
167,259
99,644
184,729
50,878
76,127
81,189
141,965
83,867
110,698
78,52
22,758
29,835
33,733
43,759
90,901
4,253
60,572
129,250
97,612
199,721
51,548
122,574
169,433
90,861
89,85
27,15
75,15
177,215
80,673
142,21
184,856
180,828
44,878
7,129
12,874
74,307
103,287
23,348
158,360
112,882
197,225
111,552
16,97
42,219
176,99
149,501
180,77
89,263
39,284
93,954
142,598
185,202
113,383
171,357
25,181
23,677
117,705
10,135
43,93
103,931
183,646
103,178
184,981
151,998
110,600
185,226
158,772
139,456
113,340
177,838
74,303
2,443
61,896
34,715
191,566
172,134
144,766
158,454
43,657
56,463
198,274
175,407
61,668
65,691
127,483
101,525
190,351
114,778
114,999
179,533
103,262
168,859
34,273
191,412
15,176
193,529
116,784
20,569
90,558
34,331
16,831
64,828
7,955
66,341
23,919
123,826
14,801
114,934
180,559
6,864
77,39
10,436
44,365
138,635
17,788
19,654
2,774
117,531
4,514
4,384
21,412
191,121
185,500
26,377
166,48
10,35
94,114
115,718
18,443
195,507
191,416
125,85
71,171
197,363
22,199
73,751
79,819
19,129
96,52
133,586
66,214
133,662
115,358
29,714
95,879
167,146
177,446
98,478
93,23
178,1
170,690
115,751
87,1
131,397
19,824
194,776
136,52
153,144
57,743
49,816
107,929
70,470
50,288
79,705
58,703
122,413
177,85
135,557
59,811
50,100
8,990
6,57
156,467
190,844
87,319
174,548
189,405
97,752
155,434
87,828
31,555
78,389
91,404
84,224
151,174
99,833
170,521
127,224
68,47
163,210
100,877
78,735
73,387
21,705
36,64
17,86
198,220
8,237
197,855
39,476
78,951
167,187
61,932
56,597
16,649
9,872
183,885
11,490
101,801
50,310
189,237
147,686
113,521
109,40
30,332
82,46
46,717
23,318
109,908
198,342
116,263
197,255
52,642
91,251
136,349
164,945
114,578
184,348
4,197
49,41
2,891
40,190
55,587
110,952
44,81
54,116
85,294
187,763
92,803
89,914
61,736
149,368
108,739
128,10
30,625
32,649
196,199
16,877
1,544
37,588
83,790
144,965
36,777
74,716
90,45
184,112
49,857
125,528
142,669
176,40
18,99
34,104
129,502
69,362
160,981
146,838
90,832
172,647
31,703
164,102
198,485
151,614
49,251
119,88
58,491
18,725
14,812
144,862
109,194
124,323
157,558
40,817
126,590
31,276
180,223
189,701
162,69
28,29
98,38
172,100
78,281
167,94
176,716
27,695
156,271
180,674
81,223
88,651
40,63
65,658
200,45
21,462
12,748
73,291
22,684
93,934
195,932
70,103
28,375
167,10
91,4
64,207
79,74
73,755
34,927
184,757
22,703
76,127
33,888
51,106
96,342
51,872
32,50
148,191
12,334
147,472
16,85
60,680
124,663
107,154
145,231
8,33
115,534
186,530
103,273
16,282
184,428
55,498
156,844
110,713
56,692
40,570
199,818
196,390
150,792
169,907
49,601
139,612
79,823
149,330
94,991
13,165
144,562
116,326
136,18
187,861
38,63
195,646
52,746
144,84
134,307
48,967
184,215
187,382
43,448
178,1
174,285
190,434
26,704
186,129
154,855
40,655
72,551
40,355
167,27
12,491
45,800
92,341
20,200
106,162
42,620
30,511
199,617
64,119
133,591
185,667
125,365
33,487
107,637
81,317
103,885
72,791
8,753
160,768
172,406
10,152
35,742
170,938
172,34
66,855
73,202
180,835
57,277
37,677
21,298
77,846
149,309
1,69
92,923
148,806
153,735
136,898
168,427
33,693
163,906
200,232
89,358
57,720
153,80
40,792
54,66
24,935
173,33
109,452
117,689
176,124
179,840
169,566
134,896
16,632
6,593
3,785
73,448
66,127
83,887
146,622
75,465
18,494
101,722
125,548
99,678
132,659
51,900
113,258
157,818
155,160
62,345
167,858
160,24
137,648
57,704
55,210
121,621
103,514
36,827
21,17
56,74
165,361
118,701
3,276
46,738
94,472
174,742
85,612
190,103
194,190
114,200
37,640
50,174
27,134
2,787
136,969
126,901
21,103
145,29
137,318
122,984
35,100
200,401
102,114
119,703
117,754
118,978
189,627
82,984
1,58
65,975
44,536
73,765
80,290
99,680
54,739
71,871
154,662
141,156
39,53
13,32
121,258
111,97
27,290
54,916
131,529
19,602
42,333
138,743
174,771
5,711
22,830
154,245
89,997
162,65
66,611
145,433
29,494
192,309
76,804
108,764
35,388
49,832
101,52
179,105
35,21
188,899
27,118
106,117
98,138
126,535
166,130
105,830
75,613
186,382
71,810
133,662
96,349
180,111
158,111
25,952
153,987
179,523
72,721
81,563
100,191
60,968
17,46
30,660
8,996
117,47
162,819
37,9
159,768
126,179
17,27
80,591
10,376
158,191
200,351
2,466
106,728
195,546
168,12
156,291
85,732
48,339
182,495
170,427
36,328
93,953
70,676
107,991
152,805
33,871
20,679
110,809
48,178
77,523
176,281
97,86
50,239
81,255
119,366
25,323
196,93
97,344
85,16
130,827
13,13
127,220
188,229
164,91
36,183
154,551
122,596
171,999
12,979
156,811
85,452
41,888
18,796
111,730
151,906
18,453
199,962
83,267
77,944
8,703
84,730
49,976
15,733
109,972
56,558
174,893
112,720
16,61
160,496
32,172
163,700
56,707
193,600
113,713
19,742
38,682
195,780
189,113
92,40
26,960
24,422
38,101
168,963
175,672
173,872
197,599
16,409
170,440
173,685
121,343
125,859
154,671
7,925
95,678
106,299
185,645
31,753
27,84
128,455
53,678
159,764
35,208
59,946
163,318
18,517
27,385
139,178
182,208
4,32
168,130
76,268
133,907
83,976
97,357
23,405
133,914
83,168
179,219
54,625
8,431
145,499
181,936
31,103
110,421
63,424
181,408
118,580
137,641
149,705
185,618
93,822
171,64
51,160
97,350
112,179
195,852
123,534
79,122
104,495
72,487
115,702
3,29
114,711
168,45
42,283
118,482
152,182
60,948
88,824
52,875
177,557
72,861
24,846
128,209
114,920
176,884
26,925
6,623
6,278
169,499
108,81
153,141
4,17
180,89
6,108
20,808
87,276
105,803
187,869
26,765
54,781
101,695
40,850
5,697
33,572
175,969
126,460
182,297
24,131
170,542
189,394
158,47
180,131
130,748
57,861
119,152
194,912
38,111
45,880
100,258
5,845
136,272
110,245
6,607
160,848
57,451
144,23
39,976
138,597
164,940
144,466
56,843
72,754
75,801
95,208
51,54
116,531
34,639
78,630
44,534
7,921
149,86
88,773
64,417
179,326
164,684
168,855
121,996
8,99
166,231
198,913
44,59
143,81
18,77
178,116
18,626
119,191
43,471
17,98
95,111
53,684
35,25
40,527
94,534
3,523
143,891
43,698
179,5
175,325
17,25
171,636
48,631
58,379
130,743
175,132
116,632
166,282
109,653
23,527
139,971
105,959
152,641
157,887
97,258
74,470
91,504
36,863
53,202
60,574
3,3
31,631
146,758
51,992
29,497
2,551
38,70
1,134
178,635
116,544
8,20
36,517
32,215
173,592
75,793
4,584
1,206
136,98
189,442
194,885
135,715
154,578
86,677
92,126
73,99
41,136
33,955
135,383
4,911
198,716
184,777
187,73
67,132
91,462
83,390
13,961
184,248
98,390
182,230
61,657
135,548
143,694
55,669
105,42
41,713
86,306
50,565
121,574
150,590
118,290
163,671
33,388
182,708
165,499
102,346
90,736
113,940
22,127
180,538
51,173
193,878
22,12
130,165
112,266
44,927
67,745
55,430
184,350
182,630
102,180
149,523
35,794
199,957
177,346
170,995
26,635
173,94
166,18
1,726
25,829
173,806
97,162
69,473
78,49
60,26
35,661
30,225
65,859
151,649
192,623
190,641
26,607
32,17
15,286
199,182
134,221
120,513
197,295
150,281
5,535
50,45
86,687
97,34
143,226
23,212
123,783
51,524
38,27
132,749
114,940
19,450
79,341
66,538
99,970
200,41
113,384
91,553
86,466
120,127
176,284
128,606
21,102
54,624
31,531
123,813
91,244
112,584
135,436
137,652
70,280
72,268
200,440
147,25
130,25
105,57
147,199
7,942
74,246
100,893
97,70
88,141
189,604
2,479
140,543
98,923
120,961
108,87
96,93
36,608
105,643
68,804
28,594
89,639
45,449
149,340
81,564
113,309
83,468
15,289
189,355
105,783
181,227
7,288
25,694
103,469
18,688
15,175
61,434
187,726
156,700
179,246
49,720
52,153
8,541
117,711
51,270
200,307
29,872
175,86
178,423
38,275
40,981
33,577
78,986
25,649
27,983
131,603
18,843
63,439
145,74
139,103
42,412
195,63
69,790
27,130
7,499
23,252
30,456
21,587
176,329
60,554
16,747
138,697
10,229
40,902
38,947
12,793
89,63
161,965
66,45
27,748
53,566
65,876
68,168
69,77
123,515
95,687
83,30
52,429
162,905
195,949
171,22
53,643
3,517
146,222
132,674
17,859
120,275
127,81
100,187
4,566
138,624
48,492
149,493
148,480
94,614
85,184
156,851
104,753
69,367
197,820
176,684
54,379
9,399
38,564
24,219
10,989
150,507
41,584
119,27
93,398
149,160
191,586
190,193
186,147
163,278
48,756
93,949
33,308
25,633
195,548
9,216
87,977
33,600
6,373
15,584
113,915
82,670
131,621
190,660
76,331
129,193
169,471
75,527
55,279
79,781
87,108
46,603
45,490
19,604
108,723
135,741
37,985
191,655
96,124
13,781
142,385
199,169
28,73
165,706
140,948
130,159
99,642
177,182
13,219
70,480
84,149
20,207
188,279
94,810
148,445
84,943
37,950
1,655
48,917
58,59
177,539
72,168
177,616
52,288
164,828
157,924
108,162
143,487
181,552
163,233
102,947
128,601
68,12
55,763
178,466
91,364
75,772
22,307
2,275
173,350
182,627
40,177
143,283
109,979
170,724
111,604
76,572
145,621
156,406
157,155
18,771
85,613
20,518
184,336
171,917
181,142
60,923
115,149
118,742
6,233
196,929
4,713
132,185
44,969
135,985
13,391
200,945
200,79
14,78
87,931
145,348
94,253
60,866
167,454
135,639
55,626
135,338
33,24
11,65
16,384
10,325
123,127
158,722
196,146
27,151
93,714
116,418
185,498
164,877
77,545
58,222
98,733
189,586
117,571
9,790
92,622
37,708
39,72
64,768
60,516
155,486
37,103
132,37
152,52
46,4
66,990
125,157
160,441
196,383
172,913
7,271
170,561
49,438
194,175
106,528
54,223
79,433
34,670
63,413
52,870
92,131
120,269
151,197
173,896
200,12
144,305
164,312
29,241
191,657
13,240
109,774
81,655
114,675
159,455
188,141
81,697
183,244
113,503
99,230
142,385
189,876
5,424
33,681
37,590
87,316
150,425
21,400
26,470
200,49
156,237
7,820
10,203
66,450
25,741
55,303
191,559
149,866
106,433
134,755
1,185
38,198
68,92
162,251
183,588
74,476
11,71
138,257
71,953
82,236
124,635
27,461
157,214
120,287
106,449
121,124
175,812
56,949
13,760
118,1000
40,696
37,436
43,460
63,57
94,238
175,22
98,364
4,32
166,309
175,139
57,877
44,302
188,10
107,979
37,345
143,76
9,756
48,81
98,358
155,322
97,675
56,467
168,106
160,691
91,520
139,443
18,670
183,498
173,436
115,135
133,276
119,718
17,583
159,785
138,380
23,118
129,366
10,691
8,794
144,150
156,397
48,189
26,44
158,53
86,167
191,247
100,772
73,889
152,15
24,971
48,229
111,890
10,429
73,22
74,426
67,387
140,220
176,474
59,777
151,463
122,377
99,138
41,726
148,615
138,299
97,165
100,658
138,230
161,294
51,642
10,970
146,148
52,109
162,582
119,638
14,114
131,569
131,447
33,220
168,113
136,192
14,249
26,824
13,239
182,614
135,409
50,415
148,10
94,133
112,86
72,628
114,137
88,913
41,598
135,661
137,894
144,292
31,97
13,442
40,442
97,163
160,462
34,686
170,423
74,161
27,405
86,775
104,337
100,850
67,651
182,668
131,794
124,690
195,360
153,535
176,973
37,868
37,814
179,759
57,316
102,575
189,87
117,11
128,357
58,168
172,733
146,10
107,337
194,385
24,20
55,732
54,252
58,596
192,651
179,941
79,7
139,252
81,225
100,110
140,9
69,148
154,23
194,466
7,97
9,414
37,216
85,979
145,865
29,554
177,348
142,751
54,985
160,825
154,679
81,959
41,122
4,145
13,338
68,420
192,925
176,552
111,801
98,481
74,727
195,880
77,900
31,946
151,102
40,63
62,734
103,671
195,731
45,341
42,717
67,484
43,457
175,344
133,474
54,342
161,524
119,566
55,400
74,769
66,12
159,624
38,69
110,849
33,970
111,114
98,980
12,743
158,784
143,7
70,655
39,724
195,928
96,244
108,710
195,298
82,708
114,296
128,871
120,126
90,331
14,882
193,403
165,773
4,171
162,60
3,668
171,537
187,139
111,38
78,214
198,900
37,855
181,570
5,139
48,256
56,570
135,833
156,32
46,381
106,216
198,843
35,639
173,586
195,869
114,842
196,742
153,832
135,566
18,893
150,251
126,141
86,850
108,395
116,559
15,773
176,105
121,110
79,543
82,981
168,308
120,977
89,581
156,605
91,589
34,102
140,665
190,755
50,924
88,109
66,167
91,532
110,350
107,173
125,459
81,761
14,442
101,638
86,17
100,242
17,194
21,405
8,523
13,170
87,3
49,742
37,431
9,489
129,562
8,114
20,980
7,811
168,699
189,466
153,751
12,625
69,77
21,128
100,487
106,363
40,154
14,124
17,884
108,50
120,846
155,500
27,880
49,614
168,923
87,988
78,969
169,940
106,845
18,153
39,809
15,713
14,257
11,699
166,93
97,236
182,382
56,542
126,469
192,113
72,53
59,361
3,45
122,298
162,916
190,292
157,686
135,300
178,781
113,880
6,1000
13,253
119,26
145,315
15,242
111,276
29,410
97,386
59,797
109,683
122,574
9,911
89,456
144,696
27,125
25,98
68,448
180,807
27,193
68,575
30,22
103,514
81,762
189,451
192,749
200,680
169,165
138,896
40,717
54,207
170,821
191,451
17,722
190,653
160,618
109,189
195,194
166,636
53,813
109,258
96,406
167,442
59,815
174,112
42,773
77,122
197,706
115,966
92,111
149,99
109,609
23,771
104,544
70,675
59,220
110,758
56,539
80,229
172,417
153,139
156,714
20,347
126,81
185,559
124,863
198,184
70,845
135,892
25,598
181,832
166,500
90,999
200,412
157,824
153,668
182,697
120,19
123,67
41,198
129,76
16,81
12,455
122,821
47,584
27,249
76,770
175,862
105,399
154,81
20,931
68,437
89,702
117,686
38,142
34,677
132,722
158,54
178,677
151,932
143,75
73,355
25,254
155,828
106,640
67,403
55,629
56,162
139,104
189,382
7,480
94,446
148,708
13,423
3,460
64,207
47,187
11,171
75,679
4,147
168,394
29,418
190,813
77,561
61,715
193,361
181,799
46,789
93,458
93,170
82,601
199,868
48,411
9,446
17,488
28,659
162,440
133,33
46,717
132,173
136,453
75,673
194,155
174,495
140,699
80,836
77,446
119,368
84,464
108,328
5,296
67,923
160,124
111,87
192,440
24,353
24,372
111,310
122,195
85,820
38,560
14,264
181,725
165,443
94,144
197,296
60,513
59,817
28,244
78,201
70,586
54,51
199,138
13,832
187,76
71,386
156,295
98,795
41,64
157,278
139,823
127,301
50,144
190,509
58,198
101,253
44,505
161,681
16,441
142,635
8,791
161,719
168,301
144,707
199,330
187,926
157,311
143,98
117,817
124,824
157,362
198,26
75,786
176,929
16,530
82,273
12,574
93,945
19,372
177,925
199,148
64,258
87,819
67,960
52,688
132,196
107,454
137,665
25,919
144,94
53,286
72,298
24,150
136,101
91,609
125,649
18,194
196,711
153,828
135,444
6,453
33,900
164,244
177,177
68,610
146,199
74,664
198,565
134,101
67,583
93,378
161,537
21,748
171,782
61,460
63,695
190,968
18,323
39,364
76,527
2,455
31,269
189,614
98,120
89,807
122,259
60,866
26,328
113,272
161,173
33,921
94,306
149,757
85,543
160,275
171,287
78,267
159,860
57,132
175,971
60,874
115,705
30,691
24,676
134,918
178,795
51,3
34,285
181,286
72,302
187,7
104,683
140,849
179,520
192,346
191,46
143,880
3,66
112,327
109,539
30,602
77,640
154,655
187,395
151,334
45,835
109,609
27,514
189,77
14,409
168,409
105,418
139,674
157,916
115,285
68,963
168,706
38,834
171,506
172,483
52,994
151,438
16,558
17,82
127,156
143,530
119,135
182,391
76,674
181,469
171,906
113,436
140,150
47,808
198,366
137,925
199,722
9,66
137,17
105,792
156,303
123,672
8,650
89,610
57,758
184,382
138,300
18,374
11,450
53,189
16,986
68,490
178,989
178,97
147,332
149,732
77,996
46,615
73,738
137,929
104,469
34,61
138,609
150,397
55,898
157,611
29,272
3,874
173,77
147,979
28,756
9,899
37,369
170,502
64,472
11,247
124,691
82,772
119,8
71,641
22,6
140,881
44,794
44,339
26,840
199,123
188,806
63,451
94,467
96,641
132,188
99,828
16,889
97,523
172,655
197,746
182,441
155,209
142,346
15,814
63,720
18,740
25,445
72,805
89,488
169,707
46,12
121,604
88,122
197,789
125,472
117,324
74,715
194,94
40,108
31,272
44,733
59,250
193,386
146,997
78,262
54,569
46,826
40,929
53,600
40,630
38,71
70,18
31,148
116,268
181,824
117,145
15,692
156,672
110,514
155,563
146,968
81,542
186,305
20,604
173,837
42,725
67,726
146,875
127,437
4,450
108,323
24,94
96,416
120,895
9,701
77,205
192,523
93,897
42,246
87,346
73,225
81,430
185,136
82,764
56,162
162,801
96,724
31,117
190,875
51,145
111,447
20,249
160,863
46,157
12,494
65,412
39,955
195,278
160,658
188,550
13,319
55,314
140,937
13,855
62,822
167,192
177,84
31,14
63,328
48,330
196,545
129,843
38,67
11,490
9,319
150,593
31,136
199,391
74,304
144,357
98,499
92,469
15,481
47,574
28,821
63,237
8,336
85,185
35,119
185,237
64,997
151,919
185,576
189,127
170,488
76,409
165,185
19,377
159,878
159,812
62,983
92,587
167,44
122,440
172,568
103,8
14,783
22,562
165,137
144,769
159,98
33,562
193,917
123,550
116,878
76,205
81,221
144,299
25,83
197,135
57,942
53,638
6,567
157,443
144,601
77,876
130,453
168,720
194,161
118,995
149,56
30,750
1,528
75,321
89,819
15,297
1,211
129,974
37,153
152,448
67,728
33,100
13,169
92,644
19,721
148,807
117,805
169,703
112,856
42,478
172,955
6,807
29,499
178,806
33,648
91,168
82,15
81,702
46,311
46,830
179,915
58,901
59,752
16,877
18,472
58,123
40,784
113,45
73,696
196,346
85,900
155,209
190,352
5,50
117,433
116,51
26,866
71,424
133,60
115,84
149,994
88,751
128,150
54,501
177,986
95,645
196,21
132,951
159,133
147,355
25,399
63,628
178,165
27,566
192,50
55,173
121,357
139,978
84,816
109,793
188,656
173,435
102,617
33,378
151,863
112,348
58,207
130,422
176,727
39,995
188,11
74,828
128,87
117,178
95,493
91,732
150,177
182,410
45,728
40,39
145,891
44,721
126,848
115,966
61,388
55,480
197,622
150,268
8,587
40,504
141,634
17,700
45,663
174,996
1,786
36,974
97,21
37,841
101,978
132,325
33,399
169,587
5,944
165,291
178,888
136,635
125,909
49,883
34,347
190,657
31,798
158,978
151,174
170,266
169,86
103,953
104,277
160,894
9,825
97,447
107,355
121,977
192,70
59,414
87,192
5,55
197,768
114,582
160,856
134,251
188,745
116,641
74,461
42,607
8,484
86,221
71,80
131,295
56,883
121,485
50,740
181,701
163,726
51,970
120,732
93,475
115,542
168,374
57,611
80,468
38,826
191,265
186,96
4,303
126,562
153,732
81,213
133,249
140,520
114,36
171,722
142,953
171,484
87,365
176,767
162,847
75,272
127,506
182,962
113,158
194,268
167,25
64,758
65,675
19,287
87,472
59,189
82,810
166,897
52,225
11,721
84,420
81,161
105,656
191,114
69,374
194,592
107,478
110,311
200,334
81,288
149,614
132,204
199,885
111,740
138,640
31,458
48,653
148,714
177,701
165,973
199,681
167,57
7,143
178,7
20,826
125,783
89,746
144,211
91,536
170,450
111,479
148,415
67,497
73,216
108,968
140,905
102,923
183,981
143,297
118,459
72,524
64,445
181,788
63,761
170,395
57,35
30,953
159,597
80,662
190,41
177,637
149,760
85,866
150,340
11,293
193,849
185,516
87,791
71,560
110,574
132,670
72,538
37,501
7,332
64,680
75,217
58,601
124,856
164,792
64,481
157,721
106,304
36,809
134,968
181,850
150,393
90,537
55,310
22,436
162,514
50,585
126,818
51,737
11,652
161,119
41,67
39,244
146,64
108,814
37,326
15,203
164,767
98,280
59,621
94,950
20,77
127,393
88,824
59,412
120,87
97,767
182,291
126,521
105,987
40,401
177,808
89,725
29,451
21,793
32,50
132,693
107,759
167,181
104,347
97,339
122,611
54,455
107,339
146,542
143,906
166,424
129,563
111,379
24,266
116,74
68,654
83,194
29,940
38,25
23,309
190,818
32,166
22,496
83,836
174,459
18,7
80,286
34,963
199,115
18,362
156,832
92,327
112,753
110,293
150,467
57,868
18,264
46,526
18,668
2,601
186,16
2,379
14,944
187,86
50,342
32,276
150,147
86,311
67,862
59,721
189,769
57,647
49,851
185,197
162,314
18,944
80,421
34,516
16,754
195,765
47,675
123,474
109,660
98,891
127,114
147,804
93,520
170,34
43,96
79,206
103,25
53,622
126,992
171,384
74,991
61,266
4,939
44,108
114,931
183,361
186,120
188,102
172,695
115,407
28,522
59,626
84,114
76,930
127,750
159,319
80,299
91,338
176,745
29,796
148,678
195,524
165,471
2,57
86,774
173,465
66,113
36,320
88,691
17,801
91,213
189,809
145,790
178,781
10,608
12,347
120,196
21,440
38,884
13,792
102,546
108,652
128,846
149,803
126,670
101,436
65,745
90,14
44,694
150,160
71,974
185,260
88,269
147,907
102,2
130,542
140,921
170,912
29,847
130,631
2,858
106,501
145,858
139,832
74,304
129,31
109,706
70,559
8,887
21,218
67,670
24,773
50,878
145,144
46,632
147,324
67,177
130,131
107,982
64,892
116,271
166,456
72,421
94,40
121,238
58,482
29,720
156,347
39,587
30,127
60,672
60,215
161,504
3,648
16,193
179,804
4,761
138,979
96,623
100,565
8,360
161,265
132,604
137,556
79,499
27,966
111,755
131,891
18,390
11,600
125,944
137,675
67,452
25,851
55,689
153,859
42,75
106,228
1,319
44,115
41,970
87,377
182,363
30,314
161,995
81,290
48,323
110,219
188,128
80,895
187,284
83,56
106,777
130,808
199,535
72,464
155,95
143,220
38,960
5,904
19,78
2,571
37,8
39,465
95,447
73,273
78,140
92,648
60,158
144,6
186,11
80,938
144,801
83,105
7,530
34,63
20,328
69,836
102,179
139,732
74,303
104,578
133,505
114,70
139,327
111,45
67,257
142,422
157,365
59,919
10,507
66,142
59,163
47,936
59,967
56,652
18,626
178,317
176,540
17,780
85,297
132,746
37,359
131,152
59,483
84,125
153,4
123,508
173,272
108,679
91,450
51,11
14,599
153,862
182,556
146,388
54,888
167,522
140,771
35,416
134,427
28,348
133,842
159,271
21,940
148,3
46,284
44,141
118,48
129,796
156,677
131,532
103,795
19,256
125,387
15,22
199,792
108,768
24,270
118,600
117,376
111,84
80,599
109,565
146,933
170,513
45,924
194,312
142,474
72,416
59,950
122,258
166,947
76,929
104,824
5,166
70,644
146,69
77,345
38,111
41,941
127,684
85,95
43,988
166,33
12,368
27,825
50,764
51,32
141,99
162,311
42,612
157,692
163,766
111,144
60,747
183,208
104,694
174,989
109,241
109,228
64,388
163,550
172,329
156,684
139,867
126,576
66,545
29,174
43,529
85,887
97,279
54,915
141,221
26,225
61,997
131,728
123,272
91,638
122,888
59,704
111,833
137,938
175,638
44,872
81,531
8,13
173,904
147,493
158,544
111,568
42,219
153,435
25,59
134,74
162,901
102,786
89,158
80,123
182,884
18,280
145,840
85,920
102,887
116,194
149,170
109,149
109,36
100,24
121,236
4,780
190,621
133,152
88,263
159,158
154,803
83,964
108,535
162,907
127,868
150,996
44,230
103,998
186,490
162,267
30,255
134,610
178,103
174,192
171,964
38,942
75,543
29,296
45,522
110,142
71,764
146,633
167,228
112,188
97,720
103,765
2,734
84,354
129,632
118,833
1,915
103,101
87,856
118,986
60,261
88,16
85,629
177,282
102,5
161,692
42,465
88,221
55,180
4,174
14,337
8,640
197,133
182,540
157,786
44,160
84,781
132,187
63,432
199,548
49,328
186,761
24,206
61,543
200,980
152,712
137,445
27,172
46,421
51,756
7,721
11,973
64,277
15,619
85,875
57,934
89,516
101,252
92,42
80,787
191,595
155,355
29,814
174,880
137,128
126,605
9,819
26,992
135,963
23,805
111,667
194,570
122,137
160,296
159,654
17,428
89,592
53,974
147,287
76,999
106,283
9,733
199,647
56,423
107,773
122,749
142,181
163,251
164,265
57,606
93,873
97,371
112,356
88,807
26,277
97,303
105,787
157,299
114,223
91,112
80,734
175,738
198,970
182,746
95,21
190,883
52,330
113,518
33,402
182,757
53,167
136,13
30,375
94,952
65,888
119,948
67,818
145,159
87,280
5,21
36,335
61,316
6,164
68,677
177,559
106,965
180,642
92,277
153,905
95,884
36,10
109,65
153,954
78,234
13,836
31,453
81,627
110,871
159,757
127,379
146,654
197,41
79,510
23,371
182,695
114,823
128,74
51,896
86,451
154,136
160,47
110,726
71,853
124,713
26,884
179,480
170,551
156,357
183,406
158,201
171,352
155,100
164,69
104,980
31,574
54,55
74,387
142,748
172,761
162,494
65,243
78,49
172,288
64,213
103,338
52,807
41,807
194,805
39,227
115,18
21,87
37,101
74,383
12,128
64,955
130,354
181,277
42,7
132,39
20,124
101,919
150,725
101,99
169,208
72,3
126,390
9,965
122,89
130,61
184,830
184,301
25,907
139,357
10,712
18,224
73,97
34,498
57,607
92,686
113,800
133,9
94,586
172,152
134,779
195,382
62,352
154,158
199,971
8,921
31,356
56,35
118,705
11,228
123,260
19,592
180,353
136,764
5,275
90,237
114,625
129,728
95,91
167,951
57,137
176,761
156,272
142,372
166,162
28,397
65,775
48,697
102,494
37,163
172,620
28,289
39,943
9,991
21,245
191,707
46,633
97,35
70,130
75,321
103,712
35,484
107,800
21,453
96,636
104,748
138,991
99,492
118,46
62,129
51,697
11,501
94,451
136,721
166,842
70,498
170,425
125,633
120,881
164,971
44,994
2,662
15,86
8,378
124,477
186,127
157,124
57,472
136,401
196,273
199,394
82,349
178,71
165,335
15,84
185,137
8,51
186,67
169,307
64,838
117,597
144,619
162,433
102,974
33,935
175,964
52,697
149,548
91,42
94,58
146,303
25,789
121,463
182,7
62,20
142,39
148,619
66,996
4,792
51,967
182,360
86,97
24,686
22,115
19,964
145,64
62,691
84,39
79,441
57,329
59,931
126,471
36,55
14,741
137,934
192,43
157,899
112,485
27,65
78,238
129,246
21,797
102,288
92,440
121,4
55,33
6,667
139,133
44,784
106,821
200,174
100,508
96,67
64,895
156,830
6,6
157,218
169,239
19,569
4,650
91,282
91,600
109,461
190,40
5,667
190,386
153,23
26,248
125,894
158,704
134,622
118,355
119,323
14,888
168,338
3,692
124,548
3,447
30,428
85,270
59,540
171,188
60,175
141,974
3,246
28,472
123,766
45,995
105,833
130,171
190,412
43,844
119,511
83,893
177,394
47,880
98,452
72,901
82,524
147,861
27,387
30,317
67,912
139,776
61,543
56,767
6,10
28,973
14,831
132,986
102,990
181,635
153,883
175,726
67,77
50,671
115,798
91,60
20,739
25,428
89,899
186,967
86,594
146,873
87,299
152,557
3,558
190,948
135,255
49,77
132,284
72,852
102,227
177,723
123,877
11,45
170,633
81,664
197,909
107,483
4,61
44,507
158,493
17,830
71,547
150,969
55,955
161,127
7,673
188,348
173,22
33,486
24,190
28,604
128,435
18,684
6,860
175,974
11,333
16,753
115,507
90,929
108,995
124,553
52,181
63,276
113,681
116,794
102,593
184,352
167,566
118,165
145,350
92,128
173,747
171,711
133,943
93,68
33,685
182,902
147,972
177,157
50,54
53,853
149,703
173,996
152,286
70,268
151,622
130,840
57,768
65,849
57,348
145,147
138,605
5,146
78,162
87,299
154,392
70,36
181,890
106,842
52,268
15,395
49,881
147,197
45,964
74,182
84,424
175,20
62,303
41,735
149,175
29,632
48,70
186,329
108,850
177,271
141,972
109,447
88,330
23,446
132,947
7,206
173,56
130,909
123,482
2,792
175,804
116,897
92,843
34,491
105,658
106,724
186,389
187,675
80,588
84,279
135,908
110,814
125,590
11,459
79,29
55,845
32,342
164,752
195,824
179,584
160,241
114,413
186,11
70,256
49,523
46,169
86,492
1,151
37,895
110,981
187,295
110,428
109,330
7,795
147,800
25,809
148,637
78,274
47,147
49,367
185,675
18,850
23,324
142,34
35,445
181,303
165,190
172,532
71,460
1,915
74,44
151,886
136,961
54,966
56,980
138,186
10,952
146,908
34,460
188,697
15,125
10,455
1,865
82,499
56,584
105,741
85,499
18,98
133,283
174,365
52,178
98,576
180,952
148,281
56,45
114,594
106,558
50,885
80,518
179,717
69,349
131,343
175,234
104,339
186,615
72,113
108,850
187,490
137,774
21,856
30,385
80,717
72,395
81,649
116,316
92,454
99,282
115,121
18,325
188,759
121,579
192,890
156,692
149,698
58,52
182,402
182,68
142,112
1,707
54,864
113,465
169,893
164,711
165,543
105,498
50,337
25,783
179,794
72,396
178,428
188,186
10,479
15,613
151,372
156,72
184,135
40,903
120,296
111,685
128,488
136,549
125,704
79,669
96,414
79,597
133,200
30,419
15,98
110,982
85,978
60,512
38,149
55,142
78,970
79,426
124,518
196,102
6,904
124,524
11,105
92,539
187,670
7,463
186,454
188,123
150,692
141,53
169,582
77,577
85,87
68,59
140,360
123,136
185,741
128,468
133,304
1,397
129,776
66,31
108,291
110,982
182,630
132,165
194,771
51,662
55,892
190,581
140,681
8,581
157,94
60,244
104,111
176,908
65,806
146,1000
160,719
74,301
20,606
184,809
142,966
111,441
120,633
25,734
73,938
124,526
110,857
105,535
76,444
20,60
122,355
56,399
78,343
171,649
145,812
82,994
30,876
57,844
189,890
128,569
118,28
105,480
153,207
88,982
194,583
79,953
90,698
175,388
200,737
134,727
129,745
87,821
56,452
80,696
77,179
36,923
125,743
101,391
120,16
56,807
48,461
95,864
134,688
124,181
5,28
3,164
75,999
6,572
125,397
59,479
8,283
105,806
146,962
47,424
154,295
167,709
6,151
170,692
136,253
135,854
115,285
87,378
193,562
124,494
25,9
73,252
128,209
193,850
73,352
53,950
94,471
66,455
188,76
107,558
154,421
100,38
144,189
78,857
74,840
86,102
6,179
15,74
55,275
113,554
149,535
91,192
118,611
123,865
57,743
111,932
137,33
46,299
90,193
121,392
96,458
161,472
45,311
39,258
96,400
5,380
69,157
162,172
185,709
128,731
28,381
185,717
144,995
164,478
3,119
84,954
72,9
70,9
109,912
115,844
10,869
168,859
133,525
12,409
193,441
123,602
199,775
193,442
7,177
59,926
170,234
150,761
179,727
10,897
161,627
98,358
1,702
114,606
179,896
39,19
112,334
151,380
23,243
123,252
188,239
77,768
26,77
21,32
78,503
12,746
11,253
144,992
58,857
4,750
140,615
177,565
185,408
31,862
175,699
109,717
183,562
25,192
100,391
66,458
116,739
198,873
149,791
46,771
49,647
74,307
75,857
98,221
190,894
124,915
129,928
40,400
180,603
119,663
86,250
139,864
69,239
85,945
87,690
161,414
138,765
197,989
196,367
168,566
104,940
48,5
187,988
116,606
97,844
141,893
199,201
15,479
119,265
39,900
154,623
85,605
61,385
46,514
19,102
22,582
11,878
8,824
94,375
177,270
54,439
144,147
12,343
110,809
47,988
172,818
91,747
41,268
7,116
161,565
35,347
59,498
133,72
62,111
27,535
185,477
161,816
17,698
159,524
193,331
195,195
132,150
164,555
73,398
176,436
139,765
158,725
97,336
153,427
98,14
188,198
77,439
86,383
43,735
129,490
135,650
9,7
10,525
24,813
86,106
113,625
181,574
181,74
108,820
119,251
178,725
177,242
114,493
171,575
72,71
42,417
158,850
66,414
15,446
27,919
16,221
111,258
183,248
83,437
53,953
122,88
28,819
39,557
142,779
4,674
149,876
115,185
50,966
20,885
93,741
116,362
151,866
131,865
40,754
37,578
119,872
198,977
135,928
77,137
59,935
87,944
114,701
3,107
55,122
86,944
46,698
96,538
35,944
14,216
198,256
25,180
6,650
151,969
59,240
52,387
78,272
13,389
117,898
128,774
26,180
157,704
96,501
172,808
90,238
22,340
193,854
169,323
18,127
32,243
20,293
108,371
67,688
193,128
148,177
23,835
70,979
143,490
31,567
65,818
124,198
34,230
45,930
42,469
61,251
174,944
7,884
86,259
41,72
69,711
62,607
75,167
152,898
155,285
30,869
108,416
47,387
8,982
113,391
159,160
18,11
175,37
193,715
110,345
108,431
32,165
146,252
48,667
89,961
128,132
59,252
30,209
14,911
63,611
199,102
104,610
119,525
66,937
102,943
58,410
86,884
148,556
109,743
194,303
190,441
107,200
74,253
183,345
9,191
90,328
105,57
22,743
41,922
96,992
188,419
199,464
127,504
27,813
14,744
198,805
88,479
22,968
139,72
52,318
27,540
108,45
190,972
3,523
156,240
44,812
88,51
157,493
70,405
117,15
46,115
63,318
25,516
19,237
11,350
183,690
134,519
162,923
173,671
64,864
36,562
199,268
63,557
45,177
187,467
199,611
120,151
153,412
155,374
175,712
74,725
115,313
113,883
165,547
1,812
35,75
130,62
46,221
30,767
126,681
184,812
15,210
166,722
160,101
152,34
5,485
73,653
8,646
88,417
105,325
134,432
154,248
5,885
36,393
180,355
141,452
159,74
156,286
2,858
90,114
77,938
198,698
58,489
178,666
151,916
3,980
103,426
152,246
16,398
145,255
95,838
181,766
41,830
45,968
55,607
189,446
16,326
127,784
195,230
105,594
196,224
6,162
112,539
173,699
123,415
4,141
103,510
94,419
140,979
111,366
148,561
52,82
90,592
124,710
185,576
155,117
141,47
177,177
10,896
114,428
29,543
150,743
16,552
162,43
161,4
108,801
9,928
92,79
170,390
8,229
165,56
172,1
22,730
78,14
137,768
2,488
149,972
107,341
8,966
160,153
159,288
80,452
124,570
60,875
92,794
42,15
100,996
28,204
91,349
133,142
81,760
137,327
142,224
57,592
55,501
76,679
148,71
46,854
126,255
171,555
181,389
104,200
151,316
189,858
102,434
2,457
178,334
156,580
186,688
54,504
27,859
77,338
189,683
176,777
183,889
124,839
38,313
112,797
117,676
171,547
188,265
165,270
198,188
126,504
181,841
116,877
27,615
192,485
95,543
83,612
129,964
200,508
143,245
43,83
169,657
16,518
124,198
11,201
152,284
185,772
32,596
87,187
179,671
103,345
146,493
3,746
180,450
170,747
170,460
14,848
152,451
180,289
21,875
56,499
86,729
89,764
53,587
111,620
163,464
68,618
133,985
129,710
7,381
138,282
88,586
121,155
24,535
162,567
8,937
13,5
35,593
129,313
150,773
163,1
150,625
46,742
25,928
121,488
16,419
159,852
125,518
76,470
58,392
142,700
152,509
120,197
127,616
198,820
100,634
51,944
92,555
50,362
131,178
80,796
152,50
23,35
7,316
179,249
65,703
100,921
12,170
68,56
109,298
198,155
170,626
54,698
69,628
101,334
192,334
165,301
98,126
100,423
170,199
175,134
168,954
147,169
188,531
31,751
110,561
144,271
60,389
196,472
49,19
48,193
97,607
85,781
50,261
4,519
166,207
45,84
152,384
137,554
43,850
133,867
89,479
91,291
162,248
171,89
78,660
45,710
149,924
166,199
79,176
66,226
15,524
72,41
154,606
121,369
132,440
85,265
152,360
181,931
194,619
125,905
110,461
20,349
150,727
133,413
138,716
105,842
170,714
69,591
165,148
99,306
34,220
161,889
124,644
86,82
143,931
107,978
163,633
67,40
15,308
95,180
179,516
56,442
26,597
175,91
100,657
67,714
116,472
61,42
166,104
140,99
16,513
177,146
92,1
67,438
7,759
28,937
54,424
15,481
176,260
8,771
182,330
173,856
91,851
152,467
23,883
6,620
116,187
85,126
29,329
122,688
107,807
139,749
12,778
90,581
35,370
133,124
86,408
13,584
138,59
12,834
66,144
106,947
116,122
58,119
163,525
151,984
81,503
135,551
85,236
160,786
96,908
65,359
29,684
185,673
13,553
131,73
81,647
200,142
195,553
27,584
185,855
51,36
56,17
6,350
10,192
9,190
176,357
55,622
65,838
160,202
138,707
181,80
197,464
26,377
67,157
160,829
189,84
110,532
153,58
151,957
91,360
58,467
49,923
183,761
97,508
15,23
188,179
131,364
45,194
118,246
52,917
156,755
13,802
34,101
179,958
20,710
180,652
138,555
169,485
67,1
135,28
199,549
14,733
70,513
82,908
39,397
168,140
174,138
138,59
94,826
166,63
149,648
184,481
118,476
173,478
155,795
169,403
55,743
79,199
51,38
49,891
150,534
7,722
193,66
174,987
196,111
12,571
3,28
119,509
93,328
113,719
104,962
78,30
37,142
131,618
106,246
34,462
18,147
136,775
136,749
198,686
77,336
98,379
93,35
23,692
130,132
121,524
52,386
67,664
85,59
157,768
92,688
67,590
141,523
99,885
174,364
151,315
197,526
147,949
9,103
30,689
161,767
60,447
48,851
119,739
97,539
133,822
197,104
126,86
70,723
102,535
4,338
32,231
73,214
99,230
174,742
28,697
43,986
180,294
74,27
132,870
9,137
49,434
57,852
163,171
154,809
37,108
155,538
171,779
42,11
153,632
178,727
8,601
189,532
73,259
140,26
115,169
110,714
186,602
31,401
21,235
12,452
87,444
71,338
153,38
137,128
106,940
155,429
162,494
120,552
13,982
117,950
164,581
45,90
150,286
87,651
140,335
128,963
122,169
19,962
141,645
90,135
12,298
185,13
74,872
100,354
30,814
36,353
112,162
131,652
52,782
29,744
102,589
89,823
194,476
45,212
102,81
169,77
69,871
30,293
198,161
70,636
130,416
52,721
120,697
16,623
104,24
49,139
35,329
3,668
67,423
43,308
156,284
73,379
93,527
30,134
131,617
106,550
76,421
84,595
162,342
63,598
114,2
91,381
42,848
50,706
82,153
9,956
151,597
144,147
3,61
15,304
43,755
188,961
184,130
36,343
180,469
153,123
24,604
101,123
165,408
181,911
11,91
12,553
165,459
95,59
25,30
2,584
65,620
36,783
78,195
97,772
96,561
85,695
74,725
191,765
133,974
29,810
72,479
36,920
180,902
78,853
42,822
124,846
20,953
105,15
122,306
66,861
30,955
36,740
72,576
151,861
127,319
69,529
19,347
34,797
198,144
12,52
37,542
42,202
117,607
171,247
127,990
178,824
114,369
177,518
34,498
150,719
143,843
66,276
165,497
75,852
195,250
26,112
99,461
134,386
85,816
200,891
122,71
112,409
185,115
5,428
57,738
182,96
121,576
91,863
26,299
187,206
6,367
139,412
200,180
93,193
65,499
8,376
138,269
80,642
85,325
200,241
80,96
78,813
78,676
65,304
148,854
75,64
136,142
123,498
72,837
175,600
109,463
31,242
199,937
142,800
13,538
82,895
125,503
114,196
131,500
21,571
179,195
56,41
76,37
138,93
32,986
126,651
9,899
199,164
67,308
163,18
64,500
112,94
80,709
110,970
122,957
181,316
178,299
131,497
57,382
18,434
106,687
195,905
83,983
56,561
153,427
178,173
94,773
128,50
18,895
69,521
167,933
189,230
161,22
32,707
60,679
120,893
40,427
99,904
173,891
110,754
72,289
25,176
173,19
19,282
89,972
22,318
116,93
24,409
90,260
196,831
139,175
57,41
102,507
96,103
25,982
122,18
67,848
148,972
57,703
147,634
67,187
65,709
97,839
144,168
22,756
187,735
185,338
130,279
82,327
112,634
150,532
110,552
34,275
186,213
64,302
181,12
200,531
141,105
165,289
13,161
114,194
25,449
188,696
155,548
87,151
124,297
100,876
2,198
165,971
50,275
100,163
136,636
86,415
165,876
74,543
94,574
140,35
188,782
71,140
12,166
24,657
8,702
40,820
63,992
93,65
157,672
30,556
36,229
194,89
74,686
45,404
114,111
40,757
113,275
168,986
6,494
96,378
142,32
153,960
111,225
111,707
161,657
148,529
21,836
87,868
1,220
118,655
99,714
66,870
171,968
150,805
192,698
27,232
143,188
199,910
113,354
71,928
167,999
101,179
40,436
116,646
189,916
132,540
91,62
69,158
138,215
38,484
159,205
177,401
54,862
47,108
120,609
50,25
78,14
135,956
17,470
192,930
190,362
184,5
99,289
200,665
88,333
61,349
86,686
188,776
37,86
111,221
108,936
151,188
23,384
20,525
82,97
119,118
56,687
59,542
62,737
86,37
12,411
73,690
141,302
21,780
122,811
116,31
45,876
40,930
158,150
182,617
164,55
74,789
104,725
42,725
44,38
148,328
139,604
65,313
80,568
11,625
88,637
104,273
68,340
71,862
140,847
195,147
3,128
39,983
188,673
50,480
6,239
89,237
13,929
80,735
120,498
181,468
29,371
114,634
153,854
164,824
24,576
182,950
152,359
48,887
58,154
32,576
7,96
12,142
122,946
35,204
92,706
189,833
48,381
198,502
59,773
196,296
138,21
105,839
38,833
72,926
148,936
54,226
135,132
95,145
8,484
2,536
103,98
18,23
183,581
17,620
117,357
147,893
163,394
135,788
31,366
124,175
155,479
64,579
51,111
165,75
190,981
155,463
44,30
53,187
98,409
22,830
129,824
170,691
12,201
114,647
66,325
26,960
62,857
12,960
120,147
149,354
173,786
196,472
88,748
39,326
93,736
117,125
149,657
99,777
128,785
17,87
67,441
104,17
172,153
175,162
31,760
174,780
84,876
76,75
156,158
87,397
182,773
134,12
197,295
117,135
87,600
143,502
165,33
181,970
169,132
128,239
166,928
10,140
116,669
123,257
126,594
4,961
169,274
127,270
197,459
155,125
105,512
91,535
186,188
101,86
54,194
56,683
84,326
57,462
59,236
153,91
45,399
85,922
54,256
132,691
140,869
169,336
60,597
155,602
43,878
9,758
95,962
153,833
74,992
160,892
81,339
159,153
19,847
21,221
188,374
200,528
163,261
152,877
140,514
45,482
12,730
128,991
39,303
177,725
78,278
179,954
134,859
54,732
92,139
173,155
24,546
56,552
66,111
115,750
131,491
97,51
95,746
132,135
51,42
118,819
142,803
187,852
48,840
37,460
61,607
166,955
113,622
153,918
90,241
43,814
51,596
48,509
58,63
175,254
172,788
168,896
68,127
128,140
124,284
37,916
117,385
12,894
185,729
118,554
107,420
124,744
200,35
158,923
191,99
106,834
154,602
195,730
104,531
155,179
198,672
44,925
69,678
188,879
166,264
25,751
148,130
54,210
5,925
70,131
65,799
110,176
122,249
84,363
116,887
190,682
105,248
84,538
106,538
44,35
39,669
77,600
175,903
57,555
135,133
117,312
56,113
168,815
4,389
91,493
65,215
48,581
132,494
197,907
78,420
131,911
58,111
151,162
156,408
43,714
114,64
128,861
49,944
67,227
16,865
166,100
197,921
39,681
187,253
79,609
195,814
66,881
17,489
138,928
60,705
102,791
178,796
200,657
79,854
26,862
110,503
126,31
92,882
164,312
29,333
60,156
129,265
68,585
180,275
57,5
64,85
69,571
73,1
18,166
186,83
131,636
83,539
166,259
122,30
132,299
28,363
191,515
169,100
186,758
115,644
8,172
96,558
43,502
137,669
123,656
124,821
176,408
154,11
42,343
24,373
131,647
193,934
166,366
25,748
62,455
20,516
113,197
149,384
136,516
5,415
59,576
70,56
144,792
169,51
125,865
40,139
193,649
17,963
4,879
27,765
184,616
14,150
92,823
6,432
84,603
199,917
73,401
34,493
43,97
78,824
55,518
82,776
3,986
183,842
96,401
128,417
119,558
50,476
52,976
9,988
56,47
96,217
14,384
72,725
112,260
172,331
166,950
148,924
170,771
154,698
52,630
107,570
132,322
42,901
31,865
93,102
86,534
167,643
53,846
130,407
38,217
154,169
60,28
48,432
197,387
27,730
3,662
16,831
127,237
159,381
44,51
200,715
66,74
51,785
88,946
184,808
44,298
59,517
75,296
190,291
102,807
83,749
200,914
27,53
60,112
130,717
129,838
7,939
98,279
181,319
10,988
115,487
189,602
93,492
129,811
60,525
109,739
126,131
97,956
188,760
30,486
25,722
131,856
156,269
85,481
150,226
34,683
171,513
164,449
25,59
159,553
92,743
44,263
1,433
73,279
157,368
162,828
120,721
181,523
138,942
69,659
15,898
167,660
13,825
101,951
182,259
158,749
71,399
11,84
165,978
61,292
110,264
58,974
148,525
57,258
134,201
166,76
152,851
110,594
46,637
197,154
144,266
84,169
36,71
46,713
25,442
141,519
42,476
93,519
192,157
76,942
189,181
55,205
82,586
78,833
79,581
195,158
130,785
76,622
53,426
165,246
132,237
59,799
64,403
79,774
108,22
97,609
171,721
179,411
32,647
8,498
73,737
84,439
2,117
14,507
40,940
43,115
182,949
186,133
197,1000
33,851
91,794
19,753
12,470
129,483
167,867
1,51
198,39
129,619
134,749
121,620
163,204
188,484
176,55
193,324
32,246
16,227
12,399
143,58
181,160
123,612
44,812
67,557
122,389
147,68
108,109
8,344
70,210
40,659
134,323
168,96
34,420
145,113
145,248
54,995
178,116
44,209
48,487
42,874
99,266
143,289
130,401
74,443
132,164
99,482
95,817
186,818
115,115
183,994
192,406
85,934
161,180
169,45
130,5
95,599
180,346
3,367
40,797
139,506
192,983
193,488
8,897
188,812
108,672
129,228
7,775
191,935
126,714
143,587
53,844
166,662
40,73
121,83
79,556
165,756
85,984
114,845
74,538
94,979
22,984
92,653
171,6
16,199
113,912
47,45
120,51
116,39
65,945
144,141
200,827
56,345
113,210
62,664
172,780
56,466
89,587
47,772
149,384
61,956
141,502
176,892
163,492
29,679
17,38
123,811
136,473
178,567
93,265
68,420
195,164
153,734
39,448
132,144
43,604
47,20
200,992
36,115
185,875
125,291
81,95
6,667
117,504
53,801
80,769
50,882
3,20
55,429
16,883
119,345
56,581
62,614
113,502
141,600
155,69
133,586
122,171
121,821
152,13
99,941
176,931
167,572
85,575
111,390
65,458
67,160
11,895
33,995
108,524
88,518
180,837
104,50
119,612
170,976
75,449
138,467
84,312
12,565
164,852
15,17
166,231
56,425
35,195
165,894
48,755
24,602
157,938
4,184
101,611
32,564
70,649
156,114
93,63
22,495
153,44
22,812
191,763
140,597
195,703
105,273
83,935
5,773
30,590
157,650
177,435
143,186
55,302
25,116
143,734
183,817
184,675
63,246
198,114
78,975
173,459
35,901
48,583
196,503
49,624
136,518
71,66
12,164
64,585
172,222
157,614
63,17
198,521
118,42
39,980
50,250
98,78
40,610
179,33
27,307
192,372
58,107
112,985
86,403
170,303
42,790
49,907
90,821
170,166
27,491
141,223
185,464
83,556
145,888
165,900
47,719
99,132
152,546
165,124
168,325
197,157
107,307
160,949
81,260
109,355
74,140
21,192
66,826
62,159
124,232
146,10
86,230
54,71
73,911
178,277
49,649
198,337
3,316
29,403
199,565
88,592
62,680
60,751
55,207
43,547
173,149
85,455
147,673
127,463
53,191
41,842
40,942
105,698
114,6
124,379
139,585
7,600
79,882
195,117
55,303
46,692
60,702
107,98
40,578
157,614
190,439
125,803
107,473
79,828
20,905
135,889
86,418
182,590
152,944
139,410
187,993
60,253
9,810
198,734
147,750
178,313
115,916
123,290
156,976
103,81
200,961
121,363
13,616
71,609
107,586
171,799
86,159
122,16
55,303
126,883
90,280
16,950
194,233
151,278
46,217
165,135
75,266
75,968
31,321
27,903
139,74
97,739
193,370
94,380
170,960
176,305
44,839
14,634
74,320
8,816
57,741
139,889
78,502
101,68
178,152
78,362
67,621
42,593
97,372
132,180
137,627
159,297
67,14
179,29
149,648
159,740
161,48
131,691
164,701
140,244
111,305
161,80
153,229
83,160
164,506
132,942
148,345
170,469
167,413
116,849
142,997
88,843
90,348
4,632
42,554
85,506
172,294
94,298
128,883
7,189
97,732
6,635
178,795
24,529
197,551
53,443
187,570
61,95
15,360
164,339
116,593
37,450
98,26
161,269
32,755
151,299
147,44
177,691
27,683
34,627
53,733
11,850
181,933
161,197
89,230
13,701
185,896
2,229
186,922
186,387
173,95
156,572
110,225
192,646
82,169
44,453
77,564
83,673
6,150
129,219
158,476
70,188
10,33
187,400
6,248
108,343
48,410
163,298
36,585
7,621
101,330
131,891
48,602
139,321
23,188
177,883
98,788
23,798
104,231
52,908
74,42
101,635
69,175
90,577
62,371
60,141
50,377
97,123
191,757
140,568
26,211
130,651
37,591
181,585
139,726
133,909
123,497
175,649
150,248
83,341
58,783
6,381
170,431
48,101
183,670
164,140
1,532
81,611
143,578
142,941
143,262
124,108
97,179
42,993
129,209
54,765
26,992
191,414
41,292
166,911
193,114
111,445
117,745
49,716
99,908
123,505
24,763
200,121
156,89
190,52
111,362
189,533
181,612
145,266
152,720
91,379
48,154
99,885
122,594
13,185
76,42
171,107
12,509
110,501
77,259
192,421
4,673
127,736
2,832
7,527
48,538
104,479
141,338
71,442
118,742
143,122
6,658
57,125
186,770
30,939
75,715
55,181
102,244
106,188
146,755
135,501
26,311
160,92
103,34
92,666
41,412
16,752
32,811
184,732
135,475
194,725
157,888
162,982
20,933
115,872
124,798
41,396
141,805
34,440
11,968
135,132
15,256
185,688
168,511
77,384
145,571
1,617
58,869
54,248
191,884
158,350
180,885
84,150
188,454
170,585
180,594
39,617
146,1000
165,184
19,628
184,57
40,629
55,441
168,511
143,544
88,90
82,296
29,165
58,259
140,667
14,815
151,331
81,308
80,27
173,192
48,265
194,87
117,773
134,344
71,915
66,254
167,910
110,639
92,51
25,365
144,858
112,84
39,700
34,748
82,344
57,683
168,303
70,487
14,874
184,113
124,966
170,372
144,632
70,874
44,773
5,793
31,944
111,433
103,569
95,633
137,296
3,2
61,688
157,217
65,693
147,958
186,327
104,924
116,850
31,942
147,92
1,209
146,521
75,848
159,648
99,423
145,344
84,674
35,774
181,877
74,873
142,407
164,882
115,318
34,203
18,413
125,942
77,247
170,631
62,801
15,20
17,239
23,651
113,202
162,648
142,351
70,464
126,510
96,628
97,459
80,999
14,73
94,347
150,61
180,337
47,747
128,732
160,490
121,408
180,294
149,315
1,422
145,461
136,438
2,364
123,722
80,855
87,267
75,683
181,52
165,325
143,341
157,324
109,891
94,652
127,823
161,271
123,35
128,909
38,282
196,426
43,91
40,411
91,906
65,838
98,389
63,96
12,883
65,384
122,93
149,813
8,2
36,492
37,67
139,111
94,559
80,149
158,476
31,466
95,723
151,880
65,459
105,961
39,588
192,786
91,733
117,490
116,554
50,127
147,6
72,946
158,494
132,492
184,706
80,263
190,418
80,695
50,250
79,269
75,206
35,256
115,455
168,274
46,173
167,788
60,354
188,641
93,412
148,988
155,735
150,261
197,187
114,153
123,252
149,519
132,64
154,25
130,785
126,675
68,273
74,894
57,34
123,144
137,940
137,800
138,50
30,887
104,187
33,585
161,156
196,415
119,478
135,614
48,313
198,90
197,614
32,395
46,475
23,401
98,359
112,306
142,144
42,221
74,979
108,820
83,768
87,262
4,126
127,822
100,651
98,295
102,819
93,746
142,305
183,411
148,964
75,87
96,574
165,515
102,312
14,149
60,396
23,488
195,914
175,155
126,230
121,40
104,371
97,993
129,264
54,897
150,498
193,45
72,433
49,204
176,194
98,783
116,510
145,704
3,704
66,435
186,370
39,118
188,633
79,271
190,197
126,671
181,352
182,214
9,260
94,203
19,507
146,278
160,45
7,497
82,244
127,188
105,15
46,719
46,655
24,113
145,817
42,987
15,841
152,800
45,865
105,961
188,376
153,640
77,197
130,381
181,216
173,245
35,858
119,573
60,194
162,167
79,40
108,991
149,804
90,219
66,707
192,428
98,145
116,319
143,189
133,146
194,172
142,848
139,870
172,842
77,844
178,768
107,557
141,751
136,702
3,402
89,853
147,761
40,815
118,621
160,652
22,311
140,803
110,551
38,896
141,125
122,928
103,422
172,566
154,180
14,374
164,423
130,379
103,599
31,162
23,631
126,948
89,860
36,45
198,795
152,840
27,752
129,68
138,758
33,990
138,562
14,29
50,948
27,805
35,298
186,704
127,501
166,234
136,320
187,651
100,940
158,260
59,414
73,971
173,328
167,225
121,55
48,468
40,585
68,918
49,478
57,676
91,99
130,152
51,261
105,589
102,352
41,101
168,730
81,272
109,958
82,4
151,945
185,563
33,336
75,161
38,398
114,226
17,618
157,770
125,920
175,269
192,186
29,790
52,633
75,828
58,943
195,261
127,223
94,486
189,646
16,746
42,298
15,856
8,991
55,647
59,820
133,430
25,184
94,747
9,437
69,351
170,698
127,724
18,54
138,352
66,444
110,856
70,83
9,252
121,262
173,475
195,935
139,784
113,39
42,895
78,233
151,926
10,3
46,318
154,660
108,551
150,922
168,361
65,361
186,107
35,413
134,638
129,700
12,546
8,862
149,781
138,700
47,871
100,458
196,974
30,358
124,178
50,19
120,662
200,492
168,967
147,393
98,621
139,499
192,122
15,919
121,949
17,544
129,131
22,705
61,340
10,176
21,546
75,557
175,100
77,513
50,30
182,829
116,373
66,661
189,190
49,8
200,216
25,450
174,612
18,261
110,790
40,188
44,547
50,945
103,227
164,813
172,594
112,666
56,665
60,439
177,821
165,854
141,628
61,939
200,314
49,248
2,530
33,730
60,120
82,683
83,626
93,862
152,37
124,227
58,618
168,37
158,948
52,465
28,383
64,85
81,585
112,344
22,810
155,67
102,354
66,992
21,40
142,305
112,415
154,694
107,904
148,997
109,657
87,341
111,170
167,323
180,887
16,484
41,363
200,479
143,896
116,790
58,4
108,670
99,190
185,23
89,790
92,467
144,255
98,850
144,586
200,12
161,912
176,934
26,765
139,947
109,218
62,232
159,317
193,936
144,218
104,747
170,539
25,695
164,915
44,130
14,643
122,388
36,939
75,92
133,273
6,499
156,436
182,397
173,502
198,235
142,667
120,545
198,887
8,669
193,706
12,424
188,473
177,853
82,319
180,133
87,238
200,534
189,804
89,913
114,717
89,678
100,573
54,335
79,249
57,800
131,125
130,331
78,152
169,201
189,313
5,190
7,271
58,79
168,670
132,195
172,573
118,804
177,894
85,772
165,888
169,392
145,557
71,280
36,404
100,408
184,626
197,641
53,674
148,566
16,792
43,583
72,739
30,510
150,443
165,270
185,615
173,476
63,805
30,747
16,2
131,851
84,834
174,638
26,858
50,555
151,786
146,263
16,192
164,608
198,767
37,720
191,361
60,177
123,64
77,546
199,12
5,696
52,487
114,158
77,980
166,777
104,885
125,493
153,386
98,950
177,24
200,741
196,503
119,417
25,839
22,66
80,997
164,813
107,625
155,743
120,223
59,999
142,601
40,405
97,134
184,970
104,564
98,641
174,215
138,830
28,891
19,504
32,196
128,661
188,361
26,116
182,498
190,926
156,354
32,369
158,551
87,829
60,634
41,834
103,426
15,881
94,334
176,697
196,385
90,729
83,622
5,379
174,222
92,528
120,704
99,129
171,816
18,200
52,313
199,21
109,675
62,779
126,722
140,990
153,547
126,999
121,52
20,481
13,235
86,455
172,932
7,225
130,793
41,513
168,342
123,505
120,692
144,835
18,36
90,325
13,976
166,863
64,731
43,85
167,782
150,104
132,82
38,682
171,579
175,313
43,144
74,945
163,97
171,712
136,205
76,701
125,232
157,723
79,310
86,771
37,804
119,349
67,540
24,455
146,747
80,546
69,821
82,603
149,711
48,442
125,26
53,893
54,282
110,796
116,112
124,201
153,644
195,50
194,684
187,742
55,843
137,172
43,832
153,59
168,327
175,444
4,143
127,653
12,909
88,48
50,958
34,133
130,740
178,758
127,970
102,227
38,634
173,840
135,883
110,105
18,848
12,360
25,445
85,259
101,709
120,311
57,263
163,182
24,624
63,270
191,392
138,210
97,651
33,336
116,349
6,410
86,462
144,473
101,653
160,58
54,997
34,401
103,492
150,398
14,45
56,190
119,713
165,675
33,831
172,152
52,931
15,669
3,196
114,832
199,102
75,556
82,148
155,649
131,493
118,523
165,88
137,290
138,531
190,345
153,891
19,224
117,923
34,130
135,910
111,674
134,263
76,689
104,241
178,566
146,180
22,723
178,363
119,239
153,987
106,983
109,773
56,320
126,773
113,832
27,383
96,704
71,865
69,179
19,636
185,30
191,537
34,184
3,242
192,192
183,253
4,510
68,345
48,500
182,837
34,162
123,6
127,781
184,649
69,196
63,323
164,725
4,735
19,685
99,657
96,986
70,496
153,262
19,459
69,806
46,400
192,45
93,798
79,236
86,406
191,67
20,123
166,437
168,270
121,684
29,897
187,429
23,686
152,309
47,160
134,472
152,706
159,837
55,462
196,127
52,286
189,564
83,692
174,339
85,140
194,173
54,714
196,774
26,544
68,760
173,926
144,872
116,987
88,19
139,862
172,356
122,219
154,785
45,644
100,875
49,889
40,90
66,831
176,161
52,421
3,495
175,951
105,914
109,670
178,559
195,675
45,25
26,729
198,371
163,509
144,262
121,736
168,891
87,461
89,113
53,516
35,43
36,379
81,34
133,148
77,287
48,419
133,865
21,321
173,160
180,440
186,806
6,556
76,770
155,742
20,403
44,710
191,242
19,251
145,506
63,226
21,912
22,287
38,566
89,367
104,771
151,485
59,389
58,773
195,342
21,52
184,251
176,49
164,185
28,85
10,382
164,990
87,8
34,478
55,189
197,649
76,288
61,296
16,229
136,729
163,569
22,355
40,198
120,570
175,303
19,36
10,955
132,845
122,310
108,238
116,842
168,252
76,989
125,925
167,606
112,528
188,805
22,373
40,168
57,501
191,764
78,915
104,846
33,678
127,800
78,878
176,300
1,710
31,335
53,740
193,714
33,88
86,361
161,484
174,837
99,277
47,757
146,932
145,852
73,255
157,515
26,574
116,713
135,987
101,808
94,458
56,8
3,925
30,797
6,161
157,540
68,427
29,710
118,881
106,770
8,553
181,425
192,554
56,335
175,421
151,451
190,507
37,260
167,412
190,81
168,22
79,86
18,192
152,879
37,984
68,966
79,715
181,843
172,373
96,587
91,136
122,795
159,970
183,246
71,294
116,159
74,160
68,950
188,986
8,891
157,732
200,672
168,182
129,682
80,578
76,465
81,293
85,619
101,750
3,764
183,638
34,761
88,544
89,819
150,845
100,585
130,419
111,469
99,679
122,164
8,25
18,440
56,196
150,621
165,818
91,630
132,741
21,410
162,109
14,832
134,635
41,840
69,855
7,548
83,15
133,299
16,452
97,600
170,25
11,670
196,596
10,799
57,388
7,836
187,424
29,266
88,9
5,587
80,7
77,62
107,212
114,548
73,455
113,727
144,647
106,20
32,868
131,138
190,487
189,441
170,121
114,658
53,233
182,689
190,51
78,736
67,239
66,309
150,243
69,315
119,487
67,479
73,737
88,379
62,506
125,830
35,771
127,913
29,368
162,515
196,235
175,707
85,82
190,134
126,711
34,746
73,973
131,490
96,800
109,368
177,743
56,684
177,366
170,650
94,769
63,330
90,610
88,138
57,253
168,882
31,571
168,293
182,887
13,679
131,131
134,998
153,75
91,872
196,485
43,850
85,836
5,847
41,661
28,16
40,629
181,976
166,834
86,783
96,157
181,974
161,656
153,374
127,100
193,760
48,24
141,277
21,623
124,408
105,229
187,564
53,751
151,530
139,817
98,610
160,601
129,193
10,353
96,538
130,852
22,938
171,809
11,686
1,552
120,937
83,568
194,555
29,420
166,608
47,664
15,287
63,83
88,429
67,241
87,160
50,694
45,493
46,638
88,483
140,572
87,335
85,280
148,756
152,382
39,587
71,341
137,938
67,171
140,545
169,458
120,475
20,299
83,705
191,673
151,738
144,554
102,158
22,411
168,613
74,139
72,315
126,511
45,250
14,970
162,521
116,406
43,291
115,369
9,98
42,490
2,351
84,486
78,835
21,421
95,672
153,87
97,125
153,317
199,881
26,837
94,645
140,434
85,850
70,503
41,431
163,22
29,268
2,819
93,556
49,561
173,692
104,187
127,144
79,826
98,560
69,980
89,189
127,630
161,68
98,697
134,593
69,872
156,617
16,337
190,124
198,590
69,72
16,389
40,469
55,519
163,300
101,245
16,39
75,236
30,893
34,370
48,965
199,208
59,991
191,528
97,812
107,14
162,197
97,902
9,893
33,573
127,626
40,639
1,585
50,889
85,32
75,971
97,182
118,399
33,392
166,509
144,991
72,821
24,187
14,454
105,993
89,910
153,459
156,429
99,747
84,464
35,522
2,676
99,195
183,514
157,719
192,911
197,23
63,865
132,942
26,22
114,626
169,856
124,700
52,190
152,464
146,570
139,461
81,282
107,531
117,26
53,479
35,950
82,963
58,724
11,244
77,324
107,751
103,49
76,449
16,357
181,588
167,489
80,440
162,848
1,801
14,926
34,668
152,969
65,958
98,402
195,69
182,946
107,621
159,808
65,755
35,509
1,40
161,926
143,240
70,979
105,490
100,606
86,637
92,442
187,944
66,474
11,935
176,964
188,596
115,24
166,250
140,360
72,59
171,780
100,723
171,860
182,433
7,477
2,531
158,877
17,233
95,793
183,237
171,990
77,510
140,420
95,346
51,208
11,702
122,68
62,117
66,605
6,702
178,680
87,827
120,457
179,799
139,827
137,362
24,94
37,300
160,890
124,299
188,983
153,747
106,424
107,922
83,628
114,653
25,172
80,746
33,891
46,664
116,329
190,350
121,111
161,91
39,681
76,12
163,835
146,355
196,791
151,524
27,121
115,599
125,197
103,397
3,510
97,491
73,488
83,581
148,50
32,855
75,250
45,214
33,237
137,918
31,690
187,415
16,919
152,471
175,70
126,364
103,946
194,17
139,569
131,311
158,153
190,333
99,275
117,791
37,601
10,958
164,303
11,100
148,517
4,272
4,313
5,229
145,444
184,624
5,334
64,658
90,662
105,859
167,43
78,979
106,578
158,768
3,280
92,322
38,798
197,749
44,377
60,610
188,567
176,955
190,449
116,173
50,602
66,153
72,289
131,512
48,16
152,217
90,93
112,497
156,505
74,368
37,475
61,225
52,282
162,585
21,933
112,116
185,976
182,555
162,224
175,271
114,100
20,757
136,867
41,987
103,7
187,189
7,844
182,61
14,455
27,579
68,568
170,336
51,831
97,440
70,379
26,385
93,759
187,240
61,449
175,979
73,65
25,928
137,475
192,227
160,509
172,521
30,18
38,256
44,505
149,310
157,678
2,321
22,838
188,49
181,375
77,742
136,566
54,636
149,601
165,676
36,859
30,630
194,702
121,17
71,852
31,553
81,471
103,267
21,290
48,309
98,18
32,877
101,126
72,907
128,848
178,519
49,253
155,700
47,41
54,37
21,483
116,596
39,65
83,673
5,365
154,456
40,538
15,327
163,766
29,218
149,695
153,126
100,962
198,871
165,951
64,285
158,917
57,167
100,841
103,945
58,718
98,49
49,555
94,187
150,723
74,457
187,821
55,617
101,26
149,945
102,430
186,114
162,795
56,998
184,121
11,611
108,407
125,168
35,486
50,484
138,109
149,954
103,544
55,508
34,583
61,902
97,658
197,630
33,839
37,444
94,701
142,746
59,946
162,911
110,585
50,356
165,116
116,276
163,991
135,929
39,430
157,395
166,365
69,659
89,316
176,56
188,248
104,242
190,228
25,386
102,785
7,643
49,932
81,807
138,201
119,593
49,407
162,52
155,693
3,177
142,460
92,350
60,984
168,559
178,265
97,890
173,543
50,834
128,756
43,532
41,767
130,461
120,217
53,706
181,816
196,950
146,56
67,897
98,434
70,594
132,622
189,920
10,181
99,795
90,90
148,870
32,878
104,664
76,431
44,792
166,145
179,312
32,119
61,949
128,696
196,84
44,52
60,862
64,576
73,531
188,423
98,942
104,593
113,740
115,492
50,539
52,700
180,312
49,886
119,227
7,31
134,309
145,990
15,349
73,718
87,552
128,629
35,387
91,617
4,781
63,121
139,763
200,665
185,975
23,625
199,218
13,991
137,705
166,493
116,556
104,824
154,381
187,960
166,728
69,969
114,964
34,245
63,966
64,959
4,382
139,630
75,302
90,50
98,968
124,44
132,107
139,832
139,112
133,501
101,45
95,815
105,677
12,689
72,610
25,677
11,110
70,918
72,428
133,88
147,345
48,676
176,248
5,572
114,752
18,990
123,24
186,674
44,686
179,410
144,397
82,252
182,628
55,253
135,395
101,745
40,429
5,785
21,217
81,342
45,312
30,915
93,281
26,199
38,631
4,437
56,577
82,108
69,399
192,276
17,343
93,583
86,630
50,322
125,704
41,528
131,275
140,661
189,265
115,912
167,73
95,806
86,633
37,748
174,837
29,700
51,56
122,259
35,28
58,528
95,773
110,618
110,892
111,197
139,204
127,13
80,369
49,433
61,926
118,601
182,711
143,769
196,391
122,1
1,219
153,286
18,641
157,133
68,577
82,242
71,948
22,601
100,914
90,245
119,704
175,554
171,599
86,553
200,869
194,524
57,548
80,247
191,884
65,123
101,854
68,309
200,841
165,361
160,686
138,798
55,542
143,225
119,323
150,192
36,619
55,860
54,400
105,634
98,375
166,942
46,35
157,195
153,301
30,737
124,439
147,951
4,437
133,306
193,132
71,173
97,914
30,452
29,475
180,769
18,320
130,550
115,434
167,171
11,622
15,98
110,338
26,547
84,881
187,959
132,735
200,599
173,28
156,345
141,379
95,522
80,471
90,516
90,55
65,4
185,899
19,960
196,236
3,313
170,906
75,465
192,735
41,147
25,918
134,380
22,5
187,799
117,456
11,74
60,553
127,577
102,433
34,238
17,175
25,966
30,921
18,491
37,76
159,658
116,438
77,19
46,474
77,532
188,321
106,816
80,931
143,798
189,448
192,53
172,541
28,509
92,631
19,775
134,299
53,381
128,263
27,385
54,417
190,774
169,993
159,301
102,759
134,375
163,386
49,94
171,60
35,361
58,381
162,927
20,70
84,980
76,711
143,940
6,218
99,156
133,305
137,561
31,694
51,208
20,918
4,677
86,237
74,35
191,882
108,234
105,211
161,59
106,526
16,811
167,457
91,303
113,150
79,913
103,551
153,189
5,498
36,334
119,282
187,496
120,281
151,541
142,257
2,432
51,104
94,541
116,49
46,549
18,685
91,317
41,962
130,150
165,449
120,489
139,893
192,423
69,143
89,765
48,630
54,212
64,933
140,31
102,8
20,841
88,442
137,358
70,734
32,405
76,79
174,540
49,624
199,357
165,519
62,243
139,794
109,58
119,898
65,438
165,638
143,241
61,222
109,80
39,388
132,115
110,358
121,914
32,557
117,240
132,158
139,870
47,729
53,98
53,783
7,983
153,727
128,435
58,333
94,569
60,457
134,164
166,989
76,388
136,173
144,211
10,513
21,950
174,217
181,635
55,264
8,552
91,710
22,409
106,861
74,47
158,521
113,94
131,11
93,382
191,412
25,839
140,368
133,415
89,820
64,132
67,772
127,537
28,497
164,290
24,152
180,344
177,866
160,868
158,87
26,993
39,992
127,693
138,746
117,541
56,895
100,406
70,205
129,707
83,447
155,742
34,983
46,686
176,559
73,812
10,345
180,359
190,801
104,660
148,249
176,419
141,164
13,962
187,435
59,209
179,647
171,64
82,360
91,899
68,615
22,54
175,694
42,953
130,228
110,445
69,988
23,917
79,884
90,960
142,555
88,574
165,614
59,288
176,475
38,172
15,233
180,821
166,386
111,389
83,515
43,851
197,457
145,229
40,950
161,937
88,70
150,310
200,127
191,578
84,972
27,167
8,223
49,87
69,469
148,317
184,470
22,557
82,974
184,235
134,954
127,844
170,194
92,580
187,882
197,20
167,151
113,869
115,471
111,631
169,450
154,570
17,614
52,251
22,532
158,685
116,227
39,554
72,191
14,78
144,581
160,346
179,372
177,488
48,318
48,698
47,666
152,799
1,528
72,113
93,469
149,406
151,984
30,411
22,876
147,402
37,528
28,382
129,851
157,286
198,867
87,262
88,557
84,785
32,206
31,941
173,212
91,866
181,739
64,254
194,96
143,483
3,322
172,972
22,348
93,286
4,416
132,86
35,561
79,807
194,235
17,471
167,466
143,829
145,685
12,268
14,514
139,982
166,604
95,474
50,226
192,90
190,57
75,634
79,420
5,541
49,939
76,966
22,955
113,609
126,423
25,778
91,250
165,379
27,296
79,155
168,604
151,880
110,925
8,297
122,729
61,963
158,311
32,304
153,858
161,489
74,612
36,104
181,484
183,871
124,804
145,80
43,721
169,189
152,389
12,677
192,341
119,740
187,664
141,969
60,804
16,257
185,276
55,422
35,668
127,143
91,220
18,505
139,922
138,558
77,444
25,208
174,41
115,657
136,828
71,343
154,464
121,844
69,919
155,3
115,663
160,104
54,255
31,630
48,750
109,959
60,420
57,384
114,497
120,349
46,477
77,685
174,636
75,877
80,884
67,346
178,33
29,717
157,705
46,626
4,71
84,426
167,736
194,267
143,849
5,98
33,37
107,690
79,592
13,94
79,127
105,525
134,253
117,767
103,363
129,393
104,384
17,183
68,305
19,262
17,458
86,167
42,898
61,840
53,234
168,128
18,832
12,145
140,833
156,504
196,969
46,95
35,885
27,522
121,651
1,346
98,9
40,458
20,189
146,694
105,667
188,828
21,586
108,598
174,314
83,827
127,718
123,268
170,812
149,690
102,751
72,156
12,54
78,584
91,532
198,862
55,369
146,777
134,313
108,726
15,574
18,426
83,288
23,597
103,452
120,209
166,870
7,795
50,478
130,777
18,307
28,982
179,179
37,504
116,849
200,606
151,957
194,408
38,731
127,926
109,642
37,386
145,274
4,15
63,871
134,71
74,455
81,916
47,30
135,295
119,304
76,478
150,417
94,330
167,37
173,123
185,243
185,504
34,98
101,115
138,286
93,652
60,991
114,534
15,484
79,178
104,651
94,351
25,392
151,129
29,455
169,494
47,253
55,798
43,75
8,500
89,451
108,977
84,541
172,29
132,778
55,773
69,54
163,216
140,416
133,718
46,780
154,811
174,373
135,273
121,684
47,709
53,182
130,512
78,918
6,821
197,158
196,782
171,601
168,956
26,462
67,121
64,840
180,282
4,433
61,622
197,271
23,499
51,600
152,419
166,294
72,960
129,234
92,695
145,328
108,615
117,190
79,287
83,1
194,888
170,632
1,316
12,673
38,869
18,547
49,993
22,923
134,441
38,707
99,90
121,568
70,838
188,534
183,880
181,483
164,488
4,869
91,265
9,508
144,156
67,538
21,760
181,527
29,231
135,251
44,725
62,768
11,418
9,973
82,357
181,333
76,664
49,556
179,902
8,736
102,781
44,922
154,330
116,783
121,807
119,963
124,383
194,79
153,1000
199,942
139,58
48,476
89,225
74,635
20,240
186,650
71,571
180,527
116,813
75,509
165,280
150,644
18,957
85,821
179,45
158,143
198,614
42,349
64,87
2,925
44,179
69,388
172,45
97,875
182,695
56,317
116,766
7,706
14,27
44,992
156,55
7,94
83,841
39,197
30,362
185,419
121,857
155,11
190,82
139,3
108,92
68,172
13,223
12,383
148,63
76,529
64,601
167,507
188,430
45,583
62,941
150,100
10,953
114,782
140,482
131,633
91,657
94,785
47,678
26,982
13,452
12,986
95,284
193,77
133,371
119,956
142,979
33,763
69,230
16,382
163,804
6,303
141,128
56,657
54,112
52,321
100,225
62,479
200,701
5,503
74,494
183,294
59,604
192,311
183,316
191,39
178,986
40,446
136,171
33,54
97,247
96,714
185,509
78,485
34,189
123,932
123,395
87,194
36,759
89,653
37,292
6,25
8,120
9,41
74,365
122,758
154,624
69,615
29,71
47,14
113,173
83,197
1,374
196,599
153,747
136,375
84,83
123,244
154,872
105,773
170,734
154,805
115,923
152,259
126,933
119,303
130,390
153,635
96,473
47,46
49,664
52,735
132,11
83,50
62,585
85,32
9,832
157,855
85,679
188,169
21,974
25,839
48,504
85,73
6,808
11,905
152,307
32,228
43,862
80,345
150,348
68,590
168,351
119,351
38,747
167,770
23,575
45,531
36,83
47,724
180,197
72,976
162,364
29,235
9,681
35,915
135,837
200,885
138,986
129,398
3,72
194,159
77,624
19,737
21,639
76,734
139,127
115,267
183,858
191,352
192,684
103,7
200,496
130,829
46,134
185,20
115,266
188,297
180,774
100,624
167,75
57,128
27,476
200,119
87,6
112,508
129,403
55,875
157,782
71,747
70,800
27,351
11,850
106,752
139,614
25,345
128,81
5,913
189,166
185,122
195,391
112,965
97,233
125,324
162,605
52,511
149,445
114,19
113,957
50,829
101,249
133,855
168,13
82,582
108,619
193,778
1,947
74,628
128,965
2,314
88,424
146,980
42,152
67,788
160,693
72,219
55,248
86,312
189,579
198,335
144,763
2,250
157,817
136,927
84,500
86,617
21,264
153,665
88,953
52,403
196,888
18,917
161,279
65,519
178,520
31,906
66,140
153,81
55,404
128,66
139,26
35,200
188,438
199,742
165,947
159,599
66,456
163,150
103,153
33,689
141,98
79,488
14,876
34,408
186,178
147,145
167,684
38,679
197,123
161,355
59,32
158,215
57,718
148,32
88,969
42,343
87,539
159,665
69,577
148,210
49,801
52,397
33,818
120,779
12,130
66,661
88,374
87,427
80,826
88,951
74,443
70,606
121,855
64,121
38,826
102,510
64,478
1,922
19,308
91,563
178,15
54,253
106,985
54,444
153,480
126,7
13,513
183,454
171,364
50,765
73,148
38,372
48,670
154,846
48,838
120,921
185,247
30,717
189,455
166,111
5,94
101,130
86,878
122,689
107,534
125,248
88,141
74,758
49,325
155,860
136,315
190,784
114,712
44,872
9,663
172,566
115,578
28,655
97,257
175,539
126,1
23,330
140,917
122,975
116,184
104,202
18,744
43,501
157,986
154,78
88,859
133,972
160,549
23,719
143,826
156,946
8,262
184,157
5,996
131,787
46,304
126,498
189,640
92,225
66,630
134,515
4,284
120,755
151,842
115,682
127,568
151,374
24,528
109,53
12,224
127,908
193,299
21,421
12,602
175,746
6,26
138,940
117,271
187,772
101,171
182,532
73,452
119,586
48,573
10,709
142,276
64,909
121,449
70,968
132,236
42,306
137,849
29,627
162,67
74,260
155,440
147,228
171,97
150,150
132,345
142,266
109,818
163,10
68,426
85,460
51,973
167,299
149,284
71,435
34,810
168,878
52,706
168,872
54,715
178,809
55,519
111,855
184,78
167,589
120,396
125,671
34,246
183,63
49,596
33,304
44,967
73,345
9,89
171,760
9,55
146,962
17,591
19,644
73,649
56,632
100,594
38,344
32,610
1,550
48,301
77,868
180,258
4,978
44,199
183,893
47,758
114,469
14,231
9,58
34,91
154,354
110,748
92,423
142,102
192,135
43,580
66,808
111,325
30,31
39,638
150,591
180,165
193,137
198,956
154,189
153,799
78,537
31,461
53,345
170,107
185,579
10,744
67,101
169,983
174,504
149,146
14,215
125,956
103,365
46,274
156,527
81,619
142,25
53,522
88,41
65,572
70,973
77,648
61,40
192,782
45,272
200,603
106,940
150,577
33,531
141,706
14,767
48,828
167,961
148,921
156,298
74,259
97,696
134,82
73,15
135,860
104,37
192,241
179,736
171,759
150,165
29,261
171,875
42,742
168,570
135,589
58,925
71,783
31,538
26,60
21,93
167,784
61,978
14,357
68,590
169,295
162,613
78,722
87,439
193,77
126,843
74,126
76,772
26,812
173,975
70,616
125,172
49,727
183,507
77,812
129,975
9,829
98,130
118,578
191,152
40,409
97,927
163,929
170,844
31,538
168,723
119,288
147,638
18,217
42,584
4,300
66,901
42,540
119,619
64,701
14,687
157,370
92,726
173,18
35,700
94,151
125,721
48,452
166,467
30,832
13,309
26,254
68,622
52,891
150,94
40,140
75,365
82,999
77,544
157,842
97,15
179,754
159,362
111,747
49,6
142,794
94,189
135,344
103,616
9,950
80,215
131,476
134,150
183,457
122,802
59,338
187,462
120,493
116,632
177,556
50,155
32,920
161,939
92,714
165,650
199,568
25,415
199,954
78,735
81,45
173,359
22,933
23,676
156,320
87,733
44,492
9,418
185,777
17,690
6,399
89,637
51,384
92,897
106,409
46,131
86,927
163,252
127,804
40,932
29,844
191,815
129,246
42,742
153,725
76,994
3,131
112,686
94,366
114,24
73,8
116,579
150,670
74,874
193,859
143,857
189,486
158,439
16,877
165,164
124,280
113,400
4,213
78,934
92,683
110,189
40,134
62,275
65,257
163,361
135,96
81,846
2,110
11,64
167,331
140,797
6,92
52,623
184,727
14,153
39,297
42,854
65,724
24,553
139,450
111,657
154,404
42,592
134,365
12,413
119,973
69,203
61,125
168,670
186,971
62,959
44,501
145,896
74,289
143,152
127,480
135,707
17,613
122,985
31,381
83,742
149,691
167,8
200,118
125,116
119,385
95,897
21,23
145,500
173,120
92,103
128,256
106,979
96,160
34,412
196,831
105,331
136,310
81,457
196,810
57,331
139,99
59,521
60,376
63,3
16,891
191,373
60,117
123,610
49,384
110,110
75,836
99,788
40,291
51,661
123,791
146,143
39,296
131,7
189,333
76,340
7,959
152,63
38,762
118,532
43,926
32,362
85,862
84,416
176,706
88,623
31,66
102,57
66,735
103,758
82,193
119,176
66,999
20,913
26,830
127,449
123,677
95,146
66,438
191,191
103,848
148,514
180,575
97,435
109,908
9,168
175,79
42,236
38,34
40,225
103,830
127,46
6,577
182,377
46,246
72,351
43,227
106,306
103,380
181,179
170,412
148,964
107,416
116,649
79,938
152,588
68,616
44,133
102,292
100,595
86,308
172,188
141,544
114,300
67,460
46,385
31,700
146,211
148,767
21,621
117,225
79,365
38,430
144,645
78,81
138,982
94,771
174,105
193,940
74,819
116,680
65,391
195,570
87,742
37,316
106,551
57,244
80,791
92,549
36,1000
94,269
73,45
97,315
10,202
16,615
117,730
135,687
113,313
126,305
129,583
78,909
45,333
104,476
47,528
119,543
52,684
1,763
144,891
25,520
116,777
113,199
187,671
45,660
78,269
59,754
87,168
185,903
151,78
99,704
45,811
131,759
86,597
23,884
102,220
144,975
21,930
190,927
36,493
173,640
2,185
86,24
111,438
133,536
109,783
164,366
24,381
132,660
61,887
199,762
45,1000
112,847
113,379
126,463
48,947
118,790
182,635
161,193
43,893
106,976
98,724
142,630
53,871
183,434
177,370
105,959
173,533
183,113
181,489
178,427
194,419
111,964
9,269
164,251
43,194
142,831
68,208
145,680
16,339
108,418
119,912
10,906
73,368
197,656
111,148
145,68
85,937
11,873
89,276
38,929
191,298
14,502
116,828
7,384
196,519
33,211
102,711
190,208
59,591
75,699
29,908
113,859
192,547
44,212
192,792
142,272
103,491
126,998
90,465
42,355
119,682
160,297
81,459
147,903
31,32
36,929
110,445
157,271
65,421
20,759
95,303
92,696
45,92
190,647
14,143
18,623
116,584
63,910
164,366
73,654
5,605
59,519
190,340
198,220
110,64
15,307
104,779
10,214
188,138
42,768
59,946
168,296
194,730
112,506
142,738
10,755
21,28
195,221
90,604
30,232
177,977
144,511
128,551
127,509
9,881
67,842
35,226
81,221
154,909
53,535
168,675
153,653
115,411
64,864
55,91
151,251
102,919
138,547
3,490
85,82
145,866
22,524
16,318
28,503
19,974
44,15
14,143
101,418
160,128
188,958
83,313
194,474
192,934
178,837
143,684
152,712
95,503
143,822
146,534
63,958
31,967
68,66
69,764
147,586
73,150
175,861
67,414
39,999
70,42
71,722
64,285
198,553
132,826
198,334
186,939
79,852
153,798
198,894
156,402
72,51
48,976
76,266
194,289
104,93
189,852
186,44
120,364
198,623
193,905
140,747
5,618
48,82
124,370
12,691
58,157
150,321
127,436
45,593
53,627
154,557
6,922
94,529
155,547
48,616
77,436
66,938
194,664
58,108
39,484
156,380
114,10
50,227
124,709
134,313
178,522
116,584
190,180
150,106
138,339
192,810
79,576
116,398
15,773
146,493
104,963
65,858
54,827
179,995
26,777
8,117
103,562
144,567
151,465
144,751
112,24
69,349
120,370
159,804
41,435
44,422
75,388
13,790
29,747
194,38
42,749
146,176
13,824
104,95
103,251
147,518
46,390
45,298
146,119
19,264
94,77
83,280
169,394
127,623
135,245
195,19
101,829
42,229
29,645
2,327
142,461
150,630
56,19
33,194
167,846
55,768
156,569
17,153
147,698
125,567
148,884
40,301
