2000000
45,754
195,956
91,569
74,946
128,720
49,373
126,974
49,249
3,134
45,349
58,541
72,134
58,596
174,841
197,339
23,313
128,412
164,611
179,306
177,19
47,528
54,528
191,977
44,955
3,231
124,60
122,23
11,502
24,505
99,620
101,207
6,641
87,173
125,225
8,919
82,227
12,970
180,245
170,611
52,876
96,767
145,959
24,739
64,582
198,413
64,150
101,372
44,682
183,446
52,13
142,842
34,964
145,860
184,79
158,139
179,40
181,386
137,345
159,846
17,472
177,481
113,745
165,518
136,22
140,938
188,956
28,610
199,735
129,421
185,823
177,590
86,65
136,264
148,570
6,406
35,177
174,568
112,585
30,171
73,670
12,208
15,822
85,862
49,642
179,644
152,151
152,113
112,32
58,66
111,811
67,270
133,272
189,480
194,934
140,296
191,718
141,581
25,345
30,168
23,848
162,602
135,452
98,445
180,163
146,774
42,310
161,349
35,519
174,801
67,179
154,286
9,915
67,547
176,568
101,480
147,94
9,759
132,332
174,233
147,958
52,286
148,756
172,570
90,519
189,353
48,448
103,623
89,198
91,913
200,504
18,808
114,804
52,197
66,720
25,849
159,155
30,314
28,893
36,382
170,491
163,660
105,139
128,563
166,825
65,116
89,330
130,261
95,557
166,234
184,818
69,103
117,521
88,959
2,986
135,626
66,191
189,942
43,411
159,879
185,560
20,751
69,581
31,971
159,100
85,327
149,809
17,800
4,656
58,320
126,76
74,685
149,886
173,79
185,101
164,209
104,110
167,676
96,647
100,443
21,171
118,957
38,198
184,82
116,496
151,578
60,822
134,736
17,293
7,269
135,564
67,704
5,439
192,478
66,540
91,146
58,391
133,209
174,268
145,124
131,570
137,973
40,284
57,67
104,99
24,440
81,182
1,653
105,373
38,573
49,42
94,265
141,518
153,876
188,751
128,581
58,254
31,589
124,463
94,483
189,693
160,970
24,993
182,943
187,96
12,365
148,336
65,595
62,759
27,120
65,450
87,579
58,434
164,895
116,363
58,891
29,36
155,198
190,753
115,861
60,522
200,975
156,639
34,93
85,185
134,178
160,464
19,972
35,38
102,536
85,793
124,233
76,94
170,674
173,596
129,255
97,718
52,496
172,545
22,238
177,425
150,15
170,922
98,825
28,956
105,946
96,537
126,347
101,913
183,988
103,489
150,814
135,458
75,464
165,786
171,837
147,578
16,464
81,792
134,797
18,96
150,704
116,241
74,775
188,633
163,491
94,384
59,234
195,516
161,569
91,201
40,188
57,403
77,749
91,411
52,874
137,721
108,277
131,199
68,833
34,850
18,602
179,469
24,739
171,634
87,565
24,27
41,331
152,38
151,309
68,805
144,974
150,746
129,902
46,647
49,824
49,153
188,478
18,170
107,63
82,183
109,670
195,873
193,83
187,834
102,974
113,242
181,333
123,393
162,594
138,819
169,998
120,416
9,218
52,266
141,886
188,838
67,256
177,95
108,104
60,340
71,60
109,677
124,522
36,40
168,707
5,915
178,827
26,654
15,238
50,225
32,847
100,828
179,54
86,415
125,393
1,166
10,573
114,200
173,317
53,634
49,890
120,255
146,497
50,107
118,927
191,513
2,574
18,62
87,472
12,886
165,989
142,857
89,262
166,282
143,577
92,298
170,599
185,198
56,259
171,600
8,707
56,221
72,69
81,964
69,694
46,354
66,131
187,702
190,910
48,807
136,705
32,572
194,510
155,311
7,802
109,523
154,378
110,875
108,174
19,122
33,859
183,743
65,329
132,445
78,93
195,29
127,384
151,278
102,990
200,406
128,379
150,96
2,512
130,433
65,798
200,263
27,878
176,362
91,285
174,271
160,646
77,729
121,649
64,753
187,585
174,808
176,763
121,307
188,521
69,579
77,56
99,514
33,183
11,503
186,318
59,491
151,373
126,450
11,918
28,224
164,810
56,673
68,140
100,820
15,313
21,282
111,455
74,457
160,252
60,318
26,170
117,752
76,231
8,127
167,824
200,661
149,630
10,800
158,377
16,915
59,292
149,660
84,748
139,677
80,161
189,674
154,777
132,667
71,582
177,927
129,427
31,893
157,498
80,572
3,853
111,563
1,437
174,974
193,681
186,81
141,41
77,824
90,944
194,499
162,557
173,809
82,293
188,48
6,729
57,956
123,878
136,394
135,518
129,966
106,882
41,118
102,917
149,803
33,430
52,311
31,690
178,207
56,361
44,896
122,791
65,886
81,26
158,741
21,246
58,662
77,122
199,864
189,435
48,364
50,860
200,22
84,256
147,958
179,524
29,522
161,689
45,720
61,266
112,838
96,140
170,285
126,833
13,290
124,190
79,653
16,442
30,762
63,777
44,933
190,332
147,339
190,460
131,491
76,531
59,234
153,660
137,921
151,150
101,607
177,150
161,611
105,143
25,642
144,93
86,629
160,661
69,801
160,278
78,356
90,48
18,4
22,996
190,456
40,367
100,373
180,663
116,414
155,967
125,263
46,652
35,21
39,418
101,71
104,420
65,585
44,527
25,186
130,296
80,554
24,173
138,503
25,72
138,650
137,846
144,395
53,916
27,6
42,180
11,890
8,159
107,352
47,819
130,57
163,391
14,621
153,18
195,983
128,256
123,195
149,130
126,362
111,776
61,103
102,33
97,925
47,671
70,792
124,342
131,891
124,556
98,131
153,76
11,920
28,939
138,762
35,881
61,119
190,381
135,75
169,377
154,59
146,444
174,61
185,200
31,423
184,179
79,780
67,901
59,993
197,998
121,272
107,527
95,113
159,160
172,954
124,458
82,767
11,45
4,855
133,585
73,922
156,360
101,982
4,644
142,314
102,399
134,878
40,390
71,525
166,168
175,973
26,728
90,953
43,920
166,790
96,96
29,490
122,15
109,423
148,43
9,628
25,218
108,800
189,512
151,338
142,417
9,580
130,306
195,675
24,961
56,819
153,621
163,721
4,488
144,675
79,213
131,156
199,763
185,3
160,220
79,47
35,316
146,121
7,797
195,162
115,16
131,751
103,566
58,520
75,105
108,995
104,733
59,837
50,615
51,620
63,607
130,291
168,979
89,825
173,350
96,511
141,719
160,669
143,701
94,394
35,579
137,6
108,576
121,587
178,678
128,401
51,244
65,452
162,452
148,136
147,971
81,978
178,927
81,932
147,490
178,435
41,487
43,976
183,73
171,482
133,6
110,63
159,448
154,295
156,649
85,876
137,415
1,979
58,512
28,15
55,701
25,319
182,357
176,193
43,448
102,169
127,40
50,310
18,542
11,394
124,740
13,695
51,720
185,275
42,224
191,272
77,111
134,315
54,421
44,124
197,54
196,67
4,537
121,719
158,572
16,131
3,194
17,21
31,59
132,112
98,782
10,151
151,350
118,384
13,221
19,305
177,898
161,416
81,1000
148,283
69,971
165,237
170,149
140,716
125,530
24,305
145,520
185,919
183,407
84,119
34,130
44,600
153,180
100,622
21,118
11,570
168,778
56,167
148,840
70,198
96,118
126,228
108,390
49,443
200,122
161,619
195,926
132,563
111,652
79,977
116,148
142,52
153,33
62,801
79,17
30,256
26,52
156,352
126,176
115,742
92,622
167,231
69,677
101,490
178,984
165,348
20,666
128,398
21,802
116,184
19,329
85,225
129,16
171,43
131,335
192,59
79,300
76,180
34,170
76,415
36,871
128,735
106,174
151,2
10,308
61,257
79,983
103,812
27,65
43,221
30,502
45,311
158,532
148,552
197,226
3,103
60,710
66,451
95,886
136,139
185,492
9,690
49,384
183,701
55,593
133,914
22,165
73,49
137,670
184,330
190,343
10,88
5,719
37,646
127,563
95,871
181,370
97,775
18,376
91,834
120,533
130,374
49,923
118,708
72,903
36,100
151,39
150,499
174,775
133,814
75,684
107,480
10,49
89,291
114,270
86,520
43,833
179,609
94,902
123,382
25,691
39,257
99,79
198,250
62,224
144,879
108,559
195,357
94,788
31,961
80,875
79,997
8,701
152,714
56,924
20,143
175,574
117,540
78,276
196,20
101,598
105,73
13,694
57,158
161,271
193,681
68,963
140,76
198,712
187,13
14,833
94,879
88,39
136,138
84,36
53,146
57,852
122,66
138,27
120,824
123,298
64,457
75,111
26,74
101,713
151,300
7,210
2,662
69,140
128,780
134,769
23,487
194,651
54,73
8,126
151,231
3,469
159,614
78,433
15,741
166,368
187,30
31,403
16,743
118,441
30,256
62,764
16,350
186,586
159,674
49,389
21,657
8,298
106,343
50,539
144,539
189,158
5,676
156,95
186,186
43,231
22,6
49,403
90,155
151,687
170,489
190,938
28,823
89,182
120,735
169,626
94,917
20,488
183,777
160,223
175,351
83,221
139,824
162,777
112,226
184,819
128,488
79,32
195,453
18,688
84,601
186,155
111,446
106,39
34,634
17,985
136,611
143,40
169,282
126,487
32,89
96,428
191,813
34,413
17,368
39,601
33,104
17,44
121,951
41,298
34,945
67,585
52,920
61,658
91,322
58,288
154,174
53,379
59,967
15,141
2,74
18,803
91,844
50,14
88,882
138,352
196,381
174,914
167,300
36,299
47,954
148,929
117,93
142,249
166,598
178,634
78,1000
30,77
126,591
40,366
95,18
197,170
55,164
134,699
5,305
163,96
139,414
155,710
112,452
96,51
97,92
137,540
162,660
183,913
126,70
13,52
104,658
127,916
40,776
67,108
103,211
20,923
166,753
30,827
26,960
193,147
71,229
173,211
170,793
150,971
55,911
116,988
152,173
132,864
11,642
81,715
193,70
132,349
120,752
123,445
141,230
2,273
139,104
171,182
70,836
132,76
83,813
101,830
187,462
161,107
120,506
132,796
67,554
197,850
70,881
185,987
78,603
150,503
200,947
110,727
91,992
116,521
106,963
181,19
97,276
87,380
69,115
20,976
67,195
73,714
171,341
187,751
128,472
39,859
63,505
136,990
9,67
111,172
192,957
187,130
60,229
160,570
108,886
111,499
172,654
93,876
12,721
120,343
59,77
50,776
82,223
14,931
108,710
132,767
195,59
125,439
73,320
190,539
98,411
186,544
16,519
111,729
93,554
39,397
156,379
73,142
48,22
37,547
189,229
98,735
136,713
165,423
64,235
138,623
92,247
80,591
118,663
12,1
39,255
153,503
132,714
141,621
173,4
102,277
147,668
45,563
62,665
60,473
119,691
140,859
46,826
142,882
124,791
120,543
121,807
127,15
46,541
45,185
136,141
121,535
18,687
157,953
51,67
56,285
9,501
97,123
23,313
163,592
66,671
181,205
89,227
61,239
164,472
9,211
156,213
91,137
191,562
5,680
95,351
166,244
197,139
88,71
166,497
96,306
57,426
94,521
56,809
123,584
66,261
118,141
168,782
93,710
134,546
105,855
67,803
69,759
14,742
142,446
19,138
127,959
48,447
59,984
52,441
145,402
10,328
129,774
141,547
51,592
172,686
86,822
134,763
168,648
97,719
24,334
132,392
63,514
102,81
34,848
132,656
156,210
180,391
70,382
28,77
174,177
190,514
105,360
78,151
72,230
159,812
62,448
35,594
121,141
115,919
14,815
114,984
60,899
16,613
31,575
60,30
77,406
174,483
122,295
102,309
66,326
39,913
67,577
23,207
152,810
158,67
185,590
140,444
24,918
38,123
87,174
112,83
172,731
154,652
57,534
166,36
79,412
110,886
64,415
108,653
167,614
40,64
79,246
75,592
81,418
87,733
13,564
55,840
60,658
11,665
106,681
52,122
40,342
154,549
55,814
126,337
144,142
178,226
29,787
35,193
89,516
189,215
114,938
82,970
66,400
179,947
24,107
44,926
85,302
140,471
12,402
131,64
76,541
161,458
108,26
89,262
4,410
135,516
158,152
130,426
135,245
58,4
129,244
118,178
197,21
97,536
176,292
108,647
117,189
195,187
180,117
13,470
9,839
183,767
33,470
55,188
52,204
44,921
108,980
112,430
38,750
188,330
195,675
196,385
132,432
116,396
48,814
63,264
178,52
94,937
192,212
141,575
49,717
80,581
3,353
121,214
15,97
101,921
98,608
147,471
24,387
61,456
114,953
46,534
199,174
192,237
112,12
146,954
110,698
165,890
39,3
129,617
21,892
86,495
72,400
64,834
66,705
81,352
37,88
135,27
171,99
80,507
21,353
100,617
141,579
165,57
166,183
165,264
30,595
61,925
105,938
195,820
35,773
198,192
193,428
19,640
19,157
53,516
142,878
109,924
57,418
12,254
192,968
93,185
32,853
198,763
143,510
130,599
97,97
186,232
83,24
23,876
81,17
138,739
182,744
18,953
153,922
18,707
157,155
3,494
146,365
64,429
111,768
69,399
153,762
138,776
37,32
159,288
99,839
45,328
11,204
194,260
51,652
170,763
192,334
83,485
174,265
117,791
54,699
194,833
43,558
107,842
190,281
125,663
147,244
30,403
81,657
72,755
169,765
57,341
28,564
78,992
173,102
97,201
81,372
174,815
13,742
141,512
125,256
116,267
123,689
41,898
146,37
62,859
126,865
74,840
34,405
178,462
184,128
183,724
177,854
38,323
120,574
181,702
23,47
29,907
123,438
49,784
167,535
27,116
143,556
55,903
157,159
114,354
92,371
150,942
34,821
189,569
163,145
176,937
14,948
200,174
79,96
200,98
15,533
152,684
174,460
71,125
189,548
77,400
123,522
34,988
191,169
74,429
150,630
157,808
170,676
35,412
87,721
185,260
40,721
159,645
163,180
168,591
12,377
18,657
97,938
129,607
150,90
125,237
175,639
171,174
177,80
160,444
190,798
143,560
72,459
170,926
158,518
132,989
74,941
192,657
116,150
83,475
139,262
62,996
177,277
38,845
4,573
151,266
194,637
30,285
29,743
89,371
72,8
60,121
195,441
98,147
3,391
64,293
196,800
121,500
21,267
117,644
191,963
175,350
45,14
51,468
58,950
151,612
125,114
1,964
121,761
141,738
13,110
86,733
55,638
136,976
33,953
180,128
86,847
149,796
154,737
190,821
197,961
87,411
8,163
196,819
133,882
70,37
132,727
115,48
43,428
97,758
16,842
70,707
56,998
9,979
145,795
30,879
172,572
77,258
8,659
159,668
109,892
82,907
125,569
43,260
47,131
159,19
63,123
46,405
51,263
138,498
55,269
80,64
109,690
110,518
158,129
53,781
16,143
57,157
140,914
28,843
17,605
126,270
67,773
173,176
26,164
4,511
168,795
128,422
123,101
70,271
136,611
182,867
8,513
65,856
21,38
61,628
172,49
128,733
167,224
42,316
11,785
107,284
60,884
3,263
66,626
89,13
1,908
78,875
114,107
148,82
93,896
99,72
15,906
78,957
9,992
59,547
57,948
79,748
69,372
10,797
30,399
1,334
137,45
180,478
13,90
12,907
90,884
166,415
26,653
51,943
90,633
99,671
182,870
173,349
53,68
86,835
93,374
167,894
198,804
11,460
148,270
2,806
160,812
64,563
189,202
150,917
71,252
94,145
173,861
179,105
200,728
167,489
165,149
182,333
114,724
93,507
31,418
89,37
93,416
39,390
195,113
22,244
42,95
138,497
155,704
50,699
112,625
137,753
161,264
138,771
47,553
8,876
7,542
64,955
7,792
93,239
109,146
182,985
128,888
106,306
139,612
170,290
80,971
79,198
42,276
124,719
126,409
178,370
50,160
163,981
107,806
122,151
84,948
194,688
55,618
66,440
150,885
152,482
24,664
196,119
27,529
17,833
78,597
129,997
110,753
103,508
60,639
85,44
124,317
125,274
102,982
155,679
158,255
170,446
51,933
52,412
39,597
120,82
95,231
172,774
23,874
189,139
199,34
80,277
99,928
133,257
185,258
134,51
66,570
96,998
142,856
112,585
72,657
63,460
157,700
134,772
25,896
193,866
39,216
151,925
23,457
18,275
41,692
114,436
102,888
62,423
138,925
132,659
148,484
188,239
173,443
167,176
34,831
150,966
141,890
105,336
158,782
74,656
164,16
40,246
70,158
195,83
133,16
184,142
199,551
95,107
139,40
64,516
47,301
125,847
199,443
6,288
101,734
50,993
47,540
45,879
133,843
99,334
170,59
63,64
36,981
144,300
87,294
31,21
24,868
132,999
52,766
143,907
103,937
174,225
15,578
152,624
6,683
87,389
48,28
168,360
102,586
109,611
131,656
183,723
194,65
102,528
149,104
88,525
38,403
67,748
19,489
82,832
194,7
25,605
140,790
147,392
10,372
139,99
36,520
94,271
106,94
165,179
151,170
65,335
19,634
57,346
166,543
98,897
195,917
36,898
68,418
197,652
153,992
36,576
149,917
26,680
148,703
177,469
161,70
156,246
140,262
11,996
141,58
147,114
73,729
74,674
86,335
128,764
121,200
21,384
43,557
116,455
8,233
101,842
138,271
45,222
143,839
28,866
54,954
163,619
124,48
128,400
163,510
90,30
71,91
18,616
67,85
144,388
175,682
45,688
131,785
132,706
41,362
200,439
77,751
85,236
187,439
128,200
50,24
165,835
147,896
139,836
127,858
80,75
147,565
98,424
197,850
7,500
86,513
28,678
59,385
186,266
145,480
115,631
200,863
86,755
25,928
99,222
188,259
121,929
199,150
158,975
18,482
4,433
107,236
57,728
77,748
86,238
134,40
149,408
140,273
138,95
163,317
16,708
112,244
32,398
70,95
153,370
183,648
6,842
75,776
50,976
114,834
101,91
165,477
69,687
16,673
20,520
149,345
119,715
188,307
45,451
102,615
81,297
39,459
151,472
152,460
134,426
59,806
119,83
172,25
64,471
80,374
153,928
52,814
71,865
82,717
109,749
136,434
129,621
34,173
22,244
96,210
177,548
70,998
65,331
95,206
187,967
194,832
86,516
144,970
68,934
158,487
104,219
48,663
4,908
35,565
9,73
105,184
67,107
145,617
170,190
91,392
137,450
165,349
71,536
53,27
5,305
121,548
13,135
65,691
154,773
118,37
44,343
80,534
82,970
85,290
97,682
128,65
47,597
182,841
193,445
52,33
55,128
43,577
104,927
178,317
74,886
171,409
135,778
36,366
114,882
144,268
148,865
135,806
30,646
107,896
29,228
113,434
50,50
120,810
182,419
145,839
41,548
73,70
175,831
143,973
111,598
176,6
198,861
168,42
112,211
186,430
126,734
199,116
107,406
67,362
71,783
122,408
80,600
153,212
16,314
150,345
70,234
198,320
9,687
193,573
193,180
85,346
99,779
93,226
9,120
163,859
183,173
33,373
27,226
175,587
85,571
110,646
77,817
22,557
47,89
194,207
200,740
4,563
151,158
16,912
54,19
11,30
97,216
40,733
13,676
123,668
155,391
157,775
39,41
56,748
139,936
98,480
116,241
76,712
115,156
185,968
9,98
32,888
13,63
31,611
199,605
162,299
64,972
49,432
62,215
17,812
164,610
137,305
191,915
123,104
137,551
140,667
124,763
177,778
89,655
37,690
105,667
200,157
94,370
85,853
4,488
69,990
86,493
170,440
73,594
133,505
81,898
156,926
145,763
109,804
111,813
14,978
18,323
19,17
89,691
20,564
159,676
144,810
55,695
115,640
196,852
134,953
93,513
18,526
3,34
114,255
148,672
118,871
135,163
37,111
53,423
168,102
200,780
176,27
164,270
66,256
83,666
45,86
112,118
124,746
131,470
20,544
184,478
125,780
56,614
118,304
34,509
177,467
173,151
70,31
141,686
153,40
157,700
57,696
133,507
168,159
41,377
75,559
161,599
172,196
32,458
90,651
44,981
17,530
30,503
96,955
149,922
3,138
138,545
16,176
175,954
30,661
16,918
137,163
72,983
67,282
13,786
28,272
172,425
89,741
148,97
111,73
197,352
112,939
184,424
10,458
74,801
139,381
168,458
8,483
102,225
60,862
142,329
84,144
189,628
90,847
178,108
68,323
185,495
83,772
41,506
117,452
100,406
46,404
148,290
35,218
34,952
182,902
49,619
27,1
89,333
99,914
180,50
97,986
37,419
12,557
119,548
179,695
134,603
185,801
28,78
91,745
94,844
68,179
176,812
200,30
199,221
103,137
51,681
49,183
58,785
112,558
51,791
197,756
156,534
1,695
8,321
181,679
31,468
161,525
63,185
31,449
111,397
113,906
2,225
5,929
137,242
58,950
72,844
105,571
89,867
99,722
125,981
54,811
38,242
75,164
122,685
159,81
150,895
196,853
186,296
108,817
118,101
136,46
114,798
27,643
100,825
194,44
53,52
111,984
184,107
189,133
16,53
154,618
15,872
89,123
141,324
47,143
137,394
89,183
159,486
33,769
174,244
133,972
179,419
153,707
119,66
109,691
9,524
41,952
88,550
146,824
119,369
70,175
86,186
91,463
142,689
124,760
145,166
42,382
11,697
121,634
21,105
113,903
178,677
20,284
71,415
122,309
102,744
10,652
61,802
112,329
12,750
149,258
23,456
38,813
2,41
21,253
91,2
135,961
100,615
23,326
20,469
138,457
32,992
30,110
122,572
108,914
15,362
157,650
190,548
8,491
102,961
150,36
95,986
37,711
176,965
161,282
106,481
55,629
185,174
80,154
37,662
92,930
67,996
124,272
20,138
24,546
142,507
135,136
131,854
124,646
164,426
164,318
166,760
132,808
7,612
178,760
35,539
156,620
109,111
150,552
42,402
158,450
172,828
196,878
14,955
48,594
63,529
178,838
176,207
174,720
181,395
118,692
66,615
111,463
28,135
129,721
45,26
91,259
18,471
9,608
75,689
57,469
164,804
74,551
179,341
31,335
68,316
35,599
70,797
142,744
44,395
111,413
17,994
195,915
90,995
135,418
141,706
179,186
64,180
78,840
137,450
171,53
120,618
42,181
90,195
15,480
79,876
137,257
178,374
140,559
188,231
14,820
118,21
24,36
129,212
195,533
51,210
26,728
155,97
152,442
174,695
89,183
170,402
30,363
5,151
66,775
55,657
21,783
149,437
46,331
61,263
186,739
102,494
99,611
30,376
91,376
187,312
6,920
57,8
77,724
82,830
4,619
146,287
185,149
118,768
51,430
35,979
153,484
200,292
91,549
104,996
122,565
194,456
93,123
175,769
88,947
95,205
20,71
106,443
71,808
79,769
123,785
78,61
134,213
67,510
35,87
177,66
106,478
70,482
19,275
60,712
141,164
160,610
149,639
176,569
61,119
162,149
125,817
56,64
163,823
71,368
159,239
152,138
105,809
65,762
196,294
187,88
194,642
16,231
67,499
68,672
189,101
28,213
138,721
122,295
171,932
138,925
88,49
189,539
108,629
55,525
95,664
87,274
34,290
186,539
49,182
159,691
148,556
27,403
153,134
84,655
33,654
15,554
6,556
188,859
15,145
165,357
127,974
112,578
93,134
123,539
59,12
159,694
153,906
37,777
85,569
77,881
70,789
151,644
97,960
161,227
88,85
116,450
116,825
6,243
169,511
65,380
127,651
52,8
65,720
131,601
119,488
143,869
119,50
64,723
169,46
25,590
163,16
145,79
112,448
117,843
107,798
120,389
79,336
135,640
190,512
52,645
88,393
89,254
125,8
137,984
93,411
72,68
68,323
59,625
166,952
107,209
57,113
152,688
107,554
8,570
142,139
138,693
2,363
174,459
161,931
125,336
90,438
110,147
8,899
138,409
136,652
141,430
8,145
28,543
171,262
76,656
148,978
25,817
187,538
125,992
114,677
124,124
199,913
25,505
75,284
27,585
34,214
82,474
57,145
106,195
9,773
49,798
139,680
145,545
196,861
100,623
4,613
12,787
34,734
47,436
38,113
125,238
71,938
144,538
139,940
23,405
112,633
173,687
191,878
15,750
84,872
12,127
136,130
186,375
13,60
165,301
30,523
181,523
77,972
159,1
25,54
94,310
22,521
166,143
164,209
51,122
196,596
55,992
124,22
8,478
75,742
69,146
92,178
193,384
144,779
175,649
56,629
13,283
165,953
6,801
122,228
186,147
125,374
168,975
53,14
142,86
97,882
99,953
30,653
93,671
8,721
162,105
134,298
135,131
181,773
35,92
178,539
178,313
134,667
147,596
12,196
143,264
176,928
53,757
6,436
154,759
142,339
63,550
133,387
19,71
169,871
192,235
75,734
187,421
82,962
53,563
108,964
6,865
13,32
137,469
102,341
168,44
115,788
65,940
48,439
146,837
101,615
128,979
193,565
71,373
30,270
156,162
62,990
196,67
179,779
183,843
172,295
141,932
173,414
94,150
162,845
111,612
89,408
154,44
115,855
195,700
22,66
64,286
54,424
161,886
164,976
126,573
147,143
149,713
28,52
36,467
192,434
68,513
154,656
118,468
50,361
173,437
127,941
66,187
172,452
55,435
128,655
97,785
11,2
47,463
91,303
167,900
146,462
66,87
12,174
69,577
132,704
94,81
85,840
160,263
56,752
88,302
71,175
119,121
9,88
144,320
198,15
151,550
146,359
15,267
22,106
156,712
109,436
196,271
23,913
131,205
164,698
99,444
186,475
130,916
75,262
72,907
79,729
170,387
64,769
58,565
175,552
79,452
35,367
60,220
105,642
57,436
148,662
83,212
165,720
68,276
101,25
131,596
199,62
145,414
143,106
31,202
195,118
90,823
71,570
3,473
116,94
117,142
198,296
115,352
16,457
174,779
149,717
40,122
153,570
185,776
64,305
7,117
91,124
112,322
175,77
158,193
43,98
62,35
134,89
101,737
66,578
170,174
78,784
58,290
58,980
146,699
41,920
110,15
9,645
144,554
127,453
168,1
136,275
35,797
81,456
62,336
96,424
179,189
165,158
85,759
75,100
88,473
96,699
114,332
102,518
84,809
171,584
148,593
7,492
159,397
61,512
114,864
133,470
89,416
158,296
73,181
71,745
62,65
64,963
63,173
197,1
154,596
104,650
104,933
169,506
116,606
55,408
107,472
16,510
131,820
191,400
55,443
7,382
138,999
82,753
65,343
103,762
32,50
106,498
11,71
161,827
141,108
27,462
15,860
44,877
160,991
36,769
153,915
28,184
161,724
83,953
96,422
1,461
178,460
38,323
198,725
148,50
156,319
175,898
30,83
92,294
152,29
173,12
41,988
132,375
13,899
41,723
187,547
187,665
66,445
72,260
23,894
74,475
16,328
6,617
168,2
194,463
188,474
78,339
127,848
119,171
154,297
33,1000
10,293
65,441
66,971
68,612
167,303
145,811
20,500
194,165
170,954
158,240
164,41
38,295
85,565
137,44
113,138
176,315
178,690
134,489
182,451
142,794
130,953
132,555
169,592
199,776
56,420
119,100
27,179
144,11
140,346
74,289
45,617
29,724
135,481
157,99
28,360
162,661
151,82
148,562
177,708
123,754
7,568
98,498
30,479
22,181
46,534
115,409
157,793
35,180
160,204
135,612
169,786
64,228
155,570
102,125
43,621
108,387
3,553
17,705
90,752
51,609
166,75
172,979
115,357
50,197
165,1
194,708
120,551
125,866
86,998
25,47
159,737
28,607
117,776
171,511
123,393
175,742
141,627
147,757
68,646
132,668
13,832
167,473
150,350
49,426
61,138
105,269
63,53
92,841
149,86
70,463
23,163
179,415
7,304
190,863
138,229
62,152
99,806
199,67
11,815
164,54
76,313
64,349
42,618
166,463
175,854
34,5
112,815
27,134
59,851
3,937
48,229
17,730
4,647
11,792
107,188
97,825
163,655
28,847
18,133
154,651
173,838
147,894
60,664
49,96
175,922
123,840
5,130
44,82
54,271
187,305
147,29
132,271
75,696
152,930
89,108
153,520
89,221
120,810
70,593
128,939
13,287
156,725
169,944
88,661
104,950
86,696
62,339
44,21
25,470
176,45
130,836
158,564
128,280
107,191
182,138
4,355
77,970
196,394
132,214
108,499
196,905
187,493
168,994
190,891
160,988
73,121
66,518
160,745
42,112
112,636
173,413
1,869
54,857
138,35
2,840
49,248
146,709
160,18
152,948
112,343
163,141
118,992
95,674
83,309
170,628
96,611
191,509
189,983
62,471
134,337
83,447
93,368
171,214
67,219
109,796
190,190
63,798
83,454
72,684
88,34
98,469
72,452
132,806
41,511
132,854
154,278
187,269
179,604
54,115
122,836
120,495
164,455
85,83
24,779
16,958
36,48
70,338
157,661
44,943
11,737
167,760
35,276
49,508
143,850
71,27
11,819
77,704
42,796
37,920
92,490
187,524
25,639
53,117
194,582
149,676
181,23
156,699
98,381
75,849
113,495
16,953
108,302
15,705
83,949
145,106
14,194
31,196
142,378
26,143
155,400
180,328
195,802
95,529
112,81
2,145
83,896
186,332
18,10
101,352
115,547
19,170
169,571
160,958
40,787
129,440
90,667
68,350
3,494
131,613
165,900
182,945
59,574
96,558
54,380
60,663
186,561
99,25
191,304
39,951
135,6
119,397
180,428
69,387
142,310
39,431
180,827
90,708
197,834
19,184
120,29
77,802
51,53
129,15
99,509
57,214
99,769
74,226
59,208
136,165
166,207
95,166
69,762
37,442
88,780
8,127
181,425
159,727
185,723
59,367
169,657
109,753
127,213
185,531
128,849
106,686
71,872
64,758
89,547
53,305
119,241
167,661
141,747
97,665
48,39
94,110
173,156
57,61
191,637
152,133
96,249
68,930
200,131
87,220
29,267
72,572
72,147
80,926
60,893
191,24
65,638
59,175
10,150
101,789
71,3
91,904
38,957
24,836
191,731
179,72
26,302
59,393
161,843
93,152
143,422
10,847
88,547
129,883
128,437
193,796
138,132
1,677
183,740
199,909
144,67
17,975
190,481
41,805
183,255
125,40
168,307
52,32
85,191
92,837
50,280
134,629
186,831
158,82
93,642
143,929
105,251
123,668
74,980
198,334
85,820
25,784
115,658
93,992
138,197
134,933
132,161
38,656
184,121
91,374
39,130
138,177
176,290
20,155
121,506
163,572
104,521
142,302
47,625
78,922
57,547
12,213
68,200
187,583
4,450
191,861
6,797
196,311
62,240
166,651
42,157
5,168
190,581
186,321
103,466
26,116
109,176
167,533
33,439
79,380
71,516
144,926
78,419
13,638
76,360
158,807
181,236
138,852
174,197
161,552
119,81
87,181
85,713
187,400
197,182
105,42
31,640
151,521
148,39
142,227
124,814
24,23
49,559
4,492
91,889
155,81
73,20
168,654
94,502
178,31
2,131
87,466
1,288
157,256
90,298
64,286
178,93
28,305
149,559
48,917
42,564
24,724
108,100
92,504
102,75
24,517
67,345
32,966
101,716
46,552
32,927
99,597
128,581
188,150
46,471
50,698
129,783
147,106
183,159
184,359
124,747
166,179
24,85
142,865
147,578
146,499
127,835
37,580
71,125
26,257
58,782
137,405
62,718
189,158
59,994
107,933
141,87
107,116
114,933
3,133
74,888
124,414
150,801
98,934
82,857
197,407
163,708
83,544
154,244
85,756
69,846
5,930
195,352
49,525
147,409
27,805
25,570
87,966
13,4
34,784
6,215
184,651
36,572
28,423
24,983
44,27
197,280
85,62
64,959
75,488
113,591
108,119
191,8
164,17
181,129
11,393
192,736
191,161
189,744
9,199
125,200
171,513
176,18
120,925
108,280
75,396
188,24
125,38
184,228
177,751
140,163
20,476
106,917
191,92
47,887
102,82
99,125
114,771
193,24
167,621
16,964
145,635
200,839
180,32
182,122
144,469
126,77
93,698
4,963
124,882
160,7
8,768
13,895
90,654
179,126
139,106
135,636
24,486
101,217
73,673
27,574
93,136
127,802
147,28
10,945
105,10
50,755
132,376
188,21
52,301
122,243
42,201
137,933
5,142
165,465
92,863
93,570
49,983
125,767
15,626
194,570
86,875
106,556
36,847
166,167
37,714
73,407
115,125
192,43
73,359
39,877
31,255
80,606
107,693
10,40
187,951
9,746
143,360
169,733
137,188
16,114
91,150
183,791
22,904
5,752
193,710
108,127
183,91
64,859
184,512
163,227
56,342
120,769
58,727
63,91
54,727
90,884
58,656
2,319
138,430
92,114
94,188
132,737
122,776
12,652
186,164
177,150
26,612
38,340
116,257
147,144
57,47
154,717
12,259
88,828
187,980
52,407
29,734
187,751
96,628
70,600
57,580
28,863
7,111
24,248
92,255
192,472
41,837
62,71
126,812
185,948
77,681
164,724
149,35
194,385
181,253
116,143
150,770
181,264
109,733
28,659
17,835
29,210
65,396
51,586
33,131
116,534
162,818
150,986
64,534
174,992
94,13
193,428
82,271
198,406
90,115
154,543
186,110
2,790
112,359
68,285
64,830
190,926
29,355
77,121
77,189
167,633
75,284
29,483
144,755
33,30
34,217
175,477
121,352
198,316
14,968
196,443
61,928
34,805
6,271
184,803
178,803
19,265
164,220
142,583
23,168
143,565
198,275
112,867
134,645
73,298
11,327
72,687
176,917
68,254
137,956
17,639
93,817
10,453
109,392
15,335
65,586
140,746
125,590
21,202
194,702
156,501
112,656
85,481
183,375
151,903
123,699
76,274
153,189
57,319
125,962
32,609
13,885
96,983
63,437
132,821
126,408
151,465
11,302
105,426
170,18
146,698
37,716
39,257
95,468
178,868
27,290
163,502
106,295
164,659
195,644
70,3
4,942
29,314
108,381
40,461
90,314
133,217
148,828
117,881
168,869
86,764
55,134
113,734
80,17
142,974
195,773
64,390
27,383
172,288
150,906
76,758
18,71
121,638
163,681
69,725
178,421
140,84
107,79
126,436
45,327
109,465
150,754
177,608
50,14
103,24
108,639
142,198
184,493
183,708
56,435
121,984
109,322
45,713
84,14
161,135
3,18
104,38
101,194
25,740
60,32
151,972
45,815
58,338
182,434
80,275
167,334
21,546
165,196
188,621
3,850
171,770
173,870
84,750
25,241
48,250
91,790
135,122
130,601
193,829
151,872
165,60
27,845
28,394
153,341
81,403
1,435
176,636
120,984
106,460
100,140
19,732
137,1
128,358
82,215
151,614
72,902
3,514
100,209
135,186
5,622
153,434
185,412
26,825
169,690
45,317
182,794
31,180
4,229
13,869
133,464
197,553
99,608
32,993
47,68
173,393
200,551
67,354
96,447
37,737
59,624
181,303
148,692
89,982
99,459
109,546
153,100
84,321
65,674
166,183
109,482
6,318
169,908
35,232
183,230
151,577
136,145
91,10
191,653
114,594
55,418
53,585
59,59
127,480
131,744
11,407
153,827
50,440
94,780
43,485
154,49
131,665
117,5
87,713
111,892
46,137
11,719
162,286
119,247
197,852
117,697
195,31
7,878
64,701
145,239
31,573
10,428
137,163
16,630
155,45
110,530
196,70
183,197
75,590
135,817
65,667
81,440
109,645
184,286
198,384
41,881
6,955
190,615
170,862
192,193
92,778
71,196
30,560
41,79
18,777
100,896
71,274
94,514
86,75
17,935
18,361
198,53
108,934
76,641
78,389
129,566
130,378
147,246
194,12
132,384
144,305
98,440
58,392
109,813
164,8
16,995
131,689
110,392
124,909
188,876
27,879
14,570
148,480
76,215
34,914
46,171
38,299
108,262
119,582
97,948
24,286
165,924
47,661
17,590
188,638
120,385
9,226
12,503
54,163
74,326
156,698
35,711
53,208
34,743
66,919
70,172
197,155
15,360
107,533
198,158
19,713
89,226
76,541
173,870
86,547
3,756
161,699
63,333
107,304
115,707
75,605
46,531
2,679
82,909
139,126
106,188
107,294
30,984
197,99
115,110
22,854
124,5
8,251
99,96
99,224
26,786
65,824
28,607
140,721
163,389
114,758
117,175
64,947
191,578
24,871
183,303
29,255
75,688
13,627
146,981
43,772
33,120
21,40
36,840
157,723
82,391
87,952
112,866
107,839
174,405
53,593
140,993
42,219
93,795
53,824
31,664
22,949
99,657
11,971
176,356
8,695
50,279
84,30
69,671
12,1000
64,532
95,403
18,330
186,122
120,523
75,802
40,273
180,415
199,754
29,951
90,734
145,870
127,853
75,537
64,540
66,662
185,918
117,881
29,458
102,513
99,683
82,18
54,809
157,795
38,827
62,663
158,588
141,158
59,586
146,612
149,500
165,693
157,473
102,381
129,942
50,585
136,973
189,344
107,485
158,196
104,93
129,109
55,767
59,380
28,592
134,271
119,593
155,159
83,307
49,844
154,653
96,967
200,666
85,466
34,141
181,604
39,48
38,490
39,702
66,431
48,440
187,375
81,978
109,405
172,80
81,892
34,336
156,803
13,267
49,446
12,992
69,231
19,947
154,832
186,846
19,201
69,898
51,189
180,335
185,102
128,476
90,942
83,274
59,856
68,104
180,900
98,595
178,902
79,521
109,187
47,901
168,452
42,10
18,751
5,383
108,334
125,670
104,270
98,616
73,497
88,299
184,588
137,949
36,52
171,549
133,570
38,489
148,579
62,864
165,266
36,533
100,590
148,649
73,296
51,319
17,567
73,795
168,54
125,897
87,587
127,591
191,760
18,30
12,957
190,802
152,703
143,648
101,558
152,257
141,665
56,421
4,413
65,386
177,768
138,208
34,216
167,521
27,617
124,39
191,34
106,591
176,472
44,416
88,594
200,612
1,222
51,791
174,436
86,357
15,115
149,224
84,869
135,354
136,413
38,122
104,581
15,447
184,128
130,406
177,341
30,593
42,166
122,541
150,273
124,948
191,952
115,43
113,55
28,435
83,350
109,905
65,462
1,282
136,307
161,335
200,432
96,643
182,967
121,879
45,457
169,124
166,690
44,997
70,956
175,54
78,666
23,157
197,788
178,142
152,342
59,523
24,626
180,393
87,857
43,168
150,935
55,329
69,365
137,554
184,859
122,617
135,218
127,177
79,404
20,498
81,808
101,868
89,365
198,973
11,642
199,325
69,597
160,383
65,708
8,419
36,603
149,38
126,517
101,846
1,817
145,134
87,785
4,218
186,452
199,127
166,305
142,631
94,450
44,340
27,253
52,24
13,271
177,479
98,78
10,817
103,48
170,724
21,63
20,531
97,304
31,687
89,865
30,177
57,469
87,824
154,14
15,364
143,405
169,937
7,755
102,730
179,701
111,902
76,647
32,781
127,96
86,253
20,928
138,974
185,839
10,958
158,570
101,786
106,390
17,946
113,174
53,71
154,641
152,868
64,225
93,174
174,453
76,42
167,393
2,53
160,833
101,530
12,85
38,647
99,148
157,355
87,49
105,60
173,148
85,818
80,58
155,701
25,341
126,786
71,749
139,732
116,66
86,720
116,209
14,780
104,686
128,642
34,930
110,155
13,839
66,643
138,981
59,126
198,141
188,971
128,230
162,425
70,696
21,24
129,416
115,567
155,92
96,582
196,382
190,542
152,53
61,526
166,977
106,131
40,894
200,816
3,704
198,310
2,549
200,759
182,614
44,17
118,683
169,402
86,844
145,399
123,26
188,73
108,108
122,828
124,801
139,586
177,464
31,777
149,364
31,135
74,421
49,455
123,630
145,604
18,46
130,604
183,196
53,347
167,155
155,518
74,773
52,908
164,532
152,285
167,623
42,167
112,146
121,157
46,457
169,380
155,612
172,92
170,316
181,278
114,456
36,361
182,385
140,718
71,267
194,769
18,462
63,793
51,362
122,962
126,963
108,198
76,726
136,960
161,824
153,568
193,248
186,161
83,63
147,727
142,959
148,61
130,426
51,661
56,600
100,439
120,606
30,614
54,108
167,476
92,468
85,848
183,938
106,335
100,624
88,355
128,425
41,30
168,587
143,945
167,320
191,697
74,726
68,700
188,153
15,409
167,529
164,590
158,107
190,52
181,406
80,947
42,761
118,55
160,876
86,610
119,53
2,259
15,998
144,65
95,634
70,782
141,245
12,316
166,753
34,975
190,378
115,430
148,990
86,740
117,503
28,563
198,612
179,326
73,259
86,337
86,792
144,876
167,431
50,599
123,158
100,49
30,759
76,13
40,781
93,817
119,768
132,936
183,971
138,236
180,667
132,824
99,920
150,725
98,918
6,2
121,934
144,332
76,888
175,79
112,308
117,176
13,91
179,458
59,498
104,854
50,184
84,605
165,819
108,454
130,242
132,283
134,24
17,360
67,348
160,516
163,342
187,524
150,395
178,468
18,3
145,651
102,465
9,926
90,749
52,297
26,196
87,494
74,327
7,609
85,846
144,156
2,9
136,649
167,8
163,901
5,823
198,934
163,875
85,235
2,160
30,352
93,236
1,218
198,437
44,581
160,442
67,112
137,823
70,547
11,957
74,43
92,881
126,708
91,751
140,472
80,645
51,910
27,921
183,707
199,351
107,382
131,740
68,846
42,827
160,624
74,396
78,660
128,627
79,407
181,374
67,928
110,899
177,173
48,727
154,753
143,609
128,480
161,683
121,940
10,106
137,759
186,76
38,739
84,952
196,422
91,18
20,984
124,509
178,616
157,178
184,45
103,703
6,499
189,8
150,51
132,208
174,138
81,677
185,785
49,13
192,146
40,698
200,844
115,580
120,185
28,20
97,479
137,880
54,34
187,738
112,291
32,315
132,660
140,986
102,513
144,716
34,280
76,319
138,970
129,46
190,78
134,730
51,819
50,410
47,988
128,680
24,681
70,302
102,227
179,899
109,932
145,957
137,950
49,356
34,613
168,796
139,462
105,509
69,627
92,44
47,687
24,793
198,193
86,147
99,393
24,458
102,874
69,649
38,448
200,815
186,777
184,726
106,786
150,717
78,959
10,235
111,896
172,769
126,477
82,506
167,595
98,123
197,335
2,489
199,263
124,410
73,792
43,982
124,685
117,398
194,699
71,969
52,66
133,830
105,636
10,582
195,688
167,259
56,66
100,806
111,909
77,518
171,667
132,646
53,312
19,728
32,97
176,458
28,247
200,712
7,297
152,54
120,897
10,53
184,93
70,943
48,899
66,913
133,990
135,353
188,668
151,371
199,396
121,397
6,579
39,171
153,565
165,648
75,599
121,79
120,572
97,675
183,840
28,623
119,323
123,863
40,813
170,356
2,96
195,582
11,445
146,863
186,932
176,727
18,764
184,448
194,845
112,197
85,504
23,144
145,598
148,455
57,802
143,826
8,468
28,807
167,379
80,812
163,107
161,200
57,735
118,586
44,386
51,184
119,931
28,294
11,620
200,262
134,326
52,221
167,731
64,217
118,612
129,68
53,556
155,614
67,327
40,551
200,866
66,596
143,562
59,684
62,484
32,712
110,890
124,987
180,744
123,376
82,481
8,757
142,819
106,367
76,163
10,881
76,248
189,82
169,498
127,359
63,660
113,325
153,292
47,555
75,478
158,658
156,159
200,811
179,176
7,196
91,498
15,641
7,607
181,956
142,591
36,833
145,872
78,309
57,372
43,981
44,179
196,165
71,279
139,546
8,724
186,515
195,289
174,819
156,352
54,795
187,949
88,761
185,533
45,343
138,450
128,49
53,860
18,477
85,645
90,155
71,599
139,940
163,765
146,454
105,812
157,551
68,35
45,358
173,189
98,128
118,125
46,145
186,211
54,532
85,541
11,582
147,889
178,5
163,54
115,470
138,973
67,484
114,596
129,791
4,74
99,726
123,709
60,77
100,217
193,960
6,122
115,960
110,166
192,704
155,298
150,384
47,820
156,571
194,299
22,984
45,332
67,233
104,322
96,633
67,165
40,903
7,241
39,246
133,367
57,455
162,39
96,553
27,362
90,374
192,406
132,823
41,388
138,76
49,922
190,564
108,602
88,902
56,51
174,862
33,713
5,432
129,193
128,757
142,611
97,95
8,793
131,27
169,934
92,554
2,775
55,666
179,297
94,253
189,708
94,409
110,543
166,437
42,36
178,756
146,568
129,489
6,268
185,423
32,651
133,620
75,712
11,809
62,876
188,347
140,337
198,455
185,831
160,232
14,785
193,92
16,277
122,117
61,894
160,24
189,624
177,715
53,317
7,897
95,539
115,72
173,904
66,405
81,858
172,840
37,333
186,141
25,751
191,982
69,49
57,575
37,911
178,515
118,903
187,961
60,944
117,595
81,868
74,684
93,373
115,966
61,57
29,732
10,337
13,994
18,591
64,713
133,277
26,284
144,745
126,869
16,257
43,322
181,914
122,699
177,962
151,114
9,946
199,969
194,769
104,243
11,134
160,43
43,560
24,247
17,521
6,430
150,562
76,906
78,522
130,578
35,909
184,577
180,667
4,199
176,557
174,579
39,682
97,923
153,308
19,780
157,956
134,59
16,800
199,731
198,291
64,807
195,196
147,280
142,353
191,359
82,796
65,202
50,864
38,967
110,619
198,723
85,253
76,355
65,339
171,995
164,525
189,515
22,260
94,761
18,293
142,186
169,667
63,705
166,205
60,587
47,327
176,63
137,794
156,370
108,319
96,211
180,111
122,156
83,263
80,282
141,873
135,853
43,511
67,268
91,454
164,363
139,93
3,88
66,195
131,928
46,860
66,747
58,281
114,234
96,321
77,831
92,244
77,333
47,893
42,490
108,488
63,525
40,431
88,860
103,361
130,393
105,253
18,387
105,395
85,722
13,108
125,900
113,785
92,821
136,340
30,904
134,511
37,422
64,225
7,672
198,224
122,541
35,71
68,483
153,142
6,331
75,138
181,647
123,136
19,467
155,776
125,233
145,30
130,312
66,987
20,86
182,200
176,512
163,226
60,262
192,888
54,940
60,47
90,351
80,304
184,43
6,189
59,255
11,91
9,875
26,776
53,392
147,711
7,325
37,428
131,918
65,262
174,774
25,441
158,955
191,170
156,430
153,882
164,528
16,500
199,148
97,32
178,956
65,159
4,905
129,953
176,947
174,101
66,602
153,158
130,989
13,646
105,856
50,330
117,410
52,898
23,760
117,59
72,811
197,944
118,980
44,183
134,608
158,74
140,400
187,912
99,719
140,718
28,706
151,186
174,460
29,168
54,384
121,637
123,36
56,8
83,202
91,213
128,463
174,194
56,600
155,43
129,299
98,646
107,502
165,623
154,731
118,947
73,662
94,216
57,690
136,917
91,277
68,150
76,943
90,521
58,153
123,744
9,521
180,628
142,710
60,948
22,883
47,519
89,523
85,270
88,262
143,332
156,411
122,749
188,46
91,332
16,653
64,461
109,640
50,888
65,581
131,539
147,515
191,723
82,431
122,104
41,680
186,358
58,895
173,846
81,562
59,383
1,17
180,201
51,464
81,91
86,872
81,282
55,841
58,366
163,633
5,762
38,834
62,41
167,522
91,261
94,202
140,683
48,101
17,292
93,31
76,492
186,481
31,323
87,243
92,294
175,146
163,161
16,760
120,784
68,615
70,568
88,54
20,761
80,842
10,103
57,386
4,183
83,521
113,765
29,240
39,713
23,963
63,998
58,768
200,933
167,238
200,869
105,461
150,899
87,50
186,116
102,936
67,352
125,775
102,704
8,847
26,312
155,254
11,79
148,893
115,828
98,101
116,284
153,558
124,276
141,509
168,243
99,352
152,123
48,389
80,354
100,294
111,203
13,590
190,255
10,767
179,416
103,936
136,238
49,176
191,279
198,815
130,595
42,250
45,988
178,181
147,481
55,53
159,757
3,824
20,168
37,615
187,707
109,640
50,500
31,408
178,276
176,182
33,179
68,920
90,807
141,630
25,73
101,570
119,737
11,143
187,674
115,91
187,728
16,854
170,517
114,856
92,614
5,155
167,210
170,313
38,548
145,110
164,584
35,74
121,906
182,561
177,95
148,679
96,537
99,288
49,662
56,721
143,288
111,60
190,379
106,648
31,454
104,301
141,140
166,172
77,10
107,68
79,284
12,822
191,774
85,937
2,87
132,165
92,298
156,395
142,681
8,636
35,426
93,92
33,199
183,748
109,703
126,725
11,229
176,981
21,198
10,341
76,955
129,478
63,592
123,432
184,75
195,876
72,415
96,300
145,678
20,38
69,449
120,123
76,25
110,263
200,85
137,362
122,993
116,114
155,928
197,60
136,121
25,635
182,300
195,933
49,745
12,477
41,181
86,658
143,525
179,584
62,352
108,18
146,722
87,48
126,791
97,683
13,73
62,96
80,945
99,848
62,991
161,644
64,551
140,910
67,926
169,429
189,160
148,137
98,664
12,842
182,935
60,261
196,519
151,869
86,780
47,113
76,966
39,580
76,949
198,179
176,265
114,134
148,459
181,478
148,237
131,947
26,161
90,465
180,951
72,541
175,365
159,565
17,777
19,28
169,661
180,488
65,933
165,894
123,17
194,18
25,444
125,53
187,275
1,299
4,123
103,719
82,156
171,717
82,41
200,504
76,437
72,632
49,729
135,414
119,175
192,665
12,264
22,677
105,585
95,515
50,223
159,599
183,599
59,862
21,189
4,550
120,534
152,896
78,518
44,286
32,860
199,699
95,7
130,486
109,17
181,852
186,982
148,379
195,376
66,571
184,16
59,975
37,211
140,658
175,296
47,430
7,435
175,292
14,916
89,437
129,361
86,378
111,478
28,803
85,517
35,289
125,956
10,371
191,915
38,188
81,163
152,844
134,735
57,900
143,257
106,335
45,62
71,825
63,298
52,5
5,409
147,71
186,806
49,431
190,285
119,140
113,277
6,273
173,632
7,874
170,907
178,460
132,766
21,26
156,139
98,217
117,184
90,225
48,719
31,319
77,579
157,977
177,470
184,764
199,888
166,228
75,167
133,221
136,875
127,744
28,242
39,781
90,127
58,887
48,182
145,621
167,110
79,471
151,1
53,723
61,353
86,864
156,97
164,254
127,109
84,811
76,624
134,997
200,28
89,668
39,978
23,266
134,728
183,355
82,933
59,847
110,638
96,357
133,408
179,411
195,696
57,804
187,470
79,48
154,417
181,539
87,347
191,980
49,512
27,80
153,564
16,613
16,789
117,16
190,160
42,34
149,314
54,83
182,839
39,556
89,302
23,514
197,981
161,52
158,503
185,124
53,601
22,499
61,434
124,643
91,275
108,846
38,619
174,605
47,779
73,56
60,240
7,955
17,875
121,259
14,745
195,642
195,476
135,966
92,959
10,216
143,473
53,421
198,517
126,238
111,697
168,17
153,335
161,916
157,602
136,844
66,986
180,95
166,424
42,497
63,598
163,27
164,77
73,54
137,3
156,5
161,496
142,967
168,536
45,404
124,74
80,197
119,417
9,16
79,197
66,224
102,890
196,920
134,590
98,776
167,219
68,952
28,946
88,965
107,878
35,767
119,731
57,954
99,909
123,14
137,231
137,210
31,423
192,586
121,336
96,803
100,160
189,440
188,614
157,452
12,118
169,762
198,198
26,805
55,367
6,640
114,934
180,804
112,970
148,823
104,873
199,16
72,963
136,362
153,382
58,846
158,28
22,426
195,269
38,749
22,606
52,307
30,630
34,881
197,674
19,599
68,398
135,846
12,126
47,690
160,557
2,847
74,220
40,589
156,127
67,240
72,373
113,140
12,25
194,734
79,380
175,737
6,962
34,995
177,669
107,281
72,55
179,102
140,689
70,957
115,470
80,914
6,890
183,614
166,633
88,451
107,488
137,402
103,441
149,880
182,993
155,521
18,943
199,653
93,777
69,310
93,485
47,855
119,162
127,345
31,913
71,53
150,641
72,466
130,60
35,352
6,720
113,404
162,56
85,148
81,940
178,856
36,852
129,290
108,477
53,899
88,900
154,531
91,150
140,768
173,999
172,459
197,395
76,32
29,551
62,8
24,397
73,291
65,685
80,439
56,290
59,64
113,198
172,229
97,932
91,132
176,211
26,232
179,811
199,509
78,196
82,87
132,613
15,66
168,526
190,986
36,226
58,909
39,638
148,693
50,99
44,881
130,302
145,249
130,634
25,577
192,423
21,486
42,24
191,996
111,82
93,531
89,277
145,999
134,409
139,407
60,685
4,939
31,954
195,168
23,119
167,534
143,36
66,280
10,725
132,752
59,682
174,930
25,187
161,621
71,933
141,712
112,122
45,95
11,992
34,495
17,297
54,686
145,728
115,590
174,701
108,883
3,318
186,990
182,312
11,169
139,22
27,748
141,889
194,3
194,650
20,402
100,932
173,959
13,28
163,230
95,608
70,75
174,954
181,217
189,83
48,741
12,349
8,989
65,484
83,493
99,796
56,575
108,243
162,261
171,492
16,779
137,230
143,461
143,567
151,610
155,361
134,347
34,501
35,52
34,365
48,770
190,385
188,894
18,44
119,976
91,144
160,91
9,631
134,77
104,975
100,237
46,448
35,505
34,484
97,669
55,843
104,708
39,780
120,924
133,998
183,594
4,866
144,570
146,50
24,203
20,398
1,897
124,134
48,20
76,609
156,447
162,964
84,478
62,893
13,427
162,373
122,408
84,451
20,440
137,78
52,597
148,222
160,565
157,556
83,504
67,723
65,989
42,491
19,719
44,972
199,547
176,556
40,22
64,411
37,337
43,770
7,20
30,927
9,504
58,637
171,134
164,954
200,322
70,57
200,364
115,816
17,317
26,923
72,532
163,865
12,632
185,555
76,433
190,504
80,200
23,509
67,575
22,779
101,246
116,894
197,188
15,134
106,899
120,968
32,146
188,826
79,757
86,760
32,546
149,625
24,657
26,90
184,465
197,260
190,502
81,423
133,270
149,899
169,856
89,206
114,127
121,687
45,290
2,815
189,863
149,713
177,559
170,913
185,40
72,32
178,848
99,841
144,815
19,541
150,399
82,602
34,416
166,40
55,196
6,83
50,725
190,318
177,210
77,138
86,370
58,254
65,297
111,828
138,158
88,619
174,715
33,145
5,208
1,942
55,490
54,319
86,873
133,433
101,756
143,789
65,266
39,795
48,343
47,983
44,299
62,522
86,825
105,161
19,980
107,758
3,336
112,146
133,133
12,135
117,126
148,417
12,82
74,971
151,975
79,598
70,763
182,525
61,944
101,271
119,863
180,793
131,543
81,366
13,624
86,900
85,779
64,490
138,743
119,143
64,414
67,508
46,349
157,146
160,410
118,221
136,762
135,30
149,279
141,44
181,990
129,92
94,987
32,924
130,464
197,90
193,831
8,484
28,549
57,501
179,390
93,661
104,645
126,754
68,883
59,948
115,110
3,610
60,205
40,977
118,967
146,64
22,230
67,250
15,783
2,805
47,854
34,862
27,699
25,268
1,418
115,955
197,838
9,374
187,84
175,651
20,330
86,78
82,115
162,734
101,39
99,91
8,791
17,948
41,454
155,292
86,624
5,905
150,880
189,284
115,721
129,326
106,530
185,180
112,626
176,718
95,441
198,427
10,990
115,497
19,515
67,312
17,108
188,201
43,756
26,607
165,231
58,488
10,834
31,203
175,278
118,679
16,4
2,55
115,488
135,557
49,673
24,705
175,891
100,247
142,472
116,141
129,547
181,95
93,980
41,416
115,144
5,276
113,640
143,705
159,602
7,671
80,45
176,832
128,725
178,489
190,625
161,727
52,77
2,437
6,843
122,313
56,430
96,56
9,616
12,960
19,965
22,710
35,935
96,759
173,970
169,113
63,785
73,9
109,473
165,525
154,181
9,203
140,694
181,528
93,722
183,812
95,198
178,411
89,8
23,374
182,190
160,300
6,979
2,41
100,611
190,276
195,188
98,437
196,400
184,525
141,536
64,939
46,307
152,785
109,365
43,90
41,997
22,712
130,365
49,957
122,364
16,627
3,658
105,204
10,220
111,650
129,18
69,490
196,757
187,716
8,403
198,856
34,305
197,111
137,239
87,63
134,393
165,837
129,403
31,452
109,402
162,153
40,731
195,324
72,391
198,549
177,756
44,581
166,590
123,787
155,575
173,428
169,568
15,576
110,176
12,78
177,744
4,511
159,572
97,377
65,116
121,344
18,376
148,998
199,640
157,692
103,105
100,508
32,95
105,444
4,770
157,447
49,420
168,817
81,263
34,770
82,753
14,1000
190,688
3,476
144,970
41,163
59,595
57,182
167,337
120,796
93,948
23,115
65,24
78,369
42,352
59,649
56,601
148,60
182,870
112,224
27,824
93,1000
94,808
196,740
96,576
152,536
79,705
103,573
53,452
31,669
62,292
65,314
199,957
96,886
105,35
128,372
6,56
151,14
36,721
92,96
21,358
187,671
87,365
132,778
93,876
133,367
16,810
132,418
89,352
80,821
68,157
137,21
199,997
93,262
194,408
33,709
84,769
98,501
17,916
72,26
111,423
54,18
31,797
149,381
96,546
159,446
41,112
155,53
41,431
59,914
99,716
73,425
123,775
24,774
35,590
125,755
67,88
48,748
153,813
120,294
161,643
13,328
167,960
199,743
161,531
116,95
140,656
74,497
182,671
104,812
86,15
3,69
179,442
86,67
50,132
135,26
7,715
153,846
8,494
139,793
3,169
139,389
108,526
166,39
122,802
65,391
76,541
62,940
1,892
197,717
126,559
189,696
39,431
189,241
54,470
41,865
132,437
144,886
20,362
155,673
91,898
109,466
93,181
75,809
169,217
102,85
172,344
91,96
31,221
131,329
125,905
167,179
143,251
13,634
7,432
200,268
147,716
116,136
168,532
25,15
159,308
44,462
112,743
74,629
26,173
174,216
161,124
28,553
86,494
108,759
109,728
122,1
148,803
76,151
106,430
85,361
110,679
158,471
107,992
196,474
44,225
191,347
135,22
69,147
165,73
170,342
159,702
74,474
93,241
135,962
83,967
137,619
5,978
176,385
194,293
149,363
54,827
118,222
136,212
71,783
60,386
123,485
91,210
196,175
34,98
179,811
46,965
166,396
144,899
52,775
171,680
158,809
64,395
52,707
15,381
11,100
42,641
15,604
92,298
82,610
147,829
129,64
26,236
125,717
181,233
126,780
144,452
33,162
155,902
102,797
50,97
145,566
54,419
106,194
133,449
34,579
183,102
132,881
49,116
158,801
55,226
171,441
171,1
190,745
38,184
179,622
108,919
183,5
43,129
111,72
184,238
99,858
166,99
146,186
11,831
56,187
89,977
65,448
24,482
50,918
190,328
97,220
35,203
99,505
45,229
132,249
82,979
79,781
85,979
113,92
48,930
86,411
111,372
140,841
53,328
159,176
28,986
140,873
2,145
72,161
14,887
184,931
95,781
133,128
125,81
132,479
152,485
127,293
39,558
96,967
13,606
178,243
56,589
65,998
134,87
85,618
77,197
171,428
4,738
13,742
82,891
23,386
62,517
174,85
106,645
59,136
41,16
112,657
10,90
76,714
186,280
199,8
10,584
24,861
153,245
110,451
171,687
116,161
179,173
125,219
174,973
35,372
25,254
200,159
2,916
161,421
157,792
130,236
46,648
127,455
64,876
29,897
72,278
51,332
103,852
76,460
181,779
132,870
34,926
161,273
147,20
78,269
82,322
183,59
91,79
15,988
167,395
34,7
59,321
172,150
113,819
30,387
120,709
126,545
45,9
167,948
190,156
3,175
8,581
76,883
46,863
144,973
107,41
22,328
63,624
99,417
62,241
5,761
58,399
172,861
108,76
165,155
86,899
13,578
49,174
29,314
47,647
192,749
90,912
65,511
80,741
120,711
128,940
15,675
185,685
104,691
52,53
116,598
150,108
146,164
153,351
162,133
132,891
158,251
152,845
110,384
43,308
81,603
52,572
7,919
184,208
14,9
137,679
14,518
158,542
154,944
93,355
24,964
195,269
200,988
34,822
5,804
43,740
57,1000
194,105
178,350
180,761
70,467
78,767
24,64
160,257
118,225
89,648
125,838
53,363
49,875
160,376
192,449
145,670
20,285
31,172
70,990
49,833
24,802
10,594
190,646
133,196
119,377
170,934
151,50
8,514
49,301
155,414
169,17
155,724
140,733
6,565
19,23
63,356
84,676
86,188
61,683
77,87
33,721
128,210
36,543
198,102
152,185
142,910
73,516
192,259
180,681
45,806
15,870
139,889
149,158
147,431
86,172
65,379
133,227
94,179
107,506
178,58
14,859
158,569
140,483
66,289
86,19
102,608
61,82
128,123
168,867
138,912
176,601
139,867
180,326
97,12
184,454
40,791
26,261
18,363
137,401
21,388
93,913
190,446
153,628
120,141
165,962
125,528
107,815
106,712
148,530
7,104
74,431
175,979
177,242
78,219
197,695
95,549
173,419
93,10
180,105
45,22
8,401
145,89
134,57
127,1
90,21
171,622
3,600
82,141
16,434
15,364
89,951
17,111
58,991
146,350
16,670
41,553
159,514
170,717
13,946
191,745
200,717
40,331
13,746
72,120
60,87
162,519
65,52
67,143
191,126
157,547
50,42
199,78
61,151
32,42
35,267
74,274
28,84
63,808
109,813
61,129
46,141
91,262
143,103
186,199
84,380
90,795
173,658
77,783
113,211
113,129
30,384
6,892
78,664
160,223
27,581
69,166
39,127
173,191
193,98
152,897
75,282
161,394
93,648
134,824
34,691
42,581
44,532
86,63
59,456
100,767
62,490
121,178
192,368
8,435
178,637
183,928
105,861
38,51
184,439
117,742
78,318
110,537
116,307
6,769
192,621
193,253
71,325
178,413
136,636
38,952
45,608
11,96
123,231
77,823
185,509
115,420
140,665
24,718
154,742
85,663
189,494
175,72
127,966
132,941
174,440
96,422
150,458
188,684
42,403
95,755
160,374
170,498
1,759
15,662
56,918
186,65
70,602
93,969
178,560
147,450
40,245
63,605
175,855
177,502
33,129
113,952
182,979
96,535
112,770
186,871
34,563
97,496
67,960
178,931
164,838
66,713
36,390
105,622
87,747
38,265
112,932
41,854
71,590
82,233
81,680
24,383
8,976
80,796
33,192
104,391
195,138
8,623
22,828
19,862
160,304
185,984
61,473
81,506
62,691
12,310
175,223
10,703
6,793
46,494
37,17
42,271
41,768
84,374
114,83
75,138
134,385
51,418
44,886
129,351
13,739
166,796
31,518
119,774
172,78
64,312
97,670
60,288
138,665
175,764
6,958
175,38
189,193
126,159
50,113
176,600
188,254
164,106
91,316
84,617
131,668
75,79
13,613
37,741
173,259
133,161
106,541
26,690
139,882
61,82
151,561
107,593
7,499
127,95
32,556
99,563
35,628
160,112
68,500
110,255
149,655
108,83
181,505
126,640
165,301
36,94
50,822
193,103
2,843
106,904
144,152
62,502
17,131
106,876
24,381
165,112
187,597
16,448
87,785
50,682
141,520
45,574
52,13
52,952
153,138
70,63
123,379
83,51
18,499
190,358
155,615
28,619
4,63
180,942
2,553
170,576
169,172
114,821
18,579
158,61
9,17
142,104
22,407
164,513
92,192
15,140
133,470
173,862
148,620
18,688
34,907
26,876
4,3
12,112
73,341
22,238
15,97
198,156
131,75
131,534
129,59
74,473
140,908
30,491
29,25
183,846
80,468
90,401
57,617
67,80
122,246
13,49
154,399
190,361
130,800
52,912
128,400
38,356
96,197
69,755
24,522
51,774
182,170
133,967
101,285
172,119
49,183
146,99
30,183
88,772
63,676
182,873
105,171
73,256
166,694
12,169
155,984
93,873
121,586
34,373
4,599
136,791
24,966
45,14
174,921
197,296
107,459
35,82
116,213
25,214
192,773
103,715
31,634
159,182
10,681
104,542
104,203
183,422
7,142
196,883
152,541
154,415
109,451
123,126
128,494
24,382
198,482
76,786
89,354
102,371
146,217
173,472
160,384
121,282
175,334
141,24
31,812
39,508
176,289
166,712
182,625
4,79
128,454
18,585
30,38
145,8
19,376
136,949
177,657
96,469
118,436
193,865
29,612
116,267
183,66
14,320
129,284
81,407
40,518
38,87
163,897
113,41
143,455
134,842
196,494
85,606
143,47
169,842
14,704
129,509
102,440
67,276
152,837
20,438
182,148
12,823
128,705
196,187
27,726
133,273
55,615
47,793
165,774
48,628
90,751
128,864
170,382
86,538
69,213
91,977
142,734
142,233
46,632
177,15
19,712
79,88
126,789
168,332
96,232
125,826
192,152
2,420
7,997
94,112
159,464
42,911
104,249
68,8
114,571
53,371
112,213
141,855
130,262
49,351
145,138
112,751
111,732
1,597
68,181
73,601
154,337
193,917
58,866
134,285
79,277
22,382
121,234
40,728
142,953
191,826
118,597
17,651
83,540
33,261
138,879
128,314
39,183
108,669
170,255
147,677
58,13
108,72
187,904
73,754
37,665
15,744
122,641
144,203
56,109
18,62
84,17
95,781
113,499
107,648
141,834
8,317
64,414
176,694
184,534
26,613
35,215
67,264
153,428
33,524
157,703
172,7
173,227
67,656
39,21
181,307
175,620
89,768
9,333
188,554
58,244
57,881
22,674
152,763
155,690
95,89
60,477
143,988
45,850
4,942
138,261
171,828
35,402
79,124
149,872
192,107
123,278
185,799
52,357
175,332
46,105
7,225
87,480
28,186
31,718
3,42
20,123
200,374
100,753
167,511
86,382
145,139
26,380
86,709
7,801
156,202
165,206
180,106
101,246
127,403
180,221
12,436
58,929
11,287
71,768
106,82
17,492
129,182
149,341
51,42
22,339
10,191
2,769
159,387
100,241
196,6
60,74
33,520
176,892
54,786
93,658
137,311
109,574
200,445
73,916
6,95
17,320
123,359
111,176
189,505
184,496
67,474
142,591
26,112
89,785
35,930
82,719
58,376
100,145
5,453
2,872
71,995
180,725
143,68
144,674
35,274
168,76
192,674
67,891
131,486
97,549
61,958
171,390
50,294
155,66
135,332
32,226
139,368
158,576
89,628
137,228
187,156
66,425
37,377
103,450
66,84
174,722
24,164
87,803
146,275
39,126
14,373
32,440
136,286
76,51
149,776
109,661
113,942
176,822
5,231
84,940
178,940
136,906
22,796
13,532
151,146
130,324
141,638
126,616
95,498
2,200
193,955
192,997
67,594
14,872
111,767
107,476
8,55
193,735
59,394
30,379
147,955
117,321
180,106
55,239
162,607
186,593
197,918
26,86
124,665
78,933
74,992
15,201
181,195
58,569
50,166
55,942
24,47
132,685
102,670
121,527
68,475
76,866
59,6
161,731
16,493
140,396
48,367
90,644
57,381
102,547
146,181
181,378
196,868
39,566
86,62
140,519
51,719
195,27
8,398
42,655
164,675
173,36
19,401
111,493
187,934
120,271
70,538
6,831
186,475
167,85
116,549
176,797
166,260
144,65
174,937
67,464
48,789
176,886
83,909
153,190
125,378
87,792
122,962
163,674
111,781
32,445
71,23
182,873
82,608
72,261
189,213
187,710
44,626
94,390
170,642
68,928
19,205
63,469
57,590
96,688
135,347
5,192
31,281
56,535
24,222
90,491
76,487
23,213
100,586
184,712
54,240
198,492
68,550
184,381
28,309
10,503
18,254
65,615
75,887
79,644
43,770
120,504
132,542
200,648
155,300
166,852
94,447
113,766
70,483
44,896
25,514
46,22
13,623
74,136
84,142
48,48
64,955
140,826
11,719
13,527
134,648
172,850
9,328
116,843
7,117
121,986
101,341
145,450
27,962
184,248
161,921
45,479
7,282
162,182
84,254
56,81
55,15
156,51
137,392
43,963
61,244
38,859
18,758
116,821
90,285
145,378
139,839
107,347
26,913
90,678
192,472
117,278
178,693
3,149
196,949
82,783
131,994
132,564
170,406
61,180
120,956
30,363
123,845
37,461
183,503
39,587
109,871
147,52
1,671
11,879
71,63
29,17
80,681
161,846
56,116
59,921
89,928
164,150
162,894
161,885
46,156
44,492
194,482
157,86
155,950
95,162
159,876
111,133
22,416
31,501
182,451
80,384
196,89
138,419
133,253
196,573
26,242
1,309
38,956
99,165
199,335
85,486
134,348
199,992
46,756
127,43
72,807
158,165
57,557
142,736
159,238
35,398
156,399
98,480
118,695
177,717
106,920
57,70
126,798
85,844
119,965
70,48
188,66
9,337
122,410
72,947
91,635
44,605
131,303
87,40
11,290
125,403
177,586
132,675
86,69
84,104
67,188
171,212
102,925
19,999
193,192
200,238
141,553
183,238
52,817
14,919
173,348
44,371
25,786
64,889
98,836
165,302
16,203
7,667
101,933
39,36
38,813
111,369
150,276
79,462
157,823
141,455
191,442
40,643
54,590
28,542
117,546
160,707
86,399
43,920
154,531
12,642
70,816
197,887
77,197
151,719
13,198
131,500
101,168
162,251
109,1
105,471
1,562
143,182
161,404
20,544
117,769
164,258
138,509
68,746
177,74
149,707
171,311
169,593
32,857
183,820
23,448
63,715
15,157
120,810
194,509
164,169
30,542
100,226
107,967
3,609
148,930
169,987
140,388
200,876
140,193
40,525
84,340
173,209
191,293
4,859
3,314
30,672
111,769
156,383
164,943
13,426
36,340
173,312
89,21
20,954
71,867
8,560
82,770
200,593
121,990
96,382
23,746
129,984
159,242
8,439
158,913
116,616
92,151
22,917
92,891
193,504
87,534
37,789
150,688
35,634
92,366
131,5
177,59
105,751
92,810
104,657
66,448
154,653
72,513
65,688
34,785
172,981
25,507
159,622
69,511
75,666
104,353
112,823
158,343
112,972
114,487
190,151
156,540
115,354
113,920
197,151
176,795
86,159
82,322
128,56
72,213
129,866
52,660
153,614
11,865
189,771
44,122
35,1000
176,572
53,971
42,376
63,760
175,87
149,799
60,278
47,442
53,813
176,138
138,900
128,922
117,888
30,842
3,47
154,802
6,682
25,478
14,786
45,370
15,95
53,587
38,584
106,53
162,987
16,651
99,953
172,446
138,755
31,457
159,254
92,664
21,28
29,40
5,888
185,401
192,593
172,281
47,911
20,440
81,698
121,985
3,711
171,620
200,180
50,538
8,811
116,210
40,731
184,291
70,438
139,261
197,647
73,755
38,21
79,590
18,964
150,305
134,281
40,455
75,162
55,945
118,880
183,7
41,487
47,24
97,830
49,408
110,8
121,894
197,640
2,573
159,653
12,903
123,582
2,217
57,396
79,583
187,929
111,131
129,883
130,86
45,328
142,26
67,602
199,961
129,445
17,90
137,282
55,564
75,672
23,937
158,84
3,682
84,391
111,424
120,408
34,498
121,706
196,383
2,425
15,220
162,724
15,200
114,410
145,710
50,298
177,814
157,439
176,592
189,826
34,445
102,18
195,239
196,663
113,660
10,394
21,518
197,330
93,836
95,750
137,381
34,300
149,969
88,245
132,278
4,2
112,744
81,340
96,376
115,484
32,477
45,220
30,834
45,330
76,148
71,561
167,1
192,495
126,914
184,613
68,789
39,363
156,656
144,293
183,259
180,708
191,195
115,509
199,433
44,302
2,513
138,639
112,821
116,852
20,757
199,512
51,53
17,445
45,641
145,324
118,551
160,158
65,479
154,567
100,699
172,932
99,48
158,78
56,496
19,400
153,361
93,308
186,478
35,555
11,187
159,884
17,353
195,779
104,50
188,500
103,933
194,992
142,309
110,751
57,234
138,82
70,55
108,362
114,798
24,897
25,652
44,59
136,20
18,799
184,868
154,660
103,872
65,688
103,200
116,245
86,245
137,435
175,131
179,473
173,947
184,210
99,146
91,106
190,259
92,836
13,999
123,140
2,663
196,666
180,478
160,69
100,674
193,969
146,504
41,324
151,306
79,895
13,539
33,536
102,52
156,147
101,881
123,543
89,477
21,560
106,283
163,859
9,278
92,551
165,741
189,453
194,800
109,101
26,396
18,165
197,337
67,846
162,109
150,817
74,976
121,67
11,51
175,901
158,801
129,781
150,298
32,297
197,503
94,992
154,953
11,39
118,327
194,906
127,628
132,636
180,154
126,478
13,966
22,900
56,19
145,560
178,67
196,504
65,246
49,454
23,133
126,580
89,448
172,184
41,781
187,157
89,362
64,182
46,998
192,544
131,690
182,856
38,83
7,657
173,760
184,802
67,506
24,627
103,127
71,92
143,534
165,709
143,47
172,925
82,319
29,792
91,221
158,793
23,141
128,603
44,519
35,860
149,624
8,84
118,852
195,507
68,231
179,97
5,536
184,130
37,544
186,871
111,955
133,693
124,946
119,931
79,387
31,833
149,616
147,147
117,769
99,935
9,999
192,613
193,999
9,371
68,279
81,222
32,882
77,365
5,627
171,841
90,10
189,100
140,122
99,578
173,899
56,433
44,663
48,189
49,992
159,787
59,547
38,412
173,690
110,739
106,778
45,796
181,243
198,109
115,570
193,693
120,425
190,124
67,38
164,741
10,891
19,902
12,723
20,865
177,400
21,916
126,153
39,277
191,51
170,242
31,753
90,355
116,114
110,848
39,569
183,3
38,541
140,769
53,731
96,934
11,358
132,793
165,715
64,864
37,960
33,524
142,750
49,482
45,306
116,952
130,293
21,806
156,178
154,380
44,134
69,760
146,818
28,164
4,387
174,230
142,919
15,196
45,467
120,689
17,596
15,36
95,395
172,744
192,818
68,355
19,338
110,696
105,36
77,344
71,305
51,500
128,951
195,339
82,48
62,238
27,783
30,316
129,182
69,903
38,742
44,675
6,54
41,467
46,306
39,899
146,836
34,507
186,225
116,600
93,169
183,673
10,358
67,386
85,186
195,153
65,193
75,979
176,817
163,185
169,726
41,942
81,504
9,300
38,185
106,993
87,934
147,920
64,66
71,770
81,374
23,768
164,138
128,333
91,104
22,304
118,762
111,174
176,257
41,696
7,374
125,365
56,319
87,67
87,591
175,847
183,813
152,646
24,159
149,206
56,3
162,43
38,8
77,945
62,207
192,681
173,659
3,356
75,330
80,572
50,782
172,930
51,582
144,680
115,648
81,958
183,970
105,77
5,246
36,926
155,571
135,499
19,672
1,860
37,475
128,639
188,329
66,462
39,548
89,170
52,472
159,859
114,911
94,146
145,357
170,557
20,405
1,100
110,571
1,466
4,202
3,372
46,69
82,744
194,252
27,759
118,368
36,666
44,103
126,565
92,319
123,581
16,727
109,827
36,883
108,294
84,882
62,614
92,585
102,129
27,116
14,566
179,625
70,229
197,19
149,41
137,775
176,923
118,458
168,886
56,231
83,779
121,171
196,36
33,90
105,832
39,546
169,457
14,609
150,898
175,18
183,569
44,791
144,418
106,872
47,104
20,234
76,171
106,573
170,163
152,424
135,128
90,166
168,982
19,444
78,67
96,955
165,332
90,374
193,391
174,429
194,589
89,991
23,99
142,660
4,997
34,803
158,187
41,998
13,633
86,249
39,636
158,651
165,530
90,93
3,625
175,537
102,209
142,186
85,110
80,409
62,694
186,626
146,862
81,724
97,952
62,165
43,132
104,123
118,265
19,818
5,979
58,93
195,352
163,402
143,374
5,127
191,680
51,861
133,874
4,920
193,378
158,816
10,578
162,524
76,127
49,136
23,158
65,20
12,297
186,698
105,597
106,731
106,583
196,372
134,645
35,851
20,882
160,156
80,330
33,785
194,557
34,711
121,73
8,622
157,754
64,619
44,998
33,209
194,492
151,66
180,464
29,225
11,33
198,299
76,681
100,183
119,465
119,563
125,470
9,918
52,421
110,422
143,185
111,538
107,237
68,186
99,136
13,593
149,334
46,467
46,872
19,132
81,112
89,131
114,687
107,496
147,105
67,968
71,943
178,856
72,818
86,106
99,475
159,76
76,720
22,451
112,241
58,21
37,566
62,562
192,179
117,360
198,67
1,206
127,433
175,228
6,240
139,514
107,932
141,364
82,296
157,98
114,531
170,559
38,678
132,703
71,797
87,108
147,783
158,624
22,333
190,122
42,163
118,679
72,280
169,178
183,73
71,415
63,622
194,728
102,99
187,291
192,726
187,713
95,171
76,61
123,745
40,531
19,955
31,356
106,90
87,66
140,763
107,907
179,370
22,765
178,403
19,762
196,44
188,221
46,808
183,161
195,600
4,145
174,412
21,616
134,282
126,469
174,311
76,357
164,933
64,26
176,413
140,86
191,878
190,529
72,384
59,847
22,802
82,192
68,703
73,419
175,111
106,437
74,985
96,161
158,229
179,102
14,133
22,48
43,273
9,71
44,114
91,94
59,120
53,953
45,17
52,183
143,90
98,881
16,288
43,443
50,21
26,233
170,413
159,469
49,991
103,617
31,604
179,317
65,339
196,327
37,458
17,167
12,271
5,15
116,192
79,576
13,597
113,562
3,469
134,252
162,193
170,485
167,180
87,140
126,244
15,625
122,722
25,540
182,311
131,651
124,771
83,179
195,10
143,840
97,728
193,809
103,892
72,716
38,481
158,750
145,673
166,119
71,759
125,779
29,79
84,542
172,370
198,500
169,572
159,601
183,574
139,182
1,971
79,923
186,85
160,527
148,787
153,313
100,649
104,791
16,537
117,303
52,66
182,40
103,898
30,272
120,387
186,213
115,242
55,312
134,763
28,142
29,937
28,699
170,162
96,115
72,628
20,626
159,364
124,287
116,292
118,160
45,874
127,533
26,885
141,628
118,769
101,490
129,367
48,258
193,920
79,198
28,152
53,852
146,576
60,846
40,295
128,862
128,573
137,617
119,1000
114,271
120,145
197,240
200,743
72,829
96,239
83,690
107,976
64,437
88,178
63,89
135,917
96,677
24,320
196,494
119,632
195,103
138,715
152,888
51,990
160,955
200,419
89,574
183,30
131,91
116,241
8,173
178,851
168,553
162,147
63,312
136,567
130,653
123,933
157,249
22,582
108,381
100,684
44,663
139,830
182,940
99,319
72,169
111,38
190,885
139,319
103,238
161,95
59,870
193,321
145,342
189,576
29,277
145,255
200,974
101,570
192,415
67,494
12,517
130,125
13,64
186,925
185,366
175,291
127,790
45,124
192,345
79,724
102,224
196,624
198,723
50,31
165,289
44,455
141,173
6,119
149,396
173,955
109,57
154,511
33,316
186,624
54,765
125,451
152,730
65,306
48,887
58,655
11,355
194,555
185,360
65,219
124,606
101,463
92,822
61,858
67,889
72,806
16,899
16,541
27,319
66,933
168,609
109,831
170,889
116,399
160,410
116,125
75,88
55,356
85,139
119,133
91,391
179,563
148,635
42,389
102,835
7,219
168,293
84,513
121,34
42,718
12,114
82,200
146,581
105,186
79,793
82,855
138,29
157,510
43,658
132,915
92,603
23,675
161,180
57,206
124,316
11,758
163,412
30,400
60,30
173,772
89,707
95,320
60,845
159,40
71,565
196,830
2,312
121,548
43,872
136,659
182,447
109,778
165,430
38,294
47,82
116,444
179,403
120,396
56,506
8,857
33,411
146,39
171,972
64,487
16,608
164,804
144,259
98,248
45,256
67,532
86,705
101,543
111,762
72,414
199,643
30,444
162,866
163,656
130,3
157,589
1,92
100,519
116,322
118,29
8,751
168,877
150,769
48,352
119,759
191,500
31,86
105,290
132,758
21,918
10,605
121,218
85,222
189,273
98,524
99,630
108,976
164,873
30,749
127,15
49,410
167,654
18,319
142,941
34,72
30,326
107,801
47,736
167,851
152,713
144,992
121,273
10,739
159,788
10,74
75,824
190,45
120,372
19,686
72,609
178,393
78,442
126,678
100,161
169,13
150,937
74,531
65,825
131,947
176,52
93,459
44,422
120,931
79,235
35,669
29,534
63,765
150,841
6,592
196,883
85,687
162,26
45,793
97,728
25,348
143,408
50,571
169,688
181,276
182,785
180,711
184,159
141,473
150,606
122,886
107,570
196,464
176,711
143,989
191,115
78,650
85,398
18,60
147,293
60,520
103,576
173,133
87,177
166,225
42,679
192,536
163,127
163,247
141,491
70,620
73,563
83,539
96,951
64,337
198,598
195,204
148,940
124,609
16,612
84,788
55,823
143,633
142,63
126,733
17,876
142,103
67,146
124,507
131,278
69,393
120,401
75,987
105,754
169,777
87,64
178,568
175,938
130,636
23,802
45,879
68,620
150,664
123,32
152,251
23,352
51,252
127,484
120,474
177,784
38,233
19,359
120,175
33,19
51,149
68,188
79,966
157,579
178,355
154,67
101,268
152,346
94,108
130,35
118,810
182,941
73,102
181,882
155,230
130,557
199,445
57,483
188,495
97,36
133,332
157,981
188,528
68,315
97,544
185,131
73,759
113,189
10,488
150,523
93,478
10,86
59,901
49,510
196,833
16,65
196,239
198,395
173,450
130,231
62,947
117,998
26,443
145,226
183,848
133,883
198,903
111,396
13,964
43,861
170,407
54,556
190,690
60,926
120,173
48,427
75,502
57,897
70,554
32,125
65,643
43,949
117,132
100,621
44,348
106,935
122,617
192,86
194,622
35,384
86,204
138,102
68,818
154,952
102,797
130,847
192,707
24,813
119,975
179,777
71,733
12,594
114,238
18,26
80,728
34,674
196,347
81,429
129,611
123,106
172,583
199,671
12,567
35,871
72,735
70,669
101,809
146,218
25,839
88,415
173,240
151,551
127,418
137,293
49,628
26,496
118,180
179,985
13,476
78,796
148,465
94,744
2,464
85,214
49,439
5,771
28,505
65,676
106,68
162,189
78,136
76,808
28,758
70,350
189,408
89,45
174,694
86,18
181,156
77,988
109,293
114,282
34,627
38,356
189,767
128,821
196,795
56,894
44,344
56,507
95,212
32,634
13,972
102,471
142,612
29,626
102,812
136,679
71,529
147,161
114,27
92,408
153,44
38,224
134,134
20,518
114,618
132,143
97,734
121,755
115,656
71,91
42,994
33,32
50,127
52,232
196,531
22,214
33,547
100,319
45,120
152,153
141,5
159,716
66,414
119,975
193,585
181,707
200,596
104,563
114,614
78,552
117,440
138,467
29,851
6,139
73,568
30,640
117,409
25,79
16,414
130,197
54,326
137,437
32,779
143,422
28,429
87,563
25,649
129,312
29,96
103,948
122,536
169,105
167,487
47,925
166,701
29,635
156,222
95,824
103,312
3,339
41,418
28,715
129,260
76,244
142,569
17,252
142,970
179,644
1,42
68,745
31,131
69,184
54,603
197,427
171,203
111,119
126,223
81,998
108,355
29,349
80,590
109,801
188,560
85,353
134,97
55,75
16,544
86,751
142,162
34,673
81,291
13,231
40,388
77,230
55,584
137,515
113,454
25,311
135,186
39,205
198,407
94,590
155,808
14,314
66,840
155,746
111,781
169,300
154,449
116,349
69,657
144,498
97,202
81,312
18,606
124,463
96,474
5,94
198,989
25,849
75,18
53,995
198,834
161,393
69,870
60,585
152,982
133,986
6,202
151,568
57,481
142,648
164,300
140,569
192,634
175,968
158,102
5,565
130,643
99,815
93,748
135,798
48,174
44,231
13,378
189,270
97,645
62,645
28,595
30,607
54,520
158,741
112,197
187,432
107,551
97,815
44,807
111,253
187,675
128,433
43,842
84,907
14,593
35,878
135,852
64,5
169,288
174,489
147,412
11,52
9,977
40,410
33,807
160,669
42,435
29,399
45,35
1,859
80,744
109,546
154,102
22,33
104,895
68,244
157,836
118,66
66,865
70,557
134,493
111,862
40,239
162,749
155,847
127,104
38,687
15,274
33,917
63,988
176,80
101,421
136,1
8,812
88,60
21,730
168,285
96,200
68,190
111,366
156,625
91,683
23,205
136,339
150,213
134,85
112,904
195,200
150,481
196,373
165,56
101,69
93,618
150,719
73,823
107,219
17,149
85,162
63,195
70,69
113,542
33,454
37,873
178,930
84,370
199,716
73,571
107,57
21,602
21,92
197,552
194,95
7,869
144,469
91,993
15,809
154,140
27,519
18,779
175,181
94,780
88,157
61,699
127,27
176,240
141,971
117,498
18,140
93,883
138,586
168,824
74,725
91,406
4,579
103,545
179,192
199,816
176,957
48,337
41,51
111,574
131,274
178,959
98,922
163,954
184,117
48,34
39,844
25,92
2,550
159,949
163,459
155,559
56,207
75,362
105,773
174,516
65,545
130,844
88,878
10,523
171,343
148,967
33,495
77,10
70,757
166,218
55,807
36,497
68,257
117,812
104,182
124,144
98,645
86,874
23,981
54,968
28,518
194,465
172,42
54,154
97,681
81,966
155,68
6,856
74,660
148,655
130,935
57,795
127,626
72,239
66,920
123,407
182,196
75,510
28,9
90,928
144,395
98,55
198,71
150,338
108,757
189,647
44,161
61,230
140,674
99,182
96,950
118,22
132,107
103,339
47,801
22,814
133,307
148,360
78,369
181,668
26,242
35,804
151,156
121,98
179,897
116,906
149,364
23,32
24,683
153,28
179,662
123,394
179,498
167,30
96,299
174,391
12,630
170,514
88,669
147,885
134,55
150,239
187,927
196,117
188,350
171,421
138,395
105,916
136,194
31,92
166,373
76,349
108,698
3,786
98,359
133,463
181,25
150,60
148,50
106,92
133,679
18,99
173,421
198,414
41,187
129,800
39,103
9,141
150,750
121,951
31,543
43,716
76,414
190,883
40,414
59,256
88,454
129,43
119,617
158,541
136,565
57,861
183,610
164,208
198,589
127,604
6,360
20,900
68,103
184,483
183,218
96,123
191,449
153,814
194,726
104,403
196,82
50,725
47,323
70,395
120,483
160,694
27,465
108,168
50,552
133,280
89,3
184,941
32,641
103,275
3,186
143,703
33,168
75,402
19,108
37,383
81,340
189,449
191,984
108,61
128,232
196,538
132,880
37,300
168,50
15,132
166,154
147,639
68,83
118,590
154,456
101,876
45,647
56,325
86,987
137,789
57,563
196,642
105,360
199,955
164,650
75,884
41,912
138,333
30,87
81,954
199,141
175,491
184,518
81,515
99,788
12,908
153,75
172,364
77,507
139,822
63,359
141,103
116,362
171,748
79,589
11,274
174,273
131,838
112,270
165,772
51,442
67,661
180,13
194,319
195,727
165,658
125,464
58,33
100,346
169,713
187,255
26,114
111,840
127,127
50,904
105,681
118,455
45,773
155,859
68,48
73,263
21,459
141,468
88,127
159,613
124,706
136,975
158,78
24,925
100,639
108,845
101,143
147,339
117,954
168,362
103,360
114,36
97,116
31,169
56,2
17,687
163,905
106,143
81,454
3,551
129,591
183,308
165,210
151,138
144,758
103,461
188,846
50,481
81,687
10,386
124,587
131,101
145,863
69,775
140,454
94,985
76,381
134,351
4,974
59,623
33,314
194,1
150,752
50,740
15,504
177,607
90,863
76,654
39,165
89,306
105,158
135,963
147,753
46,810
162,24
36,764
173,41
52,829
71,516
53,774
162,601
40,411
86,453
36,786
51,130
17,211
42,626
55,740
172,765
150,721
52,983
169,256
56,305
39,534
185,414
17,512
90,282
109,832
57,853
43,244
186,492
98,605
189,3
25,406
26,934
25,967
45,470
57,244
110,91
61,136
44,676
140,643
69,274
57,283
153,174
40,800
78,472
129,473
144,360
1,902
196,252
53,623
24,628
130,421
29,672
137,579
168,386
159,921
5,269
161,273
96,745
146,630
162,967
40,374
163,978
31,356
114,531
1,627
130,289
140,481
114,544
152,939
72,807
177,627
56,23
1,461
86,499
179,171
23,403
110,865
7,868
37,916
121,968
119,195
170,567
135,653
169,722
31,790
129,425
96,589
37,180
193,955
10,779
181,763
23,88
56,469
143,194
195,953
58,14
53,916
182,638
72,745
138,312
151,960
123,861
10,61
65,131
25,110
121,778
108,33
190,494
168,290
61,478
56,842
20,373
147,963
70,216
8,757
91,31
10,629
20,344
164,660
171,464
108,556
126,414
17,534
24,256
31,26
15,998
162,745
160,122
86,562
25,428
140,954
147,125
187,358
8,768
111,57
127,494
56,253
44,187
88,357
5,220
52,794
138,154
110,895
89,581
147,832
147,915
104,842
28,536
54,394
24,124
47,672
15,725
106,410
15,725
158,888
86,134
105,301
41,198
126,626
157,483
30,438
87,862
175,235
58,228
196,415
105,562
18,357
148,847
67,36
149,939
22,418
117,678
14,888
117,269
154,767
110,419
131,190
28,106
84,415
190,665
86,11
161,360
49,589
98,760
21,583
55,202
143,818
197,111
169,733
186,270
48,687
8,361
62,611
47,498
34,93
147,290
128,957
43,241
146,133
45,98
104,382
22,399
188,830
178,504
25,416
111,651
89,409
76,30
19,370
31,60
116,919
169,680
4,561
169,514
114,196
64,960
15,229
18,196
10,436
153,187
118,527
144,414
113,497
76,89
16,358
155,922
95,174
73,95
167,701
194,969
9,459
23,112
129,174
184,923
25,764
42,132
86,324
19,667
121,598
76,813
128,877
41,448
181,907
110,138
152,727
21,546
42,902
7,488
84,803
25,373
109,463
44,461
162,803
148,969
29,88
125,612
112,107
113,395
187,723
109,763
101,949
148,946
32,838
173,121
65,167
79,347
52,128
137,871
146,800
15,48
173,407
120,509
32,945
141,658
37,39
155,678
102,631
30,306
47,260
61,150
198,532
114,411
92,193
183,330
32,274
196,209
196,430
154,734
154,865
77,578
168,977
89,853
83,42
151,364
85,910
111,985
78,756
74,79
175,225
139,665
64,473
181,899
95,745
99,234
99,647
78,338
95,993
65,890
151,337
61,264
7,667
70,27
10,76
171,891
151,788
109,994
195,45
169,653
64,209
22,391
25,237
121,71
82,257
127,955
142,640
135,960
144,382
124,241
78,221
24,253
19,878
104,667
71,177
12,879
104,315
182,311
101,178
185,578
92,843
74,156
80,592
68,480
117,368
70,9
126,412
135,218
123,793
40,104
198,58
174,764
56,510
63,468
51,219
26,158
127,764
52,735
58,259
41,775
13,949
24,365
78,848
195,462
87,734
62,296
195,742
82,216
193,906
113,776
187,982
111,218
171,865
99,753
84,5
9,839
165,402
93,696
110,451
20,327
184,527
17,655
9,61
10,356
164,620
40,67
16,834
42,476
80,933
41,133
4,947
107,302
134,755
62,806
43,473
16,884
193,266
108,54
56,923
142,180
180,716
8,762
76,498
92,207
123,77
8,541
63,415
178,868
99,192
54,861
89,806
177,231
70,669
55,69
100,345
164,479
65,134
131,978
114,967
174,784
108,575
22,97
77,23
189,858
17,571
24,174
35,441
88,688
113,638
85,189
160,25
42,971
37,978
119,298
164,732
46,323
97,877
4,988
33,548
97,343
162,709
55,246
162,182
187,585
52,733
35,48
104,486
41,439
195,591
190,567
109,979
23,542
118,752
173,538
145,754
141,155
142,640
51,753
78,1000
14,434
170,389
198,438
138,479
76,708
194,181
158,843
144,390
17,731
194,62
110,166
182,417
41,356
83,980
58,581
62,609
88,613
135,935
165,988
165,419
86,798
117,505
133,618
174,624
144,276
142,476
35,809
181,669
128,308
5,32
84,419
83,219
131,642
71,948
30,912
141,399
35,671
135,510
4,429
105,387
178,589
25,561
33,933
166,945
10,655
122,392
43,22
111,30
165,288
76,211
29,834
117,234
104,187
104,455
130,155
10,688
99,609
111,780
180,755
139,815
166,343
156,448
73,412
116,915
48,737
124,554
86,785
125,215
137,849
36,87
98,600
37,374
196,564
96,399
167,48
31,197
183,128
34,482
151,778
97,926
103,262
185,714
41,703
32,241
163,62
105,843
154,146
186,100
114,141
8,387
56,542
125,262
71,563
151,706
22,152
137,961
27,63
188,55
99,81
184,908
140,399
197,348
173,522
22,758
164,986
33,553
189,885
10,125
96,253
126,329
188,5
106,522
27,187
33,413
175,191
152,85
80,214
159,972
193,173
2,897
131,647
45,715
87,336
81,381
118,379
187,456
119,216
126,80
198,546
11,470
155,580
21,88
7,992
49,705
20,809
1,138
151,874
96,424
180,630
80,894
194,249
148,853
79,711
185,456
135,572
78,294
31,206
184,903
76,588
170,208
71,686
111,693
10,966
198,435
111,373
88,964
130,871
151,209
112,395
37,834
12,246
64,721
104,278
135,404
12,374
98,140
148,701
70,802
86,911
167,853
9,882
31,578
36,446
11,841
96,427
78,258
186,791
166,866
141,249
198,479
195,236
45,388
85,429
19,435
171,600
93,116
3,615
197,976
86,765
143,8
10,951
59,205
43,5
197,715
136,364
133,263
121,44
111,364
53,986
136,128
101,638
200,268
54,483
190,446
19,578
99,290
30,161
100,702
8,189
173,152
147,849
36,735
66,81
180,13
176,307
122,846
67,179
135,988
102,533
165,227
150,908
161,531
4,879
136,270
34,908
72,696
154,614
194,343
119,112
17,778
177,905
139,16
121,701
199,115
141,181
186,472
11,343
162,291
179,556
6,362
122,297
169,367
100,942
80,664
145,767
100,581
69,857
143,279
141,690
187,627
181,464
121,476
67,478
15,896
29,281
23,984
1,795
197,296
122,374
177,318
182,31
179,128
142,583
77,545
119,712
80,589
2,978
110,555
143,431
99,935
100,129
118,150
187,969
126,286
23,91
7,17
4,334
122,151
39,706
84,67
40,412
153,781
103,251
35,90
82,902
39,255
198,520
126,210
56,611
104,732
16,514
91,901
18,830
197,937
143,261
30,631
99,436
199,801
62,220
149,808
54,535
140,421
144,834
77,826
136,847
138,673
18,916
154,933
178,297
47,132
117,535
110,75
2,321
168,635
114,193
35,577
38,235
73,755
38,158
194,525
26,726
176,19
138,933
136,857
46,612
145,190
156,453
16,479
90,664
47,911
94,735
88,571
156,857
82,412
191,96
127,313
38,329
127,561
80,78
123,32
161,68
177,247
183,350
97,90
144,828
132,624
129,514
17,256
173,467
48,727
9,52
49,485
12,120
32,935
197,381
197,666
7,820
164,616
7,827
106,562
86,195
46,92
55,146
87,330
96,661
148,13
58,836
73,34
127,864
130,112
146,40
48,279
125,497
129,445
58,570
195,118
157,975
182,486
17,723
199,440
96,572
119,947
33,544
183,804
64,343
96,315
51,92
31,126
7,844
68,20
127,219
65,615
172,774
12,917
169,997
60,535
121,490
134,363
120,970
6,450
34,493
191,635
143,68
132,299
190,732
200,564
49,727
83,304
172,576
171,892
156,998
102,14
94,577
156,208
52,492
2,243
113,834
198,549
192,983
148,594
163,922
6,999
95,319
90,472
63,421
61,883
180,169
127,453
108,923
153,797
146,275
19,167
111,981
103,601
8,859
15,374
101,467
27,225
97,878
58,395
98,887
129,651
92,249
73,312
10,539
161,154
25,412
22,118
115,934
5,396
152,315
71,222
30,538
2,784
1,661
174,457
12,390
173,74
27,743
109,466
103,860
35,128
125,747
180,298
153,702
103,937
49,749
131,549
122,448
27,460
190,349
163,87
83,54
123,204
39,124
93,838
180,510
118,972
123,380
191,932
140,796
166,168
112,433
81,224
78,282
52,285
177,673
99,530
95,131
108,170
192,150
186,160
51,788
9,847
199,283
73,985
178,72
76,647
58,290
28,329
138,862
55,499
163,766
178,186
165,209
194,472
3,420
95,163
118,584
92,238
185,829
53,710
75,507
170,894
118,519
138,638
6,512
92,704
13,52
128,39
136,211
118,777
156,842
123,296
84,729
141,477
25,150
151,501
137,700
123,203
48,649
10,295
13,736
175,838
131,517
99,659
44,28
15,568
51,985
45,176
178,323
42,899
112,944
5,648
154,36
158,263
24,687
77,214
80,880
98,681
199,901
144,698
71,425
96,373
2,382
1,4
108,176
110,291
84,95
52,719
159,186
33,334
195,842
62,120
141,421
145,537
33,803
1,315
59,250
152,101
186,156
51,295
110,412
54,968
34,532
12,629
167,66
140,797
133,29
44,483
160,479
147,455
121,384
196,419
98,920
175,933
34,184
35,908
22,663
181,798
104,886
51,990
127,534
175,342
88,648
57,890
166,814
106,969
173,147
93,923
38,24
44,695
100,71
114,769
176,619
161,843
127,720
121,187
191,343
86,634
164,662
69,743
183,431
191,169
129,724
102,292
113,807
188,208
145,380
89,846
157,947
144,35
175,536
135,397
124,206
66,963
61,471
82,766
74,534
36,378
151,572
42,259
46,873
164,10
71,898
196,399
95,32
136,718
29,504
180,153
45,704
37,542
59,17
159,323
48,749
146,531
127,194
67,698
195,922
74,912
103,737
89,870
39,908
84,680
77,285
7,151
105,548
10,268
107,443
77,459
51,355
3,278
128,303
138,803
170,160
143,74
107,583
65,232
128,385
21,743
114,879
162,832
154,418
177,164
100,312
185,667
22,358
28,264
172,781
40,870
59,957
196,195
142,532
186,667
139,616
89,56
164,898
127,191
18,417
29,358
29,587
47,215
81,554
188,365
143,711
132,967
145,205
166,449
106,89
29,926
11,373
50,898
85,295
164,265
71,476
194,902
180,285
90,650
151,762
30,221
44,191
127,743
57,694
94,491
170,980
116,571
174,177
44,183
170,628
155,138
181,899
47,110
19,357
114,174
17,112
32,847
4,122
174,161
83,615
145,691
91,709
31,796
125,942
6,622
125,611
159,366
121,48
85,93
125,765
37,179
196,915
119,799
29,718
134,120
73,635
132,546
78,926
155,541
68,475
42,438
153,365
114,422
170,369
197,121
130,194
140,323
120,61
108,78
29,716
11,131
8,343
104,958
39,550
162,420
91,538
152,723
175,5
156,257
81,663
73,237
22,425
98,394
104,241
92,676
74,958
49,878
164,815
198,498
131,89
188,470
36,642
78,876
59,59
2,545
175,308
154,696
119,947
200,826
158,691
184,885
62,818
52,313
59,830
12,875
9,580
157,349
96,870
88,525
163,348
142,181
70,749
163,498
86,921
32,686
21,711
110,717
97,663
139,338
189,601
132,884
45,577
38,930
13,366
162,310
146,65
135,896
59,210
91,610
112,220
64,602
31,745
193,13
43,502
47,557
172,300
122,837
199,341
16,768
46,717
147,866
71,565
39,226
8,820
169,83
112,922
170,248
24,853
28,600
7,331
197,86
6,851
79,371
146,304
74,271
32,165
71,989
189,609
22,441
22,894
79,397
63,495
79,837
18,542
9,59
28,742
131,606
75,953
171,375
18,872
193,203
30,888
194,599
145,359
175,155
186,84
168,628
74,392
158,305
25,589
147,521
185,905
32,954
42,1000
62,334
142,572
198,217
200,540
41,163
1,994
18,176
39,98
157,417
139,100
81,332
88,442
88,128
154,530
187,478
20,298
173,791
127,680
67,58
114,735
79,530
190,881
122,569
189,767
66,284
56,625
118,965
167,873
24,790
65,873
97,759
127,492
15,628
32,455
22,737
8,942
197,436
114,676
88,783
105,131
95,303
9,100
105,738
100,799
90,868
147,751
13,539
138,637
189,359
35,459
49,647
53,146
58,342
97,283
64,7
79,587
169,351
75,448
67,839
21,1000
148,926
46,151
111,607
200,439
117,141
31,922
158,766
51,786
46,727
106,691
22,975
181,449
20,679
100,15
85,342
85,539
181,41
168,9
119,932
34,803
51,132
62,440
128,52
166,594
70,106
70,336
160,234
79,136
116,234
111,607
143,966
98,799
103,422
151,963
57,825
4,745
53,824
197,837
4,303
46,167
94,809
188,611
193,915
175,258
10,543
194,633
115,860
90,25
149,388
177,446
138,218
149,379
197,484
87,761
94,796
82,43
31,76
41,700
174,324
27,600
121,251
21,600
2,785
104,854
56,662
151,780
64,440
95,407
48,194
154,653
28,92
81,608
35,726
134,283
149,506
44,88
121,572
105,548
102,548
32,79
89,695
73,146
174,988
42,34
113,611
39,499
153,831
44,334
150,441
90,977
95,48
162,303
102,209
14,486
18,315
169,263
30,276
10,939
79,281
108,912
119,71
106,342
186,385
167,964
21,894
64,546
147,538
75,361
87,535
17,62
90,704
7,991
27,536
30,597
68,187
115,223
75,838
23,463
26,640
66,738
17,689
131,155
126,719
105,558
91,596
32,865
66,485
99,619
180,365
98,327
31,107
192,537
188,713
28,815
54,86
196,220
32,571
142,516
46,785
96,210
116,838
148,10
172,504
145,813
60,660
43,517
51,831
100,380
124,295
28,47
103,207
113,206
148,433
94,80
19,643
2,875
155,674
155,671
81,538
124,40
19,930
152,526
153,156
152,741
144,985
91,948
180,967
162,442
70,25
45,138
27,408
74,54
7,580
110,517
159,964
82,393
173,126
194,295
8,245
85,942
121,961
105,6
8,508
37,33
85,692
53,731
160,376
84,1000
177,666
31,884
156,411
55,787
49,814
43,939
178,640
39,92
38,937
167,794
65,758
143,513
15,519
158,260
103,459
112,567
115,120
43,215
170,354
43,201
148,517
116,336
197,827
86,29
139,312
147,319
157,810
128,161
144,223
157,41
147,505
183,350
111,32
148,647
141,611
103,249
118,379
62,617
141,724
5,894
108,122
134,985
117,488
41,73
16,411
47,65
163,268
69,528
64,329
24,787
177,638
184,68
178,945
187,706
12,520
67,463
46,313
17,116
117,884
14,846
58,587
137,513
181,488
172,124
68,300
3,417
151,213
47,923
187,416
24,691
121,841
17,982
37,549
158,843
72,635
164,412
72,877
72,331
168,79
13,57
182,862
3,67
34,924
196,779
93,36
191,540
150,109
154,925
186,152
89,393
69,301
4,137
60,40
126,877
43,587
127,464
116,700
44,56
144,992
59,963
123,772
24,309
126,200
42,698
134,212
173,261
14,572
127,166
60,9
178,73
53,753
199,568
52,78
76,776
43,165
142,792
30,625
103,658
49,527
99,737
155,394
188,315
102,152
170,355
4,884
9,54
110,344
16,204
69,812
132,110
180,776
58,301
31,151
128,699
76,664
14,52
44,643
58,357
171,440
81,366
61,429
170,258
169,646
155,934
174,463
119,865
74,613
83,391
29,331
75,500
138,25
39,765
3,870
161,174
2,563
94,755
41,800
70,980
15,122
126,858
129,211
43,890
170,827
45,490
29,938
78,720
30,388
88,742
86,890
117,106
173,656
131,855
14,706
187,688
197,280
63,273
164,366
100,483
66,571
95,2
82,820
58,174
174,668
163,868
23,468
132,310
179,42
87,787
151,460
191,343
108,994
44,196
78,557
158,263
25,16
161,790
70,566
142,928
72,456
139,234
115,414
148,902
117,884
66,337
100,941
77,538
132,520
3,437
153,747
162,406
134,701
2,555
90,28
183,122
58,120
25,493
155,232
103,287
15,338
16,412
111,138
10,654
55,796
78,984
102,898
39,528
74,702
38,268
146,219
36,197
141,870
142,989
184,406
128,297
123,315
38,556
48,302
160,190
101,329
54,938
165,835
106,139
22,208
154,371
143,840
51,718
137,788
84,123
32,761
115,300
190,83
71,857
162,135
22,875
54,999
141,530
93,217
98,810
126,608
69,815
58,42
93,560
91,163
2,350
16,78
193,921
123,921
89,188
175,144
158,131
34,637
181,241
70,199
29,692
77,191
68,573
104,597
128,30
189,396
155,25
84,491
134,480
98,586
113,246
26,626
86,122
80,914
127,708
102,941
131,190
120,27
60,250
129,621
134,489
99,521
139,549
21,205
59,160
80,68
138,46
87,221
30,346
52,165
32,511
62,777
127,43
44,958
14,412
123,557
38,690
183,343
112,400
19,980
69,872
175,138
113,990
31,198
29,228
151,900
81,99
177,555
178,6
193,881
40,32
3,571
51,851
128,722
89,448
69,64
66,167
70,956
94,367
188,693
33,426
139,792
75,965
6,568
69,415
10,52
168,436
178,191
89,348
198,621
63,204
14,812
18,424
26,689
11,745
31,99
76,829
54,109
1,382
156,268
78,784
78,734
192,810
7,611
70,24
116,879
77,100
51,59
120,597
88,133
90,589
95,70
39,53
66,369
12,249
138,343
53,396
44,187
118,259
69,953
23,887
4,863
135,205
151,969
195,493
33,77
41,645
196,964
115,365
63,324
63,394
12,456
53,188
159,552
146,263
184,520
198,658
85,996
39,571
194,171
123,855
144,702
144,46
131,612
88,376
88,411
153,774
162,954
191,72
25,453
36,733
63,382
143,390
168,697
72,403
64,653
141,736
157,587
126,855
40,504
188,746
54,387
132,767
6,970
19,857
146,655
150,767
93,578
101,956
182,210
98,748
104,768
122,999
169,148
187,79
133,183
86,834
188,171
196,707
146,309
152,668
55,435
184,672
110,16
64,721
20,618
79,898
101,346
34,940
5,653
11,273
84,866
169,182
159,710
137,126
197,851
179,666
154,220
97,85
79,289
23,914
164,858
37,190
106,559
34,779
90,925
51,68
35,916
105,178
121,294
93,541
155,132
19,173
60,64
158,778
148,241
38,553
136,303
81,142
127,862
142,290
11,65
171,385
144,349
186,297
82,846
185,231
161,125
51,62
63,818
106,834
53,380
150,442
47,781
52,862
80,858
188,647
7,180
97,225
118,51
177,712
154,600
57,282
81,943
89,175
166,109
57,83
131,595
84,305
124,633
83,544
38,97
184,968
102,579
44,789
142,675
120,152
40,158
98,904
129,342
139,471
125,880
161,730
133,723
198,810
178,444
62,180
199,721
200,379
2,123
190,647
17,113
50,529
54,986
141,826
156,833
34,820
11,152
50,401
144,37
65,837
35,78
89,962
5,427
80,173
181,736
146,354
85,225
13,181
36,167
60,703
182,432
140,20
174,996
175,363
135,920
90,829
177,247
5,230
96,304
168,347
10,563
52,915
108,878
64,202
51,237
68,828
195,465
150,575
31,486
47,86
42,577
43,610
198,833
89,295
127,534
45,970
138,763
59,936
118,135
14,921
3,662
138,900
68,574
128,297
197,733
94,378
62,770
181,714
105,229
50,998
96,476
132,901
109,84
7,217
19,600
56,672
169,898
130,333
16,408
184,168
182,392
113,682
31,298
152,288
138,311
12,456
26,898
161,921
47,233
124,922
180,621
24,656
165,709
44,436
122,463
26,930
54,590
179,855
122,558
79,850
25,274
89,554
147,268
15,1000
119,314
27,429
32,640
155,873
117,275
185,752
105,533
54,350
167,322
83,499
27,8
8,313
134,986
15,996
92,997
33,940
59,466
153,272
154,999
13,984
107,196
126,112
108,507
10,844
139,911
73,881
119,195
127,2
160,751
54,533
194,90
19,924
92,610
18,652
126,120
114,85
75,176
104,172
72,662
173,249
136,840
82,552
95,911
117,536
109,772
177,100
92,854
35,318
71,382
75,648
182,484
100,808
89,216
11,993
117,395
189,906
48,306
14,656
41,201
126,358
2,76
8,19
118,316
164,519
181,927
148,575
70,706
184,19
164,564
137,142
21,399
13,642
37,378
100,676
49,624
55,23
55,614
178,362
9,958
137,807
68,992
34,940
55,737
5,469
54,595
158,753
16,972
108,902
68,868
130,765
187,853
37,538
42,507
172,83
73,315
177,205
91,128
100,916
183,785
59,643
94,505
55,287
127,10
17,223
24,516
119,795
191,449
37,235
109,378
173,147
115,81
127,152
26,365
115,826
28,389
190,534
111,803
142,878
7,544
78,451
159,590
123,234
120,262
171,939
101,179
59,535
177,553
53,854
195,74
136,467
81,809
24,356
116,829
34,276
40,963
7,310
64,848
187,496
89,21
97,465
3,84
135,360
150,115
123,938
134,781
55,28
8,684
183,911
77,916
19,1
11,996
200,679
192,25
40,515
33,939
150,415
126,568
42,104
139,692
11,728
145,321
106,313
48,633
101,604
142,327
104,280
79,253
87,626
167,610
191,71
91,794
40,296
187,676
10,745
61,848
56,803
5,46
166,883
22,183
91,101
5,968
183,810
35,909
29,390
64,616
67,700
157,87
113,808
179,268
81,208
70,585
149,111
178,364
86,792
198,784
170,438
128,509
158,894
128,43
189,331
87,280
104,701
39,715
156,275
166,866
82,546
27,184
106,706
112,701
88,792
106,577
190,830
176,409
97,60
134,820
17,52
156,340
63,337
146,513
134,600
138,856
195,936
101,935
50,429
85,999
131,628
23,991
95,600
198,774
195,839
193,771
161,543
100,857
59,397
84,998
106,132
200,682
86,58
111,371
39,227
58,627
74,554
118,387
45,657
187,453
21,447
141,289
74,839
52,42
82,212
110,362
104,586
95,936
72,789
146,582
154,596
16,939
197,685
116,293
138,246
1,384
81,333
113,252
56,100
100,961
67,604
133,822
145,915
12,409
70,465
70,63
92,691
48,568
65,556
146,942
150,1
122,164
182,947
132,914
172,234
185,701
139,437
139,328
189,36
101,949
188,136
46,764
67,712
13,830
49,97
7,23
198,247
70,324
147,919
109,589
152,987
22,531
24,997
167,344
150,190
170,520
185,214
116,387
117,330
38,207
120,310
89,345
149,482
125,953
141,714
166,661
121,350
17,258
112,209
199,748
193,573
40,150
152,236
5,674
79,176
16,60
22,735
25,885
96,312
157,471
156,935
190,644
162,350
50,258
34,991
71,435
170,388
117,294
68,695
118,944
176,697
1,548
97,752
73,564
78,246
160,288
142,729
84,846
191,645
69,446
34,949
92,75
82,999
100,7
41,374
24,284
68,947
183,812
71,933
124,611
120,758
100,760
172,275
154,935
171,526
103,680
174,467
193,136
9,979
176,479
177,9
184,946
37,563
75,224
136,779
184,377
122,788
30,31
63,572
139,23
192,936
115,652
66,251
159,637
107,929
45,820
194,97
17,410
40,526
77,203
142,975
27,655
158,578
170,922
48,770
49,139
18,132
17,750
189,730
116,620
43,183
156,202
71,135
68,942
116,135
183,888
19,737
192,584
122,573
98,775
159,67
22,854
51,797
19,815
163,181
42,774
140,876
66,472
82,660
6,775
169,344
31,692
53,479
101,827
16,655
15,371
86,608
29,281
133,706
17,115
37,250
38,575
52,502
158,30
134,813
147,518
139,817
36,387
168,761
16,760
87,366
26,322
49,141
130,516
146,182
12,301
181,399
188,47
48,133
130,553
94,738
161,85
142,999
70,680
117,868
22,21
145,849
119,557
72,676
54,883
163,405
5,329
8,781
40,877
168,903
44,647
160,431
151,403
7,122
34,314
175,491
195,96
105,379
179,889
173,363
1,146
76,173
120,741
192,273
183,896
71,645
110,710
122,673
102,77
58,168
184,69
7,168
130,700
27,249
198,791
33,108
111,165
77,307
114,168
109,181
124,592
76,666
169,603
74,914
130,696
54,780
142,330
31,735
166,154
99,549
26,645
95,408
94,534
120,888
171,559
94,385
143,347
167,178
32,58
69,813
158,74
45,462
52,743
86,324
81,358
42,993
170,395
190,921
27,855
116,263
135,326
18,859
94,206
104,759
129,459
54,491
29,1
177,215
22,809
158,800
83,824
2,922
114,490
76,770
5,321
73,282
112,345
134,245
96,571
11,21
156,235
101,896
84,151
52,988
52,371
71,829
189,694
147,106
96,919
86,961
130,62
171,205
146,766
200,960
87,974
114,157
85,498
75,992
191,484
166,253
199,333
104,649
48,619
118,93
129,92
56,798
180,439
139,512
138,517
35,31
34,1000
81,939
121,323
111,246
15,735
38,479
193,404
25,473
185,74
47,848
90,213
117,206
41,534
127,158
95,616
193,932
10,930
17,958
58,737
167,274
99,991
136,403
81,519
25,247
31,851
58,938
36,106
57,971
56,323
113,74
44,979
154,572
182,464
76,359
191,944
61,990
59,198
123,120
59,641
14,415
116,899
118,679
99,966
145,946
129,234
59,193
168,139
61,334
160,65
102,182
194,401
123,719
115,224
127,30
9,952
76,254
102,324
195,870
159,370
181,964
63,115
173,532
135,238
65,745
114,667
102,979
89,352
185,324
84,25
63,892
159,201
26,427
122,213
101,254
60,594
55,494
161,785
151,436
64,283
50,581
128,836
5,623
5,211
92,414
4,91
170,84
66,629
186,654
13,960
45,448
115,382
95,475
198,240
9,660
80,687
156,102
178,565
16,364
57,386
122,891
101,958
169,416
138,826
152,581
146,331
121,352
114,706
16,992
12,417
169,995
193,670
89,646
56,165
161,192
46,47
145,938
90,281
33,351
184,38
85,546
194,264
134,866
192,357
175,236
183,363
89,598
28,187
124,230
126,110
29,70
135,12
52,535
47,862
178,452
168,544
115,738
150,916
188,823
17,595
15,99
119,806
36,567
44,413
100,443
54,234
144,383
109,640
48,126
34,555
2,101
173,681
102,163
35,232
164,171
151,513
160,335
93,442
199,945
174,994
72,937
43,414
28,204
169,132
97,906
7,518
56,734
189,998
156,112
40,230
198,882
49,276
138,737
194,359
116,745
81,964
129,842
37,733
74,454
28,305
25,194
151,217
161,946
150,693
29,719
125,517
160,355
13,768
138,977
123,764
39,794
95,553
32,127
6,944
143,290
61,508
1,278
33,502
148,70
84,554
110,89
117,694
118,799
199,884
61,928
156,885
23,755
104,829
42,242
52,730
26,83
7,127
20,955
110,670
49,882
156,438
200,41
56,948
89,806
95,39
86,817
62,204
113,306
150,343
135,446
166,163
29,431
178,836
150,934
177,217
42,955
70,83
3,475
53,638
9,409
118,854
60,873
103,809
122,402
82,889
60,305
81,417
156,625
31,681
196,754
124,503
151,502
79,509
176,981
39,863
157,862
84,528
5,475
73,212
184,825
84,301
127,867
77,801
135,617
130,717
189,668
179,624
169,430
3,865
90,514
133,864
82,331
1,677
176,391
179,665
175,768
83,105
173,217
73,66
3,26
98,396
47,67
42,583
39,520
113,459
181,724
186,715
13,653
25,931
179,317
66,486
132,949
94,904
146,808
8,74
164,152
7,70
104,686
126,9
149,152
180,703
147,452
49,706
5,49
162,188
149,202
124,300
46,577
194,517
27,99
146,503
39,382
93,707
112,18
100,921
4,13
77,634
80,290
85,491
154,496
110,540
7,966
111,76
109,653
200,664
4,353
196,99
37,859
189,255
163,657
70,493
37,645
116,599
198,760
26,870
66,613
25,296
196,638
22,907
169,190
13,52
50,410
37,21
127,293
38,349
104,678
73,464
99,358
127,453
19,201
169,558
84,718
18,290
25,181
45,193
53,785
56,614
138,856
13,234
108,966
44,910
58,776
110,294
147,851
108,843
2,220
1,974
83,754
135,581
121,121
104,187
146,962
91,897
166,875
141,535
63,496
42,869
54,698
28,520
117,458
144,369
23,357
142,954
73,472
50,52
1,234
165,323
173,310
21,34
52,590
78,661
129,790
59,1000
10,622
19,418
176,44
44,878
153,157
10,700
3,453
51,251
170,458
15,534
22,197
33,438
98,108
119,771
96,529
46,751
40,549
16,820
194,593
11,356
122,663
184,159
150,844
155,74
141,895
119,122
82,235
34,255
80,507
123,763
188,605
49,754
11,711
100,551
99,408
187,760
80,813
38,339
44,524
104,594
127,813
151,906
116,593
154,341
47,852
92,221
168,392
131,963
135,2
22,588
29,541
72,663
123,956
97,667
193,718
103,694
4,388
194,130
50,12
167,682
178,763
111,502
178,701
35,69
136,370
182,537
172,555
20,951
87,556
75,829
190,161
171,248
53,162
185,816
174,755
16,521
44,679
47,851
154,469
171,947
76,35
180,510
27,300
100,937
91,473
184,837
162,302
182,468
181,574
100,601
187,210
23,730
63,678
196,584
49,443
28,689
52,950
120,311
143,398
180,631
72,886
88,996
47,101
165,199
105,639
60,340
164,364
180,629
89,706
146,433
65,403
94,538
87,811
153,496
134,356
59,406
191,163
149,824
149,679
83,761
34,102
150,716
23,478
171,553
192,868
57,690
23,334
17,706
105,358
64,286
119,100
39,409
64,494
19,890
94,762
81,773
63,94
95,542
98,824
151,277
104,147
44,661
147,103
155,449
168,653
198,147
155,594
21,158
102,323
4,653
23,100
174,365
7,944
155,52
104,888
29,234
190,897
156,845
130,777
111,719
161,220
57,440
73,280
176,164
109,403
114,748
52,207
10,882
2,413
61,593
88,847
128,576
139,244
31,279
70,273
82,414
95,865
80,219
71,37
169,432
131,113
98,133
58,149
193,144
88,774
21,26
167,947
131,760
126,265
19,589
96,850
89,969
168,388
192,863
135,532
134,939
180,481
54,410
123,527
151,747
53,944
75,422
117,616
100,82
31,618
9,68
157,630
46,749
154,441
193,744
34,636
83,686
38,628
188,12
1,731
96,217
10,835
142,794
122,294
131,32
67,250
48,770
61,628
106,561
193,752
71,691
141,965
67,584
82,776
39,647
124,203
159,688
13,720
129,794
174,880
193,504
118,521
135,786
177,713
85,662
7,900
129,46
138,259
81,643
158,850
23,534
65,78
186,671
121,166
143,248
125,528
196,696
138,688
11,317
97,873
97,306
155,97
106,656
173,314
16,148
158,25
22,781
68,390
19,517
75,660
104,103
41,836
61,18
138,447
122,809
118,878
57,492
22,392
40,742
91,952
76,136
179,383
105,902
43,555
184,240
30,150
105,929
181,116
148,931
41,873
37,730
90,172
63,582
136,730
14,14
190,927
52,681
138,339
192,542
94,694
127,64
122,872
22,577
57,548
3,623
177,221
128,11
128,203
126,948
134,428
24,956
195,189
145,149
186,157
53,985
50,184
24,852
184,504
181,606
167,921
70,758
177,238
96,173
25,741
125,825
51,274
3,718
40,923
155,141
199,667
37,310
80,733
87,173
97,167
106,120
194,89
152,459
71,895
45,339
106,72
58,211
109,45
63,399
198,314
100,265
81,71
24,459
10,799
109,889
175,459
171,211
30,983
70,271
147,360
161,438
173,792
185,246
113,661
120,433
145,996
196,664
12,618
116,630
90,995
65,238
151,897
85,164
70,920
24,135
145,250
10,664
24,88
127,486
138,34
79,526
61,267
134,244
187,166
156,246
63,344
60,106
162,424
138,315
11,616
39,119
29,290
150,772
163,698
156,390
108,802
29,514
125,374
175,869
23,644
23,609
134,120
47,566
173,724
19,678
165,936
10,88
127,613
39,53
52,568
196,417
114,807
81,266
167,197
142,829
182,894
172,344
117,615
25,875
26,42
175,671
43,937
17,16
185,537
134,953
121,599
129,971
154,327
4,800
120,94
70,993
36,127
7,237
95,811
100,876
107,419
7,420
182,566
39,449
117,562
158,623
159,284
74,817
191,71
150,961
116,839
70,384
174,886
186,599
84,691
127,994
67,843
100,375
81,837
18,156
163,428
63,461
163,910
194,203
169,137
60,251
70,327
102,123
117,683
150,436
159,727
71,683
23,732
129,539
183,980
71,787
137,123
33,630
79,351
86,106
112,567
45,869
44,766
4,351
43,583
105,385
81,151
94,138
72,887
127,16
19,201
62,813
55,998
122,495
185,931
173,565
7,573
158,630
195,573
147,610
42,671
27,732
148,546
43,910
54,586
22,455
149,458
40,397
53,126
56,599
114,776
62,764
82,291
104,103
91,764
141,497
28,443
120,359
186,401
10,1
50,420
177,493
200,577
162,395
193,386
103,769
19,311
89,503
186,913
118,427
45,422
106,762
90,349
35,318
16,7
169,623
160,918
23,704
104,890
153,551
102,41
64,975
107,213
130,719
70,728
126,546
68,125
88,769
193,814
120,982
93,598
104,692
149,667
147,201
38,690
195,561
2,886
164,487
60,432
83,809
86,328
197,710
102,655
114,464
92,276
75,39
65,728
11,796
49,442
3,124
50,828
91,825
152,431
101,126
131,348
97,711
49,749
40,654
189,878
1,806
48,833
120,746
162,376
79,589
48,101
74,398
104,508
186,460
153,347
144,514
150,873
150,885
34,73
153,619
4,328
177,550
49,100
73,710
129,544
25,294
20,557
200,199
78,710
124,384
82,532
35,669
163,782
169,896
173,134
2,890
44,280
63,615
145,411
193,128
101,747
3,549
168,19
54,434
178,186
198,632
28,229
165,727
134,587
139,8
103,938
149,483
61,940
162,120
55,87
136,26
37,911
73,208
169,532
182,213
120,459
165,96
29,641
130,62
115,908
5,293
82,975
109,514
74,171
112,865
63,274
18,733
92,631
113,774
158,949
57,533
123,772
118,461
73,517
61,269
66,274
128,69
49,483
11,711
117,392
74,642
162,795
162,662
31,144
198,617
19,318
70,66
13,957
10,825
96,337
2,589
72,539
179,910
89,962
137,248
6,398
123,466
52,936
35,943
112,822
118,568
157,246
193,90
10,868
200,49
196,269
103,483
38,941
76,763
82,585
163,868
47,334
137,342
67,974
36,819
173,595
104,182
195,850
125,73
27,313
114,147
56,842
148,474
108,862
45,993
155,851
89,523
58,155
166,300
96,972
155,149
61,153
13,929
138,75
159,822
115,194
92,881
171,875
141,92
24,803
174,400
77,965
135,665
36,718
4,749
131,931
133,71
174,274
12,491
121,710
9,361
194,308
111,601
89,471
26,435
177,321
101,214
122,34
199,828
14,40
85,792
50,742
39,769
17,428
159,97
27,78
154,775
171,230
121,977
10,240
101,589
45,82
152,914
48,700
70,337
49,246
164,32
80,678
140,182
130,995
44,469
175,156
114,861
33,851
55,419
171,727
104,26
96,664
85,647
116,146
89,310
66,851
115,122
137,772
174,777
117,449
4,768
197,461
28,578
13,685
180,907
157,338
145,402
126,815
67,856
69,594
69,842
190,315
199,365
111,256
47,423
167,48
81,241
169,311
78,607
167,980
50,475
68,656
130,731
5,153
33,509
29,30
98,456
27,884
47,11
185,304
41,673
192,111
150,695
89,441
15,785
121,106
19,376
35,208
108,722
145,296
28,146
170,906
59,993
181,312
26,816
141,706
16,253
178,981
165,6
164,952
73,611
4,544
95,212
155,741
180,373
10,128
105,251
64,195
114,344
109,84
196,904
177,875
72,115
125,94
125,173
42,674
42,684
127,408
136,461
198,466
93,812
132,273
84,375
74,594
119,652
67,393
39,69
100,467
41,405
93,697
118,768
198,255
171,982
75,22
83,299
112,571
82,206
146,47
104,620
70,528
35,244
51,401
170,351
102,368
62,162
166,255
26,707
139,402
72,720
71,366
8,499
69,821
35,229
98,986
100,863
62,378
156,828
16,956
76,481
74,401
67,969
176,721
89,383
168,565
95,920
7,870
67,815
101,40
177,65
68,523
118,830
100,349
53,806
121,101
51,784
191,860
106,512
141,748
131,10
79,948
66,165
9,241
59,440
115,21
74,861
167,790
195,43
2,471
35,617
121,36
83,199
194,16
7,550
92,578
160,736
137,768
135,820
138,19
82,474
26,663
33,586
113,763
130,392
79,817
104,464
35,233
167,89
115,364
26,269
104,572
99,130
67,146
21,869
78,834
167,367
92,55
77,615
161,479
45,428
25,995
157,660
48,822
43,726
153,440
45,165
193,267
27,317
60,112
66,425
15,164
32,644
110,171
187,645
19,11
144,437
98,94
138,913
145,361
118,305
176,232
95,808
58,110
141,334
64,541
161,143
187,55
32,9
7,505
7,513
162,19
69,377
134,553
192,907
155,551
20,511
59,576
55,667
59,183
22,317
152,714
195,50
151,92
120,179
132,224
101,262
25,912
112,817
147,360
173,959
71,758
181,215
148,654
22,978
161,481
167,195
15,928
165,174
95,392
194,244
80,25
107,102
61,41
72,75
87,68
187,736
111,11
171,37
168,763
196,781
81,217
28,209
25,600
113,987
100,215
130,748
173,857
16,694
52,496
40,48
136,799
137,552
69,580
130,976
120,180
128,378
141,710
91,636
198,722
71,941
75,988
150,393
194,740
77,761
84,708
5,162
75,530
175,115
171,219
81,697
154,193
107,22
2,869
188,343
4,957
120,38
58,526
147,903
5,243
129,725
115,441
131,24
178,562
195,88
104,254
150,325
31,707
72,664
149,483
87,822
149,543
189,783
5,292
89,202
41,841
153,349
78,170
175,831
72,956
150,345
142,49
180,720
25,677
124,249
93,448
132,468
109,429
157,557
95,642
79,651
62,852
186,420
98,96
87,840
139,248
23,401
50,328
14,710
148,16
49,356
120,521
45,752
40,721
34,286
186,929
164,197
179,817
77,302
68,787
38,823
148,493
164,10
198,675
12,368
155,333
171,901
40,878
197,807
78,130
117,722
98,455
78,802
148,465
37,369
24,269
122,577
98,982
27,935
30,285
100,494
122,757
24,161
136,542
196,862
36,260
102,46
106,95
158,658
31,942
76,312
97,138
100,974
133,703
165,115
108,264
138,490
42,16
192,367
199,415
170,410
103,812
62,643
13,983
200,844
184,666
191,735
24,232
97,97
62,130
66,563
98,314
64,16
103,70
29,107
144,488
146,556
196,762
179,919
180,408
40,389
166,605
108,912
39,401
66,798
86,406
76,235
109,371
45,711
33,110
193,258
56,426
27,980
8,950
79,883
67,523
173,386
198,453
61,268
153,934
109,773
71,745
129,360
93,867
145,585
33,606
187,881
93,813
99,160
130,118
110,776
84,511
133,105
53,137
83,578
43,385
39,985
81,84
121,414
56,415
186,758
18,71
82,574
172,102
39,902
160,551
84,5
32,122
162,925
87,502
186,152
36,74
133,774
105,941
160,187
197,940
146,182
148,200
127,535
16,709
22,347
149,865
109,998
136,136
79,433
155,442
91,853
148,974
97,904
137,128
119,328
93,489
80,671
99,307
197,234
131,372
182,294
64,780
11,731
182,359
118,901
151,611
94,244
120,321
184,370
108,784
42,435
91,387
159,448
7,307
113,432
180,959
18,257
180,429
105,753
35,160
198,116
113,210
71,495
103,915
92,316
62,109
45,728
111,359
15,884
40,118
127,729
170,622
38,619
62,590
58,124
144,63
11,503
26,133
146,343
194,929
36,330
77,341
190,678
164,917
114,275
79,236
141,757
71,558
72,391
10,37
191,257
122,471
2,481
126,190
56,987
136,909
117,486
4,633
135,244
151,115
139,918
158,514
37,360
58,58
171,50
195,836
2,812
100,7
183,731
39,376
129,352
72,433
169,905
88,59
4,297
195,198
89,660
68,675
107,37
147,630
38,204
190,41
168,560
137,807
104,711
118,778
125,295
39,691
12,48
128,929
83,348
20,303
162,655
30,560
186,801
18,477
107,614
163,631
55,500
12,24
131,131
169,513
48,569
59,603
193,842
102,170
30,515
79,226
60,332
23,578
152,316
104,665
26,240
169,733
26,956
78,17
151,104
188,716
49,632
197,834
130,630
67,131
102,35
57,471
192,469
178,724
32,523
26,251
153,320
121,271
161,344
30,330
160,578
190,454
90,143
61,268
15,426
9,551
107,715
132,358
42,29
132,796
59,473
187,585
177,226
106,929
157,584
124,874
155,624
62,707
22,766
101,732
128,687
106,166
70,555
67,974
65,645
40,504
26,724
128,661
197,377
135,569
123,41
119,907
118,132
119,338
151,92
24,896
147,840
146,485
74,55
98,714
17,879
9,787
137,704
141,820
30,859
116,994
37,19
39,63
129,545
34,908
67,862
149,900
100,826
193,209
3,243
109,57
105,349
87,923
188,407
83,245
143,16
1,582
133,670
88,35
128,680
125,861
38,575
43,61
99,861
92,200
141,239
11,807
90,752
7,944
23,838
90,657
193,598
177,220
82,271
179,415
111,510
100,456
161,642
10,337
42,350
121,881
73,197
16,330
150,799
3,315
101,104
150,889
159,425
193,922
51,41
104,551
134,391
185,389
101,775
65,535
61,750
46,131
133,269
117,260
154,11
32,520
195,943
86,43
14,682
52,904
54,463
119,330
173,492
85,130
77,361
172,65
29,895
145,47
104,186
125,746
145,570
179,921
141,921
180,855
170,225
103,568
192,778
66,600
178,625
19,830
194,19
80,838
125,119
5,806
34,644
89,206
200,537
168,973
4,764
119,120
43,495
114,473
3,828
42,446
200,135
54,159
199,460
178,565
105,674
87,330
124,72
118,710
30,1000
40,48
26,931
140,530
160,377
56,128
198,122
143,153
45,654
47,312
198,972
100,233
168,943
85,295
23,623
90,658
131,966
121,475
54,173
188,700
81,955
187,815
118,235
129,40
180,154
29,258
38,645
198,627
171,388
69,507
138,230
136,862
139,949
43,33
186,544
45,735
133,494
33,43
88,698
56,638
119,690
164,358
9,2
112,989
148,540
197,997
4,163
52,12
44,458
50,895
148,62
66,310
41,501
35,887
58,106
11,784
32,335
37,999
93,471
98,957
16,966
131,772
131,479
135,18
124,820
134,57
53,776
49,93
137,181
85,351
29,199
174,585
4,734
181,613
37,95
137,649
88,807
130,260
43,833
19,889
63,666
22,220
73,46
96,682
164,53
80,921
199,487
191,703
115,147
74,971
1,399
185,343
30,535
177,930
45,140
164,857
62,973
46,98
2,452
17,15
18,843
81,391
63,647
37,308
197,590
31,198
119,110
49,757
26,348
174,193
118,970
135,759
156,542
69,377
130,619
52,868
174,55
41,156
133,350
51,445
76,560
110,381
120,190
146,371
42,826
116,331
149,426
135,792
59,798
146,502
101,636
67,901
74,963
111,476
45,642
155,258
19,644
32,640
36,184
140,291
48,898
181,143
141,736
162,642
102,830
170,272
192,747
31,256
185,33
24,980
134,423
197,624
176,441
59,296
100,314
64,535
189,123
131,497
36,697
92,513
8,99
90,819
196,228
16,556
86,463
37,94
8,476
40,682
165,842
110,940
131,592
26,385
198,314
119,68
69,851
109,889
17,30
102,11
130,8
113,237
69,486
131,355
67,801
5,293
9,300
116,786
49,1000
87,679
56,545
54,500
4,392
66,914
30,585
22,615
6,597
200,465
56,210
11,841
163,677
194,467
25,98
163,260
153,643
190,887
30,378
91,878
6,770
196,86
192,499
86,210
173,457
137,609
169,323
53,251
33,197
59,763
28,288
124,417
162,38
45,834
71,205
190,34
118,695
47,28
149,217
12,34
30,331
156,614
177,378
118,890
12,386
165,815
169,868
35,453
198,583
127,792
47,733
50,382
199,344
42,102
23,359
178,380
8,995
114,58
124,429
103,802
165,611
56,758
41,404
48,152
186,26
39,620
135,135
21,853
22,42
106,865
80,890
161,783
154,210
43,205
149,841
25,98
132,789
53,667
171,607
44,431
177,979
26,988
180,495
108,390
46,58
126,119
156,953
45,119
189,238
119,678
174,384
143,796
26,776
24,965
92,164
55,339
1,665
36,960
126,849
83,220
90,226
177,443
55,184
165,211
96,526
52,336
194,130
174,224
190,611
80,99
101,287
47,743
110,636
47,783
37,126
185,408
168,910
72,980
195,155
82,233
150,546
96,530
132,534
66,322
200,593
122,471
198,326
175,421
137,216
106,993
102,10
17,603
174,543
53,599
90,260
1,95
157,474
51,376
5,868
153,719
12,759
184,54
23,468
150,979
91,481
44,486
106,911
133,406
151,796
67,340
199,857
192,687
132,440
106,844
66,190
1,390
82,788
28,272
127,258
166,711
27,172
27,288
200,816
107,322
6,800
13,340
9,923
93,101
189,997
154,616
64,922
96,472
48,46
130,718
155,733
130,389
58,874
156,30
95,718
140,718
186,442
98,812
163,183
35,402
124,580
50,552
193,7
53,347
136,635
184,975
146,944
52,859
112,522
92,887
148,142
58,918
149,271
134,483
12,1
142,552
29,905
126,263
129,429
141,861
32,50
105,487
138,130
18,557
145,672
13,417
41,194
151,142
160,273
152,583
132,408
109,704
183,170
95,764
155,879
105,461
112,639
147,813
114,12
152,360
67,256
136,604
71,957
105,577
98,833
54,693
48,42
127,497
184,580
67,250
74,36
48,134
187,374
185,211
118,203
96,653
20,617
190,779
52,780
109,814
99,24
91,681
19,511
99,75
196,307
15,246
12,510
125,471
86,530
134,848
43,362
132,489
82,20
166,706
58,555
169,264
173,74
34,85
37,354
190,878
189,267
58,53
94,637
11,761
196,295
42,938
79,724
85,627
148,875
151,928
140,292
172,467
65,490
119,364
177,49
96,702
152,387
63,271
129,677
189,627
26,738
4,897
147,609
77,429
174,397
90,262
119,619
112,795
78,44
119,224
133,674
110,825
3,927
143,463
156,447
86,788
100,305
36,725
149,90
11,785
36,994
173,773
191,989
57,50
125,484
55,620
72,516
37,877
114,443
165,475
141,857
62,832
191,53
20,656
83,42
131,824
27,185
79,619
16,512
141,162
83,284
92,721
60,405
106,990
69,283
109,52
113,869
152,700
130,664
111,817
147,39
66,789
107,320
66,76
112,39
178,866
53,448
131,975
179,100
133,548
65,941
63,362
39,548
17,445
110,952
81,330
103,794
34,560
181,662
103,664
75,310
140,298
153,815
19,449
101,207
152,46
9,537
96,914
125,85
129,721
4,846
121,852
86,419
135,573
194,217
83,297
2,947
84,39
104,434
145,9
7,428
35,769
18,350
123,398
133,682
7,540
147,761
155,461
119,745
182,729
164,3
161,463
101,642
28,438
6,680
2,653
97,660
190,518
162,180
85,709
160,480
5,454
148,635
139,35
129,162
27,265
14,457
12,494
17,26
61,215
184,606
127,465
33,760
87,475
42,669
129,559
175,681
146,872
146,641
176,122
32,739
139,604
46,764
97,973
138,159
64,367
154,337
74,673
90,161
89,191
158,908
46,835
20,925
50,768
79,78
145,195
86,60
168,643
104,343
50,866
96,800
48,173
62,953
56,188
175,891
132,612
98,960
1,268
192,988
94,225
56,568
76,484
177,251
67,869
86,954
193,117
29,940
36,838
121,328
145,915
198,398
159,653
36,495
36,221
112,766
14,965
90,316
192,919
94,268
51,218
8,304
124,137
19,301
82,625
57,713
50,930
170,83
129,19
168,672
96,754
163,525
48,442
183,377
13,813
103,230
135,131
42,512
151,313
49,957
163,745
24,921
11,432
166,339
182,460
46,860
196,285
163,832
120,49
68,531
11,716
122,381
142,781
169,165
43,175
70,639
166,496
199,761
36,476
87,466
155,202
100,361
73,293
57,270
179,291
175,493
11,204
117,923
164,924
49,953
83,377
111,538
2,265
189,575
64,956
178,35
16,931
76,682
10,231
128,959
122,685
67,515
13,858
67,956
183,624
130,213
161,27
4,677
80,699
105,527
47,847
55,124
133,359
7,977
172,604
33,990
195,522
164,236
69,81
29,530
1,69
158,26
102,917
66,513
25,427
39,960
105,374
50,17
161,404
173,11
127,959
35,361
159,219
166,462
110,732
149,243
161,189
62,316
200,10
68,138
151,149
129,471
132,574
179,670
42,446
124,577
132,106
5,677
168,197
95,792
62,165
41,529
187,220
168,515
72,63
78,962
126,145
199,660
114,732
149,321
165,90
11,611
94,101
43,683
36,759
197,519
158,94
177,165
166,196
147,506
81,496
134,446
146,876
106,377
147,691
173,82
57,366
166,394
3,870
76,816
38,552
43,855
107,343
185,343
79,706
195,416
20,580
71,597
119,295
118,174
180,834
181,80
32,281
57,725
76,684
93,980
46,255
153,135
29,130
145,733
47,568
154,370
85,212
20,884
66,907
114,822
3,769
49,35
44,875
191,595
150,907
118,758
149,961
71,36
168,721
149,517
71,213
158,981
90,845
195,194
69,710
144,159
18,631
42,34
51,897
64,653
174,802
186,180
175,700
91,711
79,673
148,899
186,188
186,945
77,278
110,209
183,163
102,939
175,102
7,335
183,134
128,822
146,226
81,403
16,962
188,141
84,889
125,532
135,441
166,786
88,387
176,153
45,706
199,112
1,414
5,406
148,851
6,993
154,224
144,323
161,657
72,638
155,606
89,835
163,166
57,304
178,965
165,421
48,332
60,673
59,43
149,647
64,856
55,13
111,328
105,428
72,308
2,728
55,537
189,338
55,96
85,242
152,533
151,396
153,880
57,896
19,256
190,195
140,651
47,205
23,734
15,179
128,216
22,718
155,470
199,317
139,484
88,966
91,800
167,454
200,807
141,556
39,616
90,271
179,635
176,305
41,569
102,155
158,394
71,758
168,188
24,804
82,582
134,618
45,92
194,989
175,678
196,190
27,132
91,330
4,330
66,806
27,869
158,885
79,678
136,454
87,580
19,366
45,644
26,391
28,951
128,525
141,866
117,756
191,105
64,463
165,193
70,428
23,250
17,223
146,598
85,611
62,565
5,702
70,582
7,812
183,892
178,91
144,108
51,254
161,953
133,374
45,156
79,589
120,299
54,530
162,347
85,732
32,122
5,197
130,847
51,256
115,744
29,71
100,530
72,227
97,309
66,224
165,276
71,819
11,277
16,364
197,401
54,269
102,6
197,144
66,388
56,827
144,57
26,205
192,581
72,958
130,453
120,583
160,190
4,847
74,476
191,852
120,354
45,758
81,133
200,235
119,696
107,780
64,890
107,714
68,460
194,380
127,957
43,750
67,953
65,996
152,989
76,970
131,146
55,93
13,499
96,42
86,704
100,798
45,95
93,153
3,75
16,376
5,674
106,2
103,529
3,770
186,701
33,444
94,239
47,226
182,982
65,945
43,127
195,34
121,375
141,639
167,10
30,440
190,984
35,224
126,159
87,630
136,128
198,4
149,36
68,611
147,244
179,545
162,311
104,446
56,518
193,765
33,13
156,86
74,561
70,677
195,806
74,430
169,925
150,222
104,494
61,395
192,618
91,267
181,806
128,113
46,294
200,924
72,630
128,209
9,35
131,28
172,640
192,605
8,458
50,884
124,408
190,404
165,324
56,385
116,640
15,697
95,164
83,874
123,139
114,41
194,185
100,416
57,59
23,680
136,198
125,666
111,51
174,156
163,179
124,918
196,195
151,270
161,3
124,243
29,289
182,248
55,524
109,316
170,253
172,581
178,702
200,453
5,225
25,398
26,482
73,312
160,561
31,505
127,310
90,88
180,480
21,792
40,605
154,307
98,186
80,625
17,934
134,967
88,912
78,174
165,506
160,406
177,995
17,901
60,162
190,898
47,350
38,157
84,90
35,149
101,282
175,185
14,849
69,469
41,925
163,151
200,97
54,568
102,307
194,109
140,65
1,634
3,660
40,922
129,383
194,750
178,2
174,24
122,533
2,884
149,872
110,140
105,98
49,792
73,276
137,850
119,863
179,68
62,174
151,147
190,796
61,131
146,463
147,94
46,354
176,889
145,584
149,102
48,385
41,657
116,642
95,688
136,404
102,511
123,338
43,207
123,606
14,103
41,930
171,813
148,521
15,669
199,583
155,169
108,159
134,542
179,339
74,560
100,37
150,235
102,5
24,261
152,922
183,421
31,44
12,92
97,649
149,984
141,546
23,34
64,277
79,938
81,569
55,845
118,859
63,72
189,3
32,598
58,179
179,658
101,877
97,576
112,346
70,982
190,662
85,854
23,201
178,463
107,153
2,21
95,985
81,338
196,68
121,42
86,468
170,121
53,10
118,283
116,238
185,823
149,854
36,584
119,266
80,651
55,488
59,904
55,471
108,249
163,584
79,386
186,415
93,368
47,474
106,469
12,505
77,761
49,630
28,692
17,208
197,905
157,696
113,164
132,263
21,517
109,177
108,368
79,981
42,705
99,521
61,388
101,952
111,781
71,395
9,580
171,160
73,115
165,64
23,320
132,552
73,803
93,392
32,725
106,545
34,177
43,970
106,720
51,21
86,418
48,8
9,17
24,254
149,829
48,891
130,614
24,189
196,834
50,166
34,281
156,675
83,64
192,460
118,507
94,268
66,916
102,907
88,511
68,428
158,160
104,794
71,968
75,283
132,897
151,211
124,563
108,993
134,149
168,945
131,940
157,555
63,284
66,217
8,262
83,41
129,785
100,651
83,95
109,242
82,147
14,947
185,291
26,709
179,72
196,863
69,298
153,731
191,663
22,144
127,392
107,808
104,223
15,278
192,732
158,857
119,672
49,670
19,487
49,442
190,646
68,352
100,56
134,648
134,506
183,689
62,571
98,912
37,314
51,2
132,307
7,579
36,688
23,859
103,770
189,562
99,698
46,935
129,986
91,92
49,819
168,7
6,849
10,619
143,71
87,67
134,648
30,68
21,397
191,440
3,972
16,218
199,632
26,771
112,762
10,300
161,402
2,226
75,871
123,194
8,607
196,672
175,105
99,407
35,550
140,179
24,626
69,229
140,620
29,280
76,427
27,965
106,407
94,35
35,419
163,518
34,905
176,46
32,676
20,364
150,463
8,950
183,484
162,535
145,76
114,285
142,790
174,129
158,276
50,627
89,570
118,154
72,503
28,242
145,578
86,695
71,647
178,701
16,363
118,799
105,395
62,793
199,710
176,263
163,414
106,550
99,45
118,135
37,192
27,663
196,381
60,307
32,255
66,102
105,154
158,811
181,91
69,105
38,147
130,421
33,512
38,289
32,210
174,821
5,480
131,962
101,202
15,817
182,66
136,92
26,703
42,462
150,424
191,880
49,134
20,149
185,200
77,308
26,361
192,567
63,42
169,47
168,292
126,603
152,792
13,115
63,556
72,111
63,317
91,404
83,569
20,314
126,515
87,501
140,961
166,885
7,467
138,225
34,744
76,66
44,796
64,749
68,68
173,395
146,895
184,326
132,863
10,530
167,949
1,932
9,188
36,655
180,809
60,689
45,743
87,414
39,14
33,674
183,310
89,659
146,484
51,794
155,116
3,738
150,230
43,767
192,272
151,936
18,975
89,746
21,187
12,311
1,403
128,352
8,230
66,539
194,869
41,712
72,951
21,867
24,538
8,112
166,605
186,537
73,45
44,149
23,242
182,148
172,344
188,69
145,698
174,501
15,994
113,844
192,36
45,536
11,565
125,849
40,402
18,712
184,169
143,443
182,419
78,61
80,45
115,680
186,879
13,622
158,102
129,406
27,970
113,524
172,31
171,712
106,916
27,143
176,287
120,939
91,141
138,837
25,397
62,96
18,895
59,397
131,695
168,335
94,219
95,872
28,147
194,180
192,402
18,910
113,402
194,192
97,691
122,685
66,398
37,107
45,339
138,259
145,451
6,755
76,707
21,485
134,603
79,52
9,588
150,169
170,210
42,667
35,952
65,61
64,234
34,185
161,385
148,942
11,145
199,36
122,846
163,717
48,56
112,822
39,429
28,583
163,77
112,791
84,176
32,977
114,772
28,530
142,275
140,932
29,708
195,51
63,741
184,4
9,102
193,131
144,831
47,710
151,754
1,363
155,886
72,395
103,194
107,772
104,158
33,138
116,784
1,513
127,518
149,171
39,38
114,882
129,107
166,186
17,396
92,16
177,558
91,492
41,137
45,429
64,258
84,782
41,685
108,811
94,811
163,912
153,637
36,90
40,782
30,500
117,595
90,532
168,974
31,777
166,183
181,64
114,949
103,459
194,577
137,555
150,311
186,11
94,496
72,169
48,902
162,402
95,25
102,801
92,193
73,335
141,441
126,163
4,798
117,202
11,376
168,39
157,737
116,939
7,656
168,333
51,273
125,436
112,460
102,938
122,993
141,25
19,922
137,209
192,572
11,163
1,999
191,449
35,264
14,942
189,72
30,572
38,930
71,830
113,548
112,163
6,400
14,770
60,6
21,223
40,74
78,496
180,719
200,565
135,646
18,920
155,895
7,748
143,762
38,129
143,773
142,649
83,51
150,211
169,98
80,594
185,262
110,316
91,163
153,58
28,84
73,975
79,221
133,293
101,940
3,918
30,665
78,735
33,295
92,973
167,826
72,903
154,834
70,320
61,213
33,383
6,915
159,340
175,658
59,95
15,243
22,428
100,231
104,311
64,2
198,450
64,585
51,352
92,152
114,83
176,898
116,115
33,594
15,80
15,788
76,318
51,583
166,355
66,842
191,26
175,808
193,511
38,720
161,937
171,102
196,193
144,453
101,903
77,298
38,582
115,919
134,870
120,343
152,664
82,597
125,847
196,724
83,802
73,969
152,468
122,563
90,905
121,326
52,194
195,582
135,101
89,382
59,713
180,748
147,932
72,20
164,298
200,945
200,15
67,155
112,371
95,97
186,709
38,185
172,609
11,724
27,936
50,693
140,697
106,353
111,674
68,70
78,775
131,794
34,224
23,165
82,735
41,196
37,849
87,13
34,799
181,453
108,514
4,521
147,989
169,878
194,14
75,898
116,53
25,591
150,806
73,393
47,512
188,482
164,701
55,378
160,84
4,705
25,421
122,641
149,46
183,392
15,593
186,581
15,939
181,339
101,21
164,443
99,308
28,275
166,863
145,591
67,972
31,292
141,700
193,288
52,102
21,559
31,839
86,289
29,684
31,813
30,39
84,339
11,829
198,763
109,274
168,30
78,712
143,108
74,962
95,42
103,131
32,926
122,978
65,19
75,918
81,609
30,336
142,793
8,878
70,585
12,77
194,51
155,370
35,938
196,888
92,304
137,446
177,717
29,145
108,581
25,287
43,996
55,921
111,996
104,498
111,828
23,238
107,792
55,251
104,184
50,943
95,848
181,959
165,514
169,56
38,233
148,895
35,219
197,868
34,793
101,470
7,138
153,552
8,65
109,253
180,928
153,203
74,128
156,966
49,421
85,137
200,789
98,256
140,195
131,734
136,434
22,292
189,811
90,978
35,283
75,145
110,13
7,130
111,572
95,786
144,223
68,512
113,786
141,144
164,335
37,981
79,443
55,769
139,461
69,833
182,720
182,15
126,231
148,602
139,382
77,886
182,472
192,647
182,827
177,430
133,352
66,788
152,849
177,705
28,945
149,185
41,926
159,728
43,454
63,742
31,177
48,816
139,484
127,834
83,728
25,460
165,80
30,591
1,75
101,329
136,970
119,642
123,984
120,219
88,956
197,520
110,90
52,319
180,676
116,936
162,417
106,941
84,773
60,168
73,492
158,445
170,245
40,903
98,116
94,491
27,301
168,893
60,239
166,802
52,628
111,667
158,38
129,537
106,29
115,6
47,167
178,370
103,649
74,411
102,721
175,842
8,76
51,415
2,440
100,575
19,479
138,896
104,440
166,816
141,975
26,32
57,841
171,947
64,118
157,420
118,257
77,703
146,44
92,756
154,713
115,829
134,633
23,53
106,776
9,823
68,857
69,645
93,353
189,675
165,527
76,912
55,666
170,243
31,135
179,734
173,692
54,783
199,570
7,629
181,895
199,673
153,943
179,54
60,316
60,5
153,134
199,824
43,570
76,379
182,860
200,856
29,490
75,971
111,262
68,621
65,551
66,789
49,483
67,972
61,118
143,459
21,479
16,312
31,856
117,895
79,577
129,168
177,88
33,407
1,789
164,429
198,581
70,352
5,517
43,384
167,116
79,875
62,959
187,439
156,3
90,474
171,189
30,115
93,195
86,58
71,196
70,72
200,97
109,290
81,275
57,53
183,779
97,223
137,955
115,931
83,343
154,593
28,193
115,697
29,883
185,445
146,183
192,246
88,254
154,25
134,772
178,665
18,160
48,131
73,491
129,885
103,814
41,368
127,301
165,858
36,822
46,545
112,20
52,939
138,9
26,617
79,103
183,201
183,367
102,500
76,816
132,397
200,953
64,776
176,260
89,669
92,853
11,59
42,623
40,372
139,6
197,875
54,112
185,938
44,973
118,140
171,84
115,311
162,389
177,175
81,977
132,3
174,35
189,714
84,379
110,83
63,512
56,234
158,335
134,617
1,907
159,606
6,337
81,771
141,552
90,417
121,209
145,919
197,9
131,710
54,259
177,45
125,229
161,163
6,662
174,144
147,522
145,101
178,656
168,611
97,699
139,90
86,334
166,350
144,242
133,441
91,994
162,818
89,658
127,757
34,664
129,899
90,866
73,645
56,33
73,640
60,923
156,434
33,431
23,9
91,727
160,909
119,240
80,837
124,447
96,499
43,561
191,558
138,245
181,629
133,804
86,274
47,779
16,948
61,127
138,646
167,29
141,168
180,11
187,687
199,273
142,431
48,676
90,585
106,393
50,547
184,710
20,91
113,346
63,263
6,880
185,637
86,115
137,66
6,559
73,748
165,380
77,97
180,284
63,272
148,139
34,399
87,225
55,185
147,60
191,345
92,306
58,245
131,571
31,181
185,659
172,182
162,410
167,733
73,201
157,900
2,149
8,193
181,718
155,629
169,188
125,32
32,696
59,573
24,452
162,455
144,310
86,466
154,18
198,34
187,874
29,682
180,367
14,863
79,934
68,656
140,61
186,756
146,247
97,822
186,86
45,17
179,642
13,33
3,687
3,902
24,19
102,27
45,493
36,514
117,833
196,121
2,181
152,550
144,118
66,719
18,723
52,191
94,244
60,279
33,230
22,780
80,762
71,264
171,869
83,578
39,767
66,444
76,612
61,642
168,356
107,701
135,58
39,107
143,166
135,817
25,109
58,309
186,864
121,616
25,760
101,410
102,640
29,840
58,349
41,816
145,701
29,421
48,796
173,89
169,595
144,231
181,461
117,57
100,427
123,616
152,437
21,638
49,440
153,24
122,999
77,535
1,696
64,302
16,494
122,727
24,464
42,110
131,56
146,830
143,934
145,327
137,60
62,36
160,236
58,850
57,496
136,551
110,702
6,314
177,390
68,502
200,808
185,599
96,310
97,656
168,219
137,440
4,848
97,379
110,84
82,934
57,355
165,775
84,614
14,480
166,187
166,933
167,600
133,360
106,797
182,407
133,239
17,652
101,631
11,691
43,53
155,508
121,388
69,143
130,435
32,919
108,750
16,293
133,494
102,180
136,470
22,898
198,265
3,357
139,829
111,345
135,888
193,706
99,736
29,76
20,719
198,326
118,560
94,746
153,305
199,263
137,135
82,46
142,596
23,831
60,764
105,361
190,984
12,933
173,531
176,505
103,933
196,150
81,379
164,478
128,550
60,145
55,108
5,349
38,106
65,411
142,360
20,494
126,956
68,817
181,126
50,40
31,800
96,63
51,451
141,903
96,68
157,564
23,170
178,898
100,383
3,943
138,142
97,534
114,828
32,192
152,562
106,564
116,709
81,284
196,387
114,586
179,456
91,720
147,483
109,846
35,897
193,631
19,557
183,698
187,417
52,279
15,664
28,681
138,514
33,970
14,293
13,435
165,969
147,740
68,513
104,242
143,426
39,219
138,98
162,533
191,15
32,211
125,831
131,708
18,766
6,684
117,908
14,477
77,373
88,760
166,307
119,817
51,917
158,283
35,64
157,960
153,712
11,224
189,856
142,570
199,877
72,61
140,784
180,233
71,107
36,906
98,806
134,281
49,870
40,826
82,511
3,34
59,898
145,237
11,330
17,251
60,70
124,894
134,461
85,139
67,709
9,22
187,915
17,510
27,778
163,474
48,636
200,761
81,989
106,768
120,217
1,993
9,882
37,414
93,949
32,640
66,398
91,572
106,755
176,432
53,74
83,248
6,728
40,673
54,158
52,61
182,209
128,618
83,492
158,572
115,141
103,630
115,482
116,305
109,22
49,942
19,879
160,56
9,130
5,617
163,981
78,950
132,43
200,781
43,653
144,160
180,566
38,345
106,95
125,385
121,575
194,828
186,205
1,7
39,521
110,739
17,991
51,891
98,558
20,823
18,722
153,945
75,73
35,16
77,54
23,647
71,425
94,665
126,365
169,741
111,743
170,989
165,522
127,610
176,431
187,483
101,983
30,863
16,162
64,867
71,943
162,668
130,815
66,293
107,343
95,699
36,874
174,40
193,921
94,681
124,277
196,552
7,431
95,223
100,833
134,861
111,632
182,210
160,567
140,258
167,339
37,45
108,812
12,821
3,703
114,350
51,905
7,794
86,504
47,283
39,377
36,853
128,736
123,289
94,961
25,14
59,400
26,856
62,926
165,624
191,360
131,420
156,285
137,367
113,96
31,996
61,645
196,875
15,125
154,333
58,464
48,655
130,4
61,15
169,800
194,529
23,130
127,677
133,449
106,557
125,188
29,424
50,226
19,855
62,693
99,904
49,940
57,528
172,444
10,689
98,96
75,759
39,785
129,858
130,455
25,125
138,845
72,704
67,986
52,980
44,620
35,3
119,522
24,557
185,873
137,608
94,517
49,908
73,662
189,364
102,133
31,611
55,455
14,770
48,328
77,566
128,306
89,22
41,270
52,860
74,184
117,870
35,408
176,185
152,972
149,733
189,161
54,437
61,819
50,793
103,519
14,820
156,453
47,964
140,937
112,162
3,455
161,528
131,400
123,49
48,535
133,552
94,3
149,830
154,467
101,216
87,925
3,945
193,534
110,359
55,745
138,59
44,652
158,462
93,934
171,156
100,128
7,400
89,971
79,101
52,789
104,744
25,963
181,590
120,450
125,732
54,879
182,980
165,175
173,311
106,868
159,621
153,578
128,708
189,889
123,962
195,617
13,827
2,988
89,519
141,991
56,29
50,473
59,915
83,849
197,703
148,737
120,289
75,366
74,512
116,96
53,712
138,108
158,26
23,46
50,769
73,121
194,882
42,113
164,933
105,554
38,384
190,781
84,346
89,272
164,866
123,881
81,111
101,697
76,541
22,667
124,695
17,623
20,587
140,489
99,538
30,358
194,816
146,373
75,970
71,654
41,25
198,627
96,619
35,789
58,924
139,963
124,619
13,627
199,399
41,645
186,466
125,188
144,489
198,408
95,681
14,357
19,76
71,567
78,71
88,110
134,515
167,739
32,757
35,465
170,985
109,475
5,886
22,532
30,388
178,484
73,952
162,667
88,773
58,118
33,428
75,187
44,892
32,207
137,875
69,369
189,336
151,79
46,684
19,686
141,330
115,453
44,71
136,675
197,890
115,118
16,31
195,76
146,140
151,541
92,795
49,396
111,995
104,197
51,74
4,187
38,176
184,143
138,54
119,719
31,353
33,468
43,77
181,85
43,282
152,334
9,455
22,91
178,497
54,761
86,622
69,648
171,118
168,704
52,209
87,270
160,140
90,927
179,532
83,671
31,369
146,518
20,230
108,790
39,669
141,448
185,861
47,766
73,360
11,954
97,720
7,988
36,252
122,955
152,886
178,705
38,772
108,8
67,795
59,817
118,113
96,208
66,924
89,456
152,604
96,860
26,116
97,645
140,310
115,625
123,829
154,790
137,102
154,723
46,323
140,12
95,980
151,646
193,609
48,383
23,502
176,840
188,678
172,132
30,62
143,785
49,857
162,645
14,485
54,434
180,317
110,504
124,573
112,428
126,941
26,285
127,446
126,847
83,56
137,665
97,38
65,68
6,389
122,606
186,63
2,832
118,678
114,262
154,655
93,533
192,623
98,77
160,342
41,241
157,540
51,593
61,426
56,336
141,244
164,993
159,704
145,912
92,777
33,648
189,368
27,622
36,352
129,202
66,912
185,35
51,13
98,534
80,302
28,430
140,878
109,384
160,649
119,319
6,902
179,513
57,749
154,135
40,257
29,77
67,257
186,210
191,216
172,411
105,762
143,878
116,704
67,771
4,184
82,429
150,340
48,418
46,918
117,573
143,903
43,178
37,811
45,513
31,312
59,548
70,573
17,332
180,592
48,650
12,379
187,896
150,743
23,61
76,902
91,436
13,525
58,98
86,291
34,483
123,952
104,598
47,451
90,146
184,170
155,128
34,65
79,814
120,205
110,242
104,120
96,424
34,344
89,26
174,367
172,660
71,639
44,421
76,62
114,639
168,561
176,785
197,19
149,911
41,948
166,335
153,514
129,87
67,88
128,900
74,343
134,463
101,847
58,536
149,178
68,966
33,612
58,268
66,135
41,404
164,674
23,709
26,699
164,535
149,824
27,83
26,26
98,648
58,186
170,428
78,447
85,934
86,310
99,374
11,19
109,504
57,554
189,87
36,876
189,809
183,305
137,915
171,69
56,607
68,200
102,742
98,210
157,237
130,235
13,628
55,500
111,194
6,719
119,33
149,856
119,546
179,443
117,293
48,267
89,753
171,769
35,418
99,872
191,230
110,320
120,237
77,914
133,651
161,21
38,408
34,667
60,918
36,717
145,358
105,5
64,802
72,680
68,49
198,204
165,887
144,128
105,528
199,592
24,674
70,714
167,979
148,862
16,24
13,917
93,222
157,581
22,360
42,954
35,352
75,755
126,882
137,941
166,415
137,978
110,655
50,778
93,905
6,282
184,334
48,351
121,994
86,813
113,548
135,987
144,480
37,394
160,376
138,738
85,559
117,454
110,87
63,263
195,731
72,57
2,118
196,973
198,633
117,757
19,343
55,159
149,738
93,394
184,858
180,778
79,379
105,529
166,328
149,452
88,787
87,648
140,351
123,949
108,465
92,562
101,112
87,759
195,627
82,46
91,124
41,900
154,136
83,505
176,162
169,454
157,260
20,253
146,853
91,400
39,299
47,912
52,693
162,896
33,250
167,294
127,214
154,409
123,869
200,440
155,6
76,319
96,1000
33,663
141,936
25,647
133,799
141,243
94,458
150,572
17,327
175,297
15,371
134,515
101,662
77,962
134,164
61,127
78,994
49,824
164,243
35,773
139,84
128,318
90,227
147,701
164,166
63,71
54,988
158,79
156,881
62,919
89,994
15,546
58,839
28,448
40,315
181,112
64,73
163,647
129,402
197,352
20,198
163,197
114,362
87,287
72,271
73,236
31,597
104,221
20,932
185,276
57,260
155,33
172,672
107,255
156,558
140,15
118,225
137,210
195,191
44,264
24,770
138,1
158,8
131,144
196,352
153,566
75,436
112,827
69,926
102,283
109,918
14,578
40,888
76,819
151,680
37,972
55,607
154,178
153,723
200,287
19,272
80,730
108,20
171,363
191,131
9,589
160,181
55,177
22,436
129,283
120,623
134,987
151,343
93,103
195,829
139,968
82,402
12,751
143,457
104,32
177,349
185,153
192,767
11,897
12,651
176,252
22,947
36,536
106,199
47,670
82,148
39,89
69,139
121,995
6,646
21,841
99,443
91,307
141,430
174,461
120,954
82,859
27,750
63,696
34,336
141,152
33,193
119,145
103,438
164,644
42,186
174,347
144,730
45,487
188,918
59,79
171,345
128,287
126,477
89,563
3,154
44,75
92,529
5,477
22,117
152,919
129,863
127,43
142,243
108,976
94,444
63,707
102,894
39,302
67,807
36,738
71,604
158,490
198,218
77,353
76,443
34,104
115,620
63,847
23,596
145,184
139,80
162,703
67,304
178,341
67,575
139,844
73,60
104,103
98,72
185,307
105,751
111,140
14,516
40,923
75,622
48,846
47,565
127,788
96,930
158,48
35,40
27,697
187,465
89,234
167,176
35,662
138,973
29,863
29,991
8,789
2,505
137,850
2,163
111,24
57,736
2,28
45,460
99,560
33,972
181,263
174,92
33,671
137,310
106,203
135,421
67,721
173,372
19,165
121,43
120,414
83,171
66,883
25,301
67,752
112,757
153,622
42,654
72,637
22,612
131,462
12,489
131,17
28,519
130,80
85,454
92,357
63,139
167,809
103,493
190,691
91,758
187,928
10,967
172,374
135,739
36,793
131,770
99,386
118,257
158,628
100,496
69,457
104,149
127,960
182,715
12,379
166,957
1,644
53,604
47,505
177,662
30,168
5,999
164,485
160,770
60,958
37,54
4,461
55,957
62,225
7,218
67,172
130,860
128,289
80,443
27,495
183,182
131,175
110,235
198,159
46,648
99,792
117,275
28,788
33,511
136,101
109,294
178,82
97,242
181,717
59,308
189,509
106,424
97,691
107,21
65,367
48,127
19,422
126,645
28,682
29,944
132,532
6,289
82,902
64,835
197,892
88,262
133,963
200,874
35,124
177,574
150,363
103,106
179,471
160,274
126,939
147,138
114,577
1,917
103,123
84,373
78,794
74,8
45,183
156,900
147,525
52,117
144,165
38,123
71,900
53,117
24,419
155,623
131,757
55,113
192,309
119,563
151,485
156,398
111,861
119,806
112,179
149,735
20,177
54,952
26,566
116,326
127,729
8,252
28,848
49,871
113,923
7,393
156,748
107,806
72,975
47,122
142,705
142,762
113,51
124,53
84,222
101,3
126,653
12,239
159,316
94,620
57,204
174,458
79,996
175,193
73,487
69,829
17,850
156,305
20,125
66,824
183,999
31,144
47,501
109,463
34,151
66,817
143,47
85,29
146,875
42,344
17,526
68,716
103,584
3,864
20,851
37,293
172,712
12,573
197,984
102,417
185,766
20,725
169,846
150,70
49,145
107,7
182,863
175,697
3,430
50,456
57,692
85,166
12,369
100,181
168,737
83,831
57,216
99,530
179,438
117,157
139,228
175,142
105,30
124,370
9,369
100,948
54,880
26,907
156,684
22,362
157,778
119,569
105,125
87,780
4,296
180,8
28,322
78,955
85,71
29,342
120,146
12,311
183,842
1,720
29,356
27,584
81,15
120,245
35,548
185,296
1,167
74,702
68,125
81,186
96,600
61,845
187,709
70,218
57,428
63,591
25,80
123,244
102,623
177,454
44,582
149,540
187,606
90,30
182,167
93,68
28,614
71,247
174,396
12,526
42,454
4,990
36,548
152,812
96,313
82,920
140,579
79,411
168,534
120,151
80,20
39,733
45,293
178,530
151,907
110,41
46,705
70,86
181,404
111,608
81,529
75,989
144,492
158,927
188,267
200,980
22,803
76,11
72,579
56,644
10,74
129,559
198,233
165,898
127,348
12,611
70,53
40,745
104,438
159,199
13,736
38,526
168,880
80,106
172,555
79,908
119,338
150,957
131,550
77,158
8,943
29,526
123,228
118,505
1,229
36,93
29,243
118,170
82,214
90,515
91,451
87,238
144,291
92,446
86,226
64,739
172,656
134,890
26,9
11,96
94,199
61,101
15,343
147,135
153,412
46,103
7,424
90,54
74,283
8,731
162,745
132,761
186,98
162,298
187,126
120,943
175,187
102,774
115,366
74,616
126,455
160,37
9,113
184,258
73,836
188,254
139,633
40,957
189,687
46,210
154,593
90,145
132,629
163,327
154,897
71,604
64,533
85,542
159,906
141,22
117,8
117,484
84,822
128,257
94,757
71,39
78,508
94,947
182,349
107,498
73,799
93,822
78,222
70,692
58,859
150,277
153,130
72,100
10,226
21,963
116,270
122,194
148,434
98,926
24,632
187,221
124,461
61,475
7,349
49,307
72,583
103,639
170,521
126,234
1,137
65,713
1,570
144,563
74,545
95,167
19,602
155,737
62,320
140,628
54,237
174,442
62,469
83,896
188,353
8,931
161,161
122,316
154,457
68,637
186,809
7,656
187,932
148,328
41,903
42,587
25,427
119,70
110,400
53,596
24,909
195,745
155,630
23,295
189,703
115,468
1,548
146,380
169,942
4,9
184,798
144,827
31,171
66,56
165,528
162,322
115,797
185,52
51,236
178,41
146,651
138,10
128,614
20,986
107,172
119,393
114,623
67,124
18,861
38,102
194,97
31,599
13,505
50,664
144,252
200,564
96,706
156,131
39,831
113,452
39,992
84,854
41,900
167,507
117,952
171,447
15,331
50,354
77,223
94,903
49,487
91,798
150,73
142,673
35,715
148,90
178,274
164,569
33,135
99,259
171,209
164,205
102,916
160,639
58,574
87,296
160,241
30,822
152,750
93,606
20,98
135,355
25,306
158,559
195,437
33,283
9,537
106,457
72,473
36,390
61,370
53,210
181,653
166,218
64,348
33,130
189,84
101,818
49,984
81,740
110,385
54,565
137,51
169,295
51,574
42,798
66,867
6,865
44,980
62,147
144,579
11,277
88,829
196,548
33,799
56,446
58,205
58,996
91,862
72,514
73,745
86,825
155,668
16,964
57,987
154,28
49,467
26,260
153,862
1,583
71,778
141,786
74,354
24,711
146,26
163,564
187,17
86,673
137,489
101,753
108,190
62,139
42,266
90,812
136,110
156,148
65,82
48,215
173,519
89,791
168,457
103,236
156,731
44,718
170,21
103,237
9,329
169,808
199,974
198,857
112,739
112,623
160,358
173,348
9,904
104,95
114,841
161,561
118,789
172,124
81,344
67,944
169,324
195,796
128,485
165,327
22,223
149,316
71,581
93,515
123,250
115,942
185,734
193,610
151,882
26,627
90,340
33,978
25,309
156,944
49,346
33,995
115,716
51,192
83,1000
182,672
105,467
127,713
151,638
57,832
2,723
61,803
88,879
149,108
86,523
71,343
43,48
148,450
53,2
198,870
26,574
113,959
92,715
27,663
80,305
170,495
109,799
140,505
38,390
97,495
123,565
107,128
16,428
17,582
98,219
148,580
146,12
69,1
88,381
133,172
148,263
160,779
103,528
8,903
135,696
99,889
27,174
101,266
2,583
86,485
24,796
149,30
45,939
123,758
172,248
142,1000
125,682
129,722
84,493
4,989
147,267
182,485
153,366
1,601
104,251
93,244
158,718
85,657
58,302
181,376
69,373
185,603
101,343
29,525
29,259
110,976
14,656
69,234
51,896
79,376
87,760
120,193
148,875
5,520
166,182
110,203
148,216
90,173
91,920
155,624
131,833
175,123
35,965
139,180
64,932
58,806
87,406
187,338
47,987
35,98
65,893
144,717
31,4
67,399
106,120
73,900
79,246
106,878
124,358
22,883
72,342
118,913
55,437
49,634
157,612
24,75
41,498
148,401
165,238
153,394
13,22
40,923
108,275
140,416
8,215
61,735
31,455
165,785
5,487
13,274
15,767
124,686
136,145
139,955
179,1
90,997
112,1000
152,965
106,660
26,722
139,818
123,729
59,48
71,717
135,575
109,199
174,551
82,866
168,173
116,515
118,432
171,242
24,371
198,614
42,71
28,805
50,287
31,608
144,270
76,130
41,864
147,281
122,525
189,337
5,241
13,687
94,29
1,839
50,819
28,494
116,31
135,462
85,393
45,778
119,887
182,691
86,925
147,1000
193,885
155,705
142,998
60,679
102,307
89,787
32,154
164,164
89,629
105,270
10,577
13,455
43,718
178,999
66,311
114,38
48,423
174,900
131,498
126,156
60,979
94,707
175,746
36,990
119,344
111,902
129,349
31,607
116,485
80,896
122,484
50,208
161,301
145,40
147,738
124,173
153,283
194,244
29,441
96,797
72,947
29,283
138,438
59,826
29,211
115,815
33,732
42,737
129,115
133,637
200,114
138,646
5,183
86,551
116,254
42,591
23,550
36,225
126,931
171,459
116,72
58,644
94,551
75,929
171,841
193,136
10,773
52,454
129,144
174,620
57,460
45,153
141,245
187,590
114,391
97,420
161,369
103,610
84,229
188,746
60,774
51,471
189,740
143,183
57,717
138,221
166,713
153,48
62,762
162,370
34,62
172,497
102,651
58,811
92,660
133,131
125,746
48,287
151,885
128,569
19,120
190,980
59,315
34,285
8,28
91,771
20,874
177,131
111,912
44,146
193,14
121,733
118,809
84,210
174,889
48,289
11,595
9,835
47,421
121,894
169,639
145,208
194,334
158,931
195,145
176,303
21,739
186,621
81,151
151,353
45,221
150,158
55,216
184,427
198,651
65,195
65,218
47,653
142,637
50,744
19,745
199,203
30,101
155,557
23,775
160,392
82,644
170,505
140,628
131,925
10,669
66,203
40,500
109,390
125,290
59,808
54,823
175,693
7,856
1,169
184,289
119,900
52,485
15,854
130,680
155,677
142,215
20,611
70,507
176,907
196,59
55,623
65,422
109,232
27,278
137,558
165,988
98,830
184,796
7,583
25,286
150,166
13,269
171,277
20,5
20,569
30,11
145,742
135,146
153,797
137,893
116,890
22,927
43,175
160,492
135,414
156,40
92,153
180,712
127,971
153,155
104,547
180,683
5,531
19,92
7,470
51,767
168,253
192,125
7,749
119,726
200,898
11,850
125,865
72,198
11,473
53,273
67,266
64,213
60,506
24,398
25,77
186,580
136,827
123,942
188,160
10,913
18,738
182,262
122,671
174,808
7,700
66,615
21,100
15,795
72,119
4,508
178,53
154,593
90,435
57,330
34,633
132,518
159,760
166,770
155,608
10,70
17,834
106,270
79,859
15,16
130,486
143,292
124,137
105,544
23,808
138,854
146,164
31,373
57,977
131,28
25,86
159,354
159,657
162,830
90,229
6,174
67,61
111,958
6,791
82,175
110,283
71,71
27,336
69,241
137,412
137,230
169,250
4,712
49,402
174,367
183,760
192,314
47,853
82,247
27,419
165,988
11,784
34,419
173,743
23,684
54,727
139,721
74,319
102,757
24,218
101,943
6,361
200,434
119,642
20,13
88,289
25,576
100,593
93,210
85,193
118,42
25,853
43,560
111,347
128,383
107,606
111,525
195,331
140,396
155,5
24,327
146,564
81,248
177,914
150,438
186,639
10,661
173,51
97,384
179,852
46,374
195,329
78,798
130,143
163,533
188,679
134,250
170,887
112,160
179,731
155,583
166,608
111,327
183,295
38,193
63,770
33,880
198,212
57,206
34,302
82,260
148,960
53,315
7,52
20,779
56,456
118,474
200,743
147,88
42,745
193,64
80,949
178,49
170,537
175,711
126,877
30,865
73,82
125,64
132,663
122,573
84,303
18,615
96,12
75,363
129,448
88,953
96,736
64,605
25,904
44,446
11,484
79,315
80,517
33,564
70,307
180,658
195,125
123,432
9,924
131,823
82,948
35,680
25,428
143,873
78,569
11,832
191,660
145,286
67,938
101,412
29,160
86,739
129,972
69,308
76,401
90,302
167,864
107,753
136,494
82,17
112,3
48,742
166,911
87,757
30,285
98,173
131,881
50,168
137,434
134,640
198,230
191,383
132,413
129,672
34,610
157,507
3,788
112,236
53,345
144,261
38,605
173,556
181,145
75,567
81,54
73,779
184,448
15,498
57,939
161,89
84,136
74,832
36,550
95,368
159,350
174,298
101,858
5,650
69,510
145,749
98,973
150,476
88,389
68,884
159,525
157,935
6,584
84,512
73,862
111,366
107,458
51,54
104,212
142,57
182,427
86,200
81,927
13,376
131,156
111,2
180,813
135,82
159,667
64,583
69,34
124,38
29,16
22,544
115,878
151,301
90,413
91,948
129,65
2,980
8,150
144,761
57,411
73,107
98,215
149,785
181,74
55,723
138,504
182,38
167,739
158,157
71,228
181,495
177,711
158,639
91,755
196,445
86,659
130,94
90,575
2,295
136,353
152,43
177,474
174,295
118,481
134,347
57,189
39,64
15,218
29,100
174,183
80,397
76,932
78,238
182,917
182,527
177,365
65,981
58,754
33,347
52,331
116,115
173,503
144,324
41,867
19,859
117,705
200,125
132,832
117,941
9,511
197,148
30,707
113,190
30,392
26,439
163,707
191,244
183,119
51,566
152,995
75,618
166,341
181,528
10,315
190,431
5,486
104,837
35,440
132,421
96,533
34,12
63,538
193,815
179,591
77,944
92,259
22,184
49,812
109,604
23,834
89,16
16,237
111,177
44,550
184,277
116,291
196,863
108,738
66,631
26,521
11,696
63,708
171,59
168,241
15,930
133,891
78,559
8,671
152,278
94,859
130,970
10,589
143,275
190,934
64,85
152,931
106,593
47,92
157,37
185,131
54,657
177,416
4,456
135,356
188,666
73,821
175,956
25,453
148,635
48,110
73,277
39,263
48,193
20,998
135,649
159,591
112,55
150,553
20,600
80,868
116,395
76,350
194,416
17,132
20,331
69,91
58,232
4,94
133,466
129,116
115,29
98,43
116,68
97,576
44,586
40,603
142,165
175,393
3,13
44,352
14,120
99,753
158,486
76,67
193,244
58,770
41,544
27,32
110,744
185,459
13,915
56,291
110,924
181,665
65,872
93,706
1,431
45,410
14,781
184,870
114,869
119,120
29,653
200,988
56,1
109,653
81,926
93,217
22,603
151,597
102,565
170,80
5,70
133,820
3,251
95,215
116,713
98,930
79,266
145,623
184,915
10,200
169,128
114,153
18,986
41,773
61,112
58,246
135,356
39,252
122,890
45,785
88,761
135,960
61,618
68,149
163,765
190,415
58,323
78,841
103,172
96,397
69,139
145,590
56,291
103,145
79,475
35,193
118,889
25,716
112,865
122,788
94,433
28,658
182,767
175,830
22,524
157,506
131,315
42,735
34,951
168,153
136,702
60,635
161,457
14,987
163,172
132,121
129,295
168,290
60,64
55,899
100,630
189,574
136,805
93,193
114,461
149,160
66,386
65,318
21,782
85,771
35,858
62,840
107,733
111,307
99,66
97,94
177,147
173,292
39,934
71,116
78,350
91,424
163,668
172,792
91,119
132,245
83,600
185,985
146,272
112,513
145,556
199,737
200,230
71,246
149,567
29,353
69,499
131,579
131,876
8,775
2,442
77,77
23,814
86,810
65,338
116,828
75,588
165,612
120,398
114,245
125,316
103,3
47,373
4,756
35,352
74,825
116,853
166,883
143,926
174,592
137,776
144,502
68,154
102,651
30,108
149,409
194,726
146,462
113,845
41,933
105,737
84,644
161,439
112,48
1,618
188,131
28,574
73,276
36,258
55,409
68,438
151,143
176,489
40,848
56,892
74,991
130,11
110,517
171,949
36,385
11,67
144,700
38,548
49,688
9,94
82,909
162,647
114,699
39,989
66,734
107,44
111,800
152,567
106,400
191,925
199,461
110,231
37,968
60,968
92,455
185,872
24,850
27,16
34,685
185,52
198,745
30,829
105,566
141,304
115,740
82,929
82,697
114,87
133,638
26,225
63,282
16,11
114,532
89,920
39,893
72,432
176,861
71,340
195,179
100,438
39,826
40,484
129,69
26,649
186,258
63,287
95,50
165,192
144,915
113,881
56,560
46,854
3,401
110,851
63,395
174,699
167,235
150,76
15,93
84,7
84,476
149,312
8,698
191,901
23,1
146,528
133,167
61,662
132,211
54,969
161,686
50,766
112,207
37,627
133,737
46,696
72,823
35,129
106,648
156,313
94,755
4,260
148,360
89,230
40,761
139,187
68,197
151,158
125,470
168,923
76,212
189,441
47,534
53,404
148,265
20,653
70,286
80,869
79,902
74,639
157,381
79,692
178,169
99,185
151,523
115,113
164,314
66,815
177,894
160,766
111,195
90,740
191,899
81,791
56,171
195,464
110,706
18,832
157,939
5,254
31,420
87,65
172,653
170,996
110,401
118,991
176,201
155,213
5,876
42,98
164,759
174,343
127,248
5,430
104,894
78,239
92,721
34,243
79,659
170,76
37,677
78,349
13,612
10,718
165,540
92,88
181,778
56,212
171,95
101,827
172,212
110,978
180,576
60,73
120,861
156,156
41,539
162,621
18,599
7,153
86,142
26,209
178,689
64,679
200,495
154,171
129,283
40,605
198,53
38,594
131,92
21,806
149,232
94,87
52,269
83,806
45,827
71,451
126,161
106,739
178,8
114,566
22,936
127,707
84,230
144,127
121,62
135,662
98,319
23,574
69,46
191,510
132,245
147,936
68,670
187,730
118,442
113,844
166,256
132,854
151,235
71,514
44,235
99,467
147,317
48,396
150,301
181,192
70,714
30,996
168,271
90,712
163,704
188,235
7,386
33,117
121,668
119,628
120,264
29,443
62,695
194,721
44,238
59,287
187,405
42,903
75,774
2,338
143,20
112,261
78,955
189,329
151,740
59,982
135,617
17,954
48,793
97,211
182,280
66,598
42,810
122,434
90,240
160,465
177,14
58,378
109,55
26,815
46,490
53,188
112,686
56,121
184,920
153,296
146,527
92,432
175,310
11,304
86,13
124,132
9,672
52,780
52,957
81,452
193,438
163,969
165,733
193,485
200,411
47,59
176,44
33,326
70,391
193,631
163,149
182,856
144,271
137,645
96,988
66,421
9,885
78,285
80,282
11,565
193,844
52,934
144,580
35,421
140,495
8,895
14,156
56,373
16,141
194,50
165,318
199,34
189,664
11,331
179,547
111,700
111,844
42,731
149,639
192,72
190,923
13,532
188,356
47,304
44,362
30,352
75,299
148,74
123,49
125,74
106,190
23,97
163,510
94,464
66,483
102,13
48,505
114,211
85,670
175,93
179,513
61,944
134,882
96,75
191,351
21,704
179,773
126,811
76,132
80,250
169,654
69,970
120,687
93,651
12,148
106,880
37,939
128,411
106,307
148,67
150,54
53,43
190,611
33,508
74,360
165,457
37,866
117,70
60,801
61,359
170,26
181,723
200,52
75,392
162,896
37,692
155,620
48,654
177,977
191,108
195,880
25,52
148,405
149,820
169,681
71,810
27,668
169,476
131,8
60,448
37,853
106,243
56,917
37,224
7,484
25,637
95,572
30,600
33,457
193,409
22,165
74,860
156,373
150,796
130,257
90,212
53,706
132,622
164,986
89,488
130,916
184,159
42,745
87,142
62,864
29,165
14,544
180,409
195,871
138,951
56,197
72,521
15,303
58,3
36,871
105,684
85,235
127,466
44,587
102,134
74,709
178,681
16,31
64,117
122,388
168,286
165,811
43,484
46,116
5,27
109,575
164,658
84,947
182,17
82,783
5,232
198,912
105,530
137,97
100,848
22,120
116,169
103,522
128,216
46,287
53,645
22,548
113,702
95,410
41,731
178,478
181,309
147,84
10,152
95,63
163,115
175,260
89,629
191,970
193,813
74,874
9,725
181,402
194,136
198,319
77,149
78,397
43,363
105,271
158,281
39,579
183,453
87,332
67,560
126,112
172,493
14,20
142,667
186,114
118,49
166,678
68,5
87,598
155,805
26,352
8,823
118,943
37,1
180,154
132,900
150,999
124,798
195,817
104,527
38,241
169,309
141,507
22,7
110,613
138,561
10,609
86,344
44,433
94,14
21,118
96,330
146,86
36,715
92,893
111,901
137,619
157,110
200,562
3,433
60,838
144,939
88,53
127,102
179,769
73,586
4,634
136,70
28,661
187,236
30,498
51,361
190,32
35,670
116,466
3,429
20,696
44,91
98,670
131,419
111,768
190,244
38,817
18,521
43,458
199,378
39,129
182,634
24,33
171,509
16,670
66,743
165,499
5,373
174,557
130,449
89,674
138,18
197,672
142,958
103,949
152,813
196,581
38,43
4,65
92,487
154,581
159,627
23,565
71,350
168,18
196,507
123,630
48,326
127,91
107,11
9,524
8,229
196,64
29,794
193,889
156,695
137,603
159,392
117,814
76,776
61,422
158,91
99,513
196,403
86,407
146,595
162,582
98,760
174,575
83,888
57,702
74,55
59,851
58,143
155,913
32,455
180,288
127,788
90,702
23,236
87,449
115,523
185,138
44,140
198,810
52,744
37,964
150,337
111,780
116,226
42,644
19,646
82,194
145,418
166,345
52,363
34,897
16,738
25,318
128,396
174,825
41,104
51,993
31,692
125,922
32,833
158,248
141,616
43,845
56,677
45,423
185,959
38,935
128,823
123,136
94,877
45,442
166,340
2,748
74,256
111,41
185,618
6,341
159,38
45,550
72,651
76,617
60,848
22,601
21,339
84,304
129,836
99,602
46,381
176,392
90,146
109,11
156,852
67,506
105,777
34,462
20,881
63,398
115,288
20,472
51,787
42,549
197,583
166,798
195,5
26,228
169,961
72,582
128,117
159,898
79,812
193,688
182,705
73,222
130,791
61,571
61,57
26,558
136,532
132,966
37,295
62,263
52,333
184,584
6,543
156,1
188,52
104,294
164,962
191,576
80,109
21,20
12,320
197,803
167,629
17,67
76,706
110,893
83,583
162,345
193,851
98,174
32,361
42,567
125,572
139,935
42,381
125,150
114,114
95,804
15,328
17,544
61,957
29,70
2,702
171,96
15,29
136,269
182,229
74,464
103,905
198,672
190,759
148,616
134,845
147,69
49,834
25,912
157,625
73,467
29,154
67,240
56,773
35,616
101,144
52,528
106,303
17,431
87,850
113,607
115,878
181,661
14,607
188,539
174,106
11,989
175,342
57,214
75,524
59,423
92,160
119,335
162,577
12,549
175,578
172,425
6,750
199,816
171,327
123,43
146,318
1,974
133,162
183,585
2,62
90,492
104,142
88,504
136,282
8,26
103,545
4,401
132,302
91,382
176,473
134,483
150,315
148,761
65,499
94,241
196,75
4,3
114,777
69,782
159,41
77,125
13,746
115,573
129,995
126,551
170,278
125,722
156,249
141,343
28,948
197,445
153,941
72,271
134,783
188,350
111,610
22,944
98,681
80,544
161,177
135,611
16,816
186,463
73,871
141,420
8,461
34,77
200,11
83,853
154,158
65,726
37,297
182,819
74,748
160,176
66,597
65,779
94,133
139,811
178,351
14,958
50,785
157,361
45,870
33,211
137,298
134,874
151,428
189,609
194,430
199,817
116,879
76,995
189,442
67,258
84,903
22,601
139,871
17,585
11,693
176,561
165,290
110,591
119,543
24,839
32,770
152,178
172,470
50,232
126,136
141,322
97,885
85,347
76,373
153,135
116,49
6,195
115,172
194,996
112,893
190,854
103,290
63,686
180,421
156,757
137,221
61,812
69,517
171,523
178,588
159,719
52,608
46,776
81,281
55,905
80,316
91,449
176,23
61,90
129,599
170,336
57,938
65,728
141,368
159,92
188,725
98,801
70,281
81,719
106,974
117,387
184,51
38,418
91,242
21,835
132,39
15,306
3,470
79,569
4,545
49,115
65,851
98,940
94,152
89,564
40,850
56,357
161,940
96,918
102,331
152,589
40,516
35,304
24,848
84,120
175,846
154,601
60,933
100,404
181,961
124,728
76,730
83,211
32,502
38,618
64,784
8,210
67,277
137,63
118,73
184,444
31,212
63,519
9,659
163,328
198,387
109,443
74,778
8,227
188,327
96,619
161,134
38,661
169,225
198,942
114,315
3,535
1,5
115,104
95,321
174,43
119,664
136,221
73,111
83,411
46,659
51,288
46,674
179,723
14,718
131,223
3,280
58,11
87,211
166,700
172,301
25,191
97,290
150,223
113,741
32,373
157,676
36,13
174,635
68,19
30,181
166,23
190,570
16,433
11,400
77,965
152,959
118,252
72,172
34,771
129,71
55,542
112,730
121,186
19,568
189,549
97,936
167,856
9,495
82,944
114,881
64,464
148,38
160,56
57,800
52,545
5,982
81,250
153,84
14,19
155,687
117,806
195,99
30,629
26,474
184,269
10,563
88,304
10,458
99,86
166,436
8,921
165,443
142,77
62,837
165,633
100,46
138,268
37,397
65,153
154,366
2,663
107,211
100,97
24,23
6,655
24,469
184,648
64,237
170,418
5,938
150,32
17,823
189,744
113,981
196,112
87,207
18,628
84,836
97,615
78,128
43,814
6,636
51,501
34,621
96,123
161,220
22,654
19,464
95,868
96,531
121,288
87,434
187,397
140,911
79,718
67,165
103,797
22,307
102,244
48,684
20,44
13,152
196,426
55,923
147,962
79,719
70,141
163,539
16,58
80,446
87,79
55,346
5,382
76,944
198,971
9,923
184,313
41,506
90,397
60,204
50,291
169,288
184,92
157,991
172,82
17,95
124,356
109,858
138,602
43,814
57,239
195,142
65,279
83,190
82,977
189,820
142,533
178,593
32,16
100,447
75,369
130,823
15,869
103,816
148,964
173,938
105,598
113,274
186,8
186,289
93,52
144,384
125,50
127,784
113,152
168,931
98,826
48,177
48,368
188,447
177,576
137,397
9,653
164,910
126,973
11,478
45,327
159,963
128,182
103,626
76,670
128,895
197,147
40,162
22,620
136,611
110,401
182,760
199,372
157,894
88,926
122,321
182,600
122,367
159,803
161,791
14,480
75,132
190,625
56,582
136,453
20,246
16,930
184,817
78,187
61,203
27,575
91,190
169,823
175,153
160,945
44,422
177,222
100,505
147,963
50,46
132,24
52,373
38,822
48,844
56,22
123,919
31,673
196,215
165,755
65,699
173,764
74,363
176,417
181,249
40,505
100,547
81,148
134,697
160,36
20,126
66,667
23,441
188,739
23,808
67,801
168,92
17,594
168,955
184,161
112,852
18,565
170,218
87,692
195,262
68,305
4,281
165,608
70,592
44,576
169,41
192,561
198,885
79,720
160,368
136,564
100,675
198,795
162,848
165,429
91,741
67,726
129,431
130,694
171,758
34,928
199,81
170,292
147,695
22,431
38,156
191,74
63,612
188,962
146,495
104,198
68,29
198,503
50,587
30,400
41,564
86,458
161,136
148,667
35,902
197,964
38,749
132,945
115,260
7,4
74,993
172,844
170,311
1,290
180,971
178,278
17,76
190,882
130,487
169,44
179,849
13,161
28,342
25,449
113,276
196,753
45,86
32,817
140,452
182,853
106,228
73,617
37,417
8,151
163,952
9,30
139,460
74,892
81,28
51,583
6,166
39,496
132,937
172,999
24,545
119,737
84,513
80,964
102,298
179,158
58,714
37,459
1,607
129,213
89,151
117,371
132,721
58,721
153,379
91,304
122,366
93,52
19,237
88,656
98,727
195,189
18,415
37,613
148,558
174,803
50,571
123,943
80,651
49,37
58,101
185,503
78,526
109,364
50,496
193,434
111,956
134,468
163,755
192,331
69,248
199,711
75,283
170,187
158,164
186,394
7,896
107,652
90,37
117,933
182,599
178,81
113,350
117,983
50,517
146,111
75,111
84,902
6,494
155,929
93,249
39,241
155,668
174,220
11,600
21,806
124,557
118,255
14,743
43,280
12,208
36,522
174,311
77,577
137,428
76,355
159,286
149,922
12,141
93,621
191,640
47,409
146,586
119,965
129,966
177,69
68,516
168,238
5,188
36,793
84,194
118,26
195,525
141,710
16,287
1,381
56,137
174,739
93,431
29,896
99,961
26,33
93,132
196,848
90,272
26,823
97,514
58,37
139,952
69,840
107,414
80,426
148,255
42,939
139,180
129,63
104,128
102,776
187,988
187,393
181,32
58,8
49,670
140,496
116,83
70,309
44,120
110,705
38,418
22,486
196,786
130,179
95,378
102,434
81,23
130,716
159,859
140,852
116,584
5,918
125,417
9,614
79,595
62,263
173,51
157,955
120,44
63,655
59,486
127,891
117,297
47,246
109,78
2,747
106,393
80,280
11,534
116,216
72,956
184,330
103,93
84,943
4,93
88,469
25,808
180,1000
23,57
49,859
69,694
83,118
114,907
136,250
81,758
28,220
51,73
58,871
102,94
8,815
77,482
99,958
21,904
58,263
10,634
46,756
56,894
173,843
73,289
131,536
171,34
32,663
129,864
135,382
91,900
52,911
188,162
144,834
175,264
56,404
187,851
146,882
87,508
112,768
97,860
106,670
7,403
131,447
149,522
6,749
11,679
127,101
77,123
91,761
138,977
78,572
99,371
142,391
68,308
122,451
30,170
119,136
49,835
57,960
13,236
57,36
88,767
181,244
48,591
62,2
33,528
1,734
187,137
18,342
29,11
68,647
86,11
58,577
145,922
111,532
61,634
92,42
106,146
125,663
172,716
80,585
178,889
116,640
169,451
200,80
192,653
62,706
195,176
138,323
139,215
154,140
71,939
57,342
74,158
157,962
138,373
129,678
177,367
101,341
14,17
160,775
82,460
70,466
90,938
138,97
164,338
41,976
188,496
132,583
80,856
179,488
165,601
91,419
165,319
171,900
98,808
76,791
77,645
29,595
182,418
21,582
26,850
174,915
188,740
105,688
83,611
79,783
116,919
152,216
140,900
187,39
58,510
4,502
161,766
65,74
188,289
116,478
165,925
99,78
152,727
190,773
155,103
179,645
59,105
110,818
159,540
127,827
117,863
193,865
135,870
80,21
177,224
189,294
150,591
110,610
198,986
153,656
135,381
163,475
49,932
26,541
200,634
155,521
103,148
80,350
130,923
66,608
81,818
72,722
33,316
50,440
120,13
191,670
189,759
114,494
146,93
164,817
137,947
165,511
5,639
68,490
126,873
5,555
181,534
42,744
41,655
89,462
12,819
7,776
28,970
188,379
126,280
167,130
70,365
195,841
147,309
160,416
132,192
83,923
161,443
93,782
35,467
199,343
85,180
169,858
36,376
141,790
83,62
133,231
9,30
152,162
195,691
195,930
114,479
173,986
3,848
190,589
162,416
11,443
55,114
161,986
46,448
178,139
57,331
100,254
151,966
27,949
51,112
55,644
171,910
133,583
96,426
187,747
58,392
73,906
180,651
187,392
130,753
34,963
155,762
24,528
14,685
106,974
26,770
61,492
31,732
37,989
51,200
6,642
197,393
175,924
79,379
45,283
58,832
61,299
140,319
109,718
67,77
12,445
156,460
112,445
49,680
68,346
193,846
78,930
102,133
174,740
152,938
102,940
143,509
142,108
57,121
190,877
164,454
46,167
188,790
65,903
92,876
95,665
17,445
44,532
84,871
27,882
51,735
9,608
184,288
65,110
26,544
141,928
139,619
54,926
61,899
74,552
122,811
156,173
67,588
97,482
157,330
13,553
14,819
157,447
180,221
29,677
104,751
178,932
158,898
28,7
35,631
28,15
79,881
140,701
38,243
22,990
17,954
128,427
68,127
126,620
75,271
86,679
103,496
114,350
166,635
12,389
72,988
106,882
60,988
46,211
65,724
119,696
164,44
174,139
13,426
164,693
12,257
99,568
159,807
71,763
167,33
178,639
103,678
42,273
136,261
105,34
165,935
146,137
51,382
104,821
66,788
48,930
185,129
6,802
173,676
72,203
92,580
22,244
111,715
160,12
141,817
7,909
17,820
59,364
148,275
89,589
22,188
49,708
68,409
170,600
72,334
124,499
35,377
170,582
182,387
161,836
138,452
146,249
11,714
68,1000
34,365
29,737
178,253
16,184
80,993
139,348
139,988
14,956
120,633
143,594
7,593
195,863
178,351
112,986
44,255
70,192
148,348
62,72
102,888
169,50
96,166
123,713
16,291
33,610
19,495
60,98
121,978
195,276
95,434
151,611
22,247
188,862
70,306
120,677
190,635
143,330
88,615
200,731
84,239
79,561
17,486
18,420
187,345
74,941
179,332
139,226
27,33
186,721
91,792
91,228
113,515
157,728
56,329
105,3
82,684
110,629
17,818
158,35
84,175
111,650
70,732
118,902
39,191
128,156
192,283
166,694
63,390
68,724
152,630
100,983
162,742
68,783
29,167
73,263
144,208
126,458
136,774
88,721
155,525
190,417
61,103
168,479
62,92
198,267
90,702
66,750
160,301
50,118
141,600
97,360
144,34
14,468
180,535
20,898
170,994
59,112
161,845
62,654
1,647
27,280
6,802
183,190
170,851
43,997
42,763
95,112
72,485
152,985
123,782
124,288
80,297
1,631
184,302
136,4
184,354
195,76
133,91
142,444
110,814
37,246
16,772
104,763
180,285
197,782
11,98
89,325
154,199
171,443
132,931
54,800
11,994
148,555
182,345
170,411
169,815
152,697
42,65
48,256
34,961
183,119
143,262
159,534
48,762
10,54
166,203
196,577
3,50
167,523
18,552
71,268
127,531
94,445
42,87
112,577
79,400
189,941
9,883
26,771
73,664
101,503
31,368
19,942
121,87
188,701
65,24
133,601
170,954
11,231
17,165
20,112
33,562
38,719
34,606
6,349
83,510
128,139
21,299
173,824
76,567
126,829
63,584
181,310
37,499
102,488
34,555
128,285
15,114
108,713
32,378
49,223
126,874
124,371
41,834
5,681
139,852
31,672
188,260
83,604
51,382
83,349
88,276
97,694
98,260
70,247
13,96
47,808
137,810
84,235
80,736
80,536
193,457
118,635
118,208
126,250
81,514
172,516
163,568
166,789
128,44
74,41
47,88
47,42
185,30
157,193
43,251
83,638
76,92
170,738
89,24
187,393
189,251
9,699
155,693
112,581
151,576
97,277
101,761
182,505
23,786
110,762
173,581
160,352
125,53
55,558
48,732
5,195
104,104
107,84
93,769
144,466
182,723
8,475
148,763
180,201
173,766
96,396
73,831
18,120
72,587
18,47
166,189
163,258
156,216
176,231
42,33
20,239
131,346
93,162
119,647
166,700
110,480
126,223
111,169
113,853
142,180
122,617
104,502
58,991
45,646
35,402
43,546
66,464
142,245
70,366
35,260
103,497
128,657
79,252
104,682
36,334
132,362
82,610
56,419
129,703
174,824
42,442
186,408
145,259
97,140
67,324
168,489
55,183
134,247
34,895
198,194
114,697
181,618
133,103
103,718
166,398
59,241
23,311
94,701
180,110
28,467
32,95
44,435
79,572
112,715
7,333
176,518
4,724
68,8
115,247
163,77
16,120
99,23
152,243
48,641
18,19
160,89
62,38
75,555
49,585
119,355
14,139
176,400
67,30
104,395
119,18
110,373
67,732
145,326
54,879
44,469
143,109
55,671
20,871
197,234
164,111
149,451
192,963
172,428
37,750
179,926
134,161
97,692
174,99
88,523
165,58
161,813
200,927
140,90
135,451
68,845
160,660
123,364
127,838
176,105
19,158
26,797
147,750
173,648
143,569
118,298
165,793
172,392
98,63
43,709
122,192
18,613
153,234
67,859
131,631
103,493
31,652
198,471
190,852
115,15
200,950
76,779
147,346
73,646
148,691
100,618
161,784
14,17
51,516
183,753
127,352
5,557
76,119
32,686
15,54
75,854
24,583
149,788
42,893
110,53
118,834
102,883
148,615
26,604
57,968
49,72
111,1000
94,561
81,148
111,378
125,61
36,153
118,374
179,136
158,457
170,527
171,843
105,737
160,562
165,218
67,509
70,545
168,684
135,252
182,690
139,459
124,572
119,845
105,758
99,948
62,992
73,171
46,716
30,349
163,745
127,375
43,625
4,35
196,579
20,921
43,816
27,618
179,12
97,859
46,511
156,588
53,99
32,625
24,753
31,766
69,621
199,711
179,896
40,830
154,774
51,231
158,513
77,747
28,633
75,354
191,323
198,883
185,13
171,798
64,920
58,491
54,366
105,652
193,853
131,14
197,717
162,823
4,35
100,584
122,52
162,986
159,169
17,92
169,915
132,828
9,954
158,213
120,304
38,472
133,840
194,474
149,746
138,116
170,425
43,528
186,777
60,491
194,883
80,7
78,825
33,751
157,225
143,562
57,780
57,90
44,789
149,48
62,336
69,722
111,776
140,554
75,338
132,574
187,548
1,354
116,924
105,230
152,708
78,286
172,283
157,816
34,862
126,755
194,790
27,650
83,601
17,503
125,671
50,70
169,94
68,446
33,678
198,720
24,239
191,350
2,184
134,864
177,921
30,487
166,213
195,501
69,727
97,397
100,694
33,361
40,780
60,353
46,656
159,360
135,709
37,61
193,685
97,249
46,270
121,774
60,593
181,24
89,907
67,235
66,91
177,599
21,745
135,448
90,592
138,48
17,682
61,748
41,882
15,896
176,782
50,303
164,987
147,628
143,406
38,984
14,534
28,304
104,367
26,943
59,657
140,277
153,116
129,250
82,238
3,671
110,201
139,580
150,770
98,372
156,570
7,904
7,409
89,518
8,987
118,585
73,353
51,369
114,844
118,102
1,216
85,917
50,106
131,13
92,101
90,210
158,75
187,255
44,455
172,410
133,294
187,328
70,824
171,763
170,404
11,483
90,418
15,50
129,861
154,610
82,425
90,662
119,201
125,575
14,31
139,4
70,521
159,363
168,678
6,987
30,205
83,237
134,760
71,394
78,259
42,562
52,133
198,507
85,14
60,497
62,953
108,891
82,870
133,691
82,278
189,131
161,601
20,399
182,245
198,841
165,557
140,161
8,417
175,354
48,309
77,181
44,309
186,5
130,567
51,958
111,335
8,44
16,376
142,528
141,598
159,156
151,103
159,147
23,12
141,897
107,617
29,170
44,131
23,650
131,786
48,105
160,58
12,39
138,208
34,97
69,173
153,419
75,823
101,760
2,662
162,895
89,366
85,3
30,182
186,792
124,138
168,712
123,966
1,308
3,672
133,799
76,339
118,137
171,481
194,179
71,221
7,242
99,921
130,928
89,269
150,761
146,632
27,335
11,13
154,850
5,710
84,176
95,500
20,552
57,838
150,128
12,985
188,679
28,593
28,465
176,258
37,76
61,632
4,667
192,186
197,267
176,921
56,132
177,349
190,414
28,210
148,163
98,763
47,590
2,45
15,656
155,759
147,94
163,629
23,850
115,695
23,805
145,151
185,117
173,521
43,742
196,88
163,374
50,638
39,550
61,749
38,347
37,498
3,592
137,41
81,761
57,410
33,14
23,281
141,761
61,177
189,920
127,427
174,314
173,70
76,861
141,356
67,64
180,787
176,207
20,295
154,828
176,521
1,486
166,717
42,299
19,88
163,726
186,878
66,901
181,781
171,228
162,206
80,679
85,40
39,997
46,975
75,875
115,235
66,952
25,840
184,929
6,192
11,253
45,187
82,642
116,719
60,332
48,409
20,445
177,983
14,657
181,680
189,780
159,957
116,960
58,161
8,369
150,367
165,729
57,102
195,122
40,635
171,424
183,45
11,923
59,479
1,683
44,224
11,185
187,671
121,882
158,780
197,791
177,865
177,387
178,766
121,655
180,995
33,976
10,646
153,523
20,140
23,570
73,30
191,780
135,967
82,284
53,870
78,74
88,993
56,165
142,280
57,985
34,73
118,464
151,623
133,982
76,214
117,160
2,196
38,176
72,576
152,765
87,115
10,670
73,85
177,495
187,650
52,742
17,345
182,914
10,891
59,497
4,84
21,382
129,521
59,67
44,273
19,619
101,780
167,164
13,271
102,356
69,817
1,331
127,950
20,204
42,853
193,529
82,422
129,729
70,181
6,10
34,220
141,167
20,973
194,726
38,100
76,46
95,272
180,826
59,474
182,400
111,789
106,727
138,775
127,949
181,181
58,381
167,45
87,376
67,278
109,367
43,847
57,848
2,908
200,972
55,482
140,22
144,231
43,591
4,858
114,51
90,796
126,507
25,630
149,298
80,548
106,929
54,872
145,15
8,229
135,787
179,462
70,513
56,868
157,959
52,482
95,966
183,638
84,340
74,259
110,83
99,426
193,919
155,505
138,800
120,317
112,636
148,528
107,382
187,382
58,264
166,521
113,946
38,395
70,64
48,125
120,373
104,270
150,611
192,866
127,618
102,78
182,309
118,556
36,251
106,191
183,489
164,364
176,791
100,180
173,548
27,496
38,725
81,681
123,608
160,443
63,271
139,959
55,24
103,544
67,973
57,216
145,651
99,21
137,421
191,544
153,922
147,962
188,125
145,955
121,544
98,975
197,236
183,1
63,500
199,370
171,312
62,56
52,295
82,146
113,378
44,156
173,768
18,17
173,3
45,362
110,396
91,354
150,320
170,749
141,141
16,224
45,915
186,263
189,574
106,115
53,592
73,567
11,867
33,812
50,812
149,299
2,947
103,275
98,538
118,497
87,256
77,180
131,783
84,581
8,10
134,541
149,240
8,662
61,728
23,383
87,563
88,142
42,919
122,995
76,954
153,517
29,645
55,268
118,861
155,583
134,699
143,449
167,784
50,514
1,451
99,504
123,254
10,97
53,592
16,458
73,896
81,952
82,926
91,203
91,726
126,348
92,744
107,138
158,613
190,963
8,282
128,606
158,814
15,938
182,490
15,550
144,962
65,128
90,576
163,349
71,600
69,319
190,672
155,562
38,426
36,59
1,324
56,181
87,27
8,851
98,644
157,914
144,155
67,333
97,643
164,154
115,802
26,209
87,801
92,802
168,247
11,764
59,584
58,487
133,829
4,664
195,241
194,254
70,604
29,308
88,932
172,466
30,878
92,715
103,598
66,242
47,979
112,533
17,212
73,815
73,556
116,546
75,334
69,256
38,14
175,300
132,731
164,343
4,275
14,42
16,683
157,987
98,238
72,533
33,790
67,289
96,813
117,185
134,300
20,980
143,578
89,883
104,427
186,394
11,422
169,356
86,593
181,273
46,553
9,192
47,452
137,162
60,917
61,956
100,81
90,586
15,57
173,425
192,761
165,244
72,190
116,617
150,24
136,66
72,93
46,310
119,751
93,511
36,780
127,804
97,173
89,242
164,150
95,369
144,795
83,853
51,753
169,808
43,723
157,940
188,477
10,85
65,536
62,360
134,73
61,326
159,905
8,998
88,87
42,965
199,386
82,810
149,170
98,531
36,496
82,603
148,21
54,901
8,18
96,456
114,435
140,522
50,170
28,47
134,791
12,889
199,359
123,963
43,638
63,887
105,627
52,578
64,271
100,468
100,814
63,284
157,19
90,933
117,46
51,980
36,888
106,109
55,967
111,235
190,750
102,704
108,677
48,621
22,860
181,404
151,27
31,360
11,256
135,348
126,811
141,571
117,550
191,324
144,384
10,831
54,451
64,748
31,938
89,579
94,964
63,473
92,391
197,596
176,96
122,895
62,767
88,685
185,177
174,550
145,108
51,405
18,273
42,110
28,246
92,72
127,296
152,104
109,119
83,216
152,783
142,175
30,928
56,462
196,622
178,673
103,777
153,564
26,642
74,476
113,270
76,23
170,343
116,55
81,646
159,60
174,489
177,965
133,427
117,850
26,526
42,156
103,359
4,963
86,209
70,103
191,806
199,337
163,552
38,121
190,697
124,167
175,239
70,358
169,715
167,287
75,142
81,42
13,975
38,384
76,309
184,920
9,454
10,223
167,215
156,293
131,750
168,401
49,462
31,220
47,546
7,393
104,260
7,325
100,986
80,881
82,821
159,376
174,802
30,248
115,639
57,81
126,448
48,914
137,530
84,334
167,678
167,273
57,332
18,633
183,247
96,87
36,763
174,201
131,261
154,947
192,745
189,858
69,86
9,303
86,483
2,135
83,187
89,413
86,238
198,530
162,268
85,174
183,48
138,900
197,397
168,689
87,899
169,108
111,846
90,626
32,545
125,995
15,148
158,873
96,378
71,698
141,865
135,202
195,937
154,280
183,645
176,747
16,406
2,651
18,559
117,285
93,760
23,883
177,580
119,149
26,567
142,465
187,539
165,905
106,938
166,93
30,390
182,408
56,99
134,560
74,252
180,206
200,391
157,866
199,169
138,96
11,521
14,863
124,991
149,122
92,810
106,475
39,654
98,377
169,550
46,328
62,924
175,508
98,987
114,520
26,601
164,355
159,556
71,439
147,493
178,194
58,725
134,759
54,257
68,237
161,398
195,463
103,320
20,541
55,857
151,756
171,195
16,852
55,213
171,437
197,952
40,466
103,416
151,658
42,946
23,98
126,194
16,930
29,923
30,189
197,595
8,928
145,695
2,679
141,387
78,833
81,573
154,679
20,745
157,987
68,699
136,175
140,794
80,566
162,146
169,36
143,757
54,368
42,352
71,798
188,187
128,207
24,987
104,440
102,654
138,286
36,89
137,85
165,618
89,13
163,968
169,634
165,73
78,271
132,206
46,547
5,967
134,602
180,905
75,935
143,697
7,27
113,528
92,340
148,942
14,80
191,881
33,986
81,493
12,911
2,314
17,221
71,154
48,912
43,752
38,61
195,907
155,162
67,541
176,552
29,777
33,911
127,478
78,167
197,889
121,357
3,968
38,104
153,597
31,240
187,6
58,198
103,571
90,63
41,866
90,568
107,23
1,796
114,59
143,596
86,677
45,765
10,550
103,536
113,509
66,710
57,871
3,24
87,680
74,86
92,463
59,842
77,383
7,297
81,721
124,882
133,506
43,127
50,332
26,594
5,487
50,585
43,868
95,173
187,215
146,875
16,554
57,175
46,393
69,562
90,615
26,45
169,897
138,307
190,935
163,7
106,579
21,410
131,512
185,693
198,602
15,951
168,85
196,573
44,270
9,771
170,668
8,894
163,873
55,47
87,894
66,940
176,702
33,994
154,604
38,313
69,886
167,69
73,165
114,104
172,328
98,363
26,533
163,903
41,187
116,135
97,351
144,150
135,728
171,429
17,526
143,174
194,544
147,394
183,633
199,327
183,737
189,996
153,256
19,619
82,388
95,154
180,517
118,221
18,783
61,636
98,63
154,301
2,579
22,763
140,718
30,658
140,228
185,972
90,40
47,932
138,503
14,595
53,883
150,125
22,755
180,390
46,299
19,27
140,806
111,13
110,90
158,567
50,855
54,687
167,203
2,721
34,42
163,298
152,23
134,705
17,17
52,684
14,582
187,919
92,194
93,231
183,669
153,231
45,785
130,987
155,605
118,673
64,362
100,937
62,946
82,137
66,981
123,680
187,793
77,59
186,253
125,424
78,596
100,925
194,438
55,987
38,205
30,638
118,447
17,72
125,433
65,268
127,552
12,362
161,967
29,56
119,641
171,266
107,946
182,717
4,384
4,30
83,885
97,3
17,116
71,96
79,870
60,319
133,206
22,785
89,829
30,878
170,884
2,192
197,569
13,490
144,706
189,201
56,731
168,258
163,204
127,634
151,398
12,449
77,834
20,948
20,279
94,28
120,92
95,389
107,244
136,610
156,175
82,427
197,431
48,946
184,60
70,982
43,398
58,776
162,652
9,987
178,353
51,583
106,724
119,215
169,595
52,27
150,350
22,214
51,830
89,489
8,339
129,676
87,4
37,654
110,910
53,52
68,608
94,593
45,620
59,782
44,803
75,514
58,98
98,722
8,796
62,524
90,596
144,51
115,611
107,427
48,497
104,845
42,862
153,697
4,317
114,119
177,651
181,833
195,681
152,377
18,642
53,217
200,550
10,109
144,429
151,387
159,73
148,149
75,889
45,111
177,940
144,783
95,997
170,324
56,549
146,346
185,168
120,678
5,156
101,672
169,168
133,416
74,750
33,291
170,799
125,286
87,500
41,679
61,315
104,924
183,868
136,935
127,476
108,286
125,175
191,332
74,599
114,162
182,361
24,292
167,677
114,272
14,768
193,112
154,124
185,505
83,898
144,748
21,703
146,169
50,885
171,828
122,675
69,739
83,240
155,270
147,420
164,515
30,210
137,679
69,110
157,28
5,940
1,605
100,622
192,71
139,60
123,439
126,839
28,590
43,513
192,878
49,259
63,372
107,772
88,544
180,800
20,705
173,100
80,720
140,674
167,85
47,223
22,43
73,426
165,191
103,923
32,634
91,580
84,196
93,51
106,484
131,421
3,569
58,142
71,558
103,691
152,665
39,642
14,221
77,572
113,105
113,154
175,137
70,941
89,744
79,841
68,14
108,831
120,300
160,382
84,740
165,199
190,608
18,366
3,626
8,464
92,637
111,569
124,426
13,715
186,340
72,337
146,740
38,697
58,660
48,213
62,169
101,637
29,778
60,823
122,646
20,855
87,647
28,810
155,992
79,406
134,308
153,771
72,2
51,520
37,955
82,462
114,708
67,422
175,657
124,423
94,305
132,455
87,601
84,348
44,792
79,671
178,566
175,395
32,506
129,640
15,55
94,557
45,134
46,715
137,565
194,462
57,781
190,726
25,676
83,218
103,5
35,911
21,887
53,449
148,492
99,26
197,51
45,148
96,347
33,529
35,817
69,145
33,550
169,927
146,393
101,587
8,815
193,239
117,316
21,888
200,999
170,117
59,182
28,940
20,841
190,1000
154,887
122,10
179,552
94,622
57,465
155,203
13,405
170,901
118,273
197,387
13,853
78,162
92,614
193,739
112,118
132,112
194,638
196,180
94,778
50,369
17,927
152,668
65,934
7,440
77,238
119,988
79,622
80,71
10,61
11,591
157,862
181,878
42,132
196,659
93,599
14,545
173,50
136,186
135,479
34,33
165,522
36,16
14,854
20,831
100,707
61,417
196,411
160,251
158,48
67,30
194,410
58,706
146,315
63,54
43,733
82,820
112,557
6,855
129,574
5,785
178,976
48,492
96,270
198,788
147,247
21,826
109,684
109,471
66,489
126,122
17,361
55,605
108,880
61,780
89,382
125,212
159,35
151,85
152,936
118,264
101,196
123,692
36,720
4,867
168,192
14,324
76,916
54,943
14,29
86,452
25,295
134,450
194,49
168,128
111,357
47,390
152,460
151,569
100,373
23,916
48,272
125,467
100,652
77,373
146,252
187,132
80,188
56,203
152,205
21,610
38,758
136,265
5,323
24,213
139,290
98,999
188,414
101,951
23,380
133,201
54,596
107,74
156,994
50,916
177,990
99,100
116,5
161,958
75,958
73,768
125,348
88,596
162,936
20,784
108,12
152,483
47,186
187,842
26,950
172,159
86,223
146,126
86,86
24,925
171,830
53,978
182,591
179,424
24,101
164,41
66,656
13,691
176,151
61,211
147,442
113,802
169,946
69,999
123,284
138,922
38,499
198,448
85,570
161,756
106,599
146,511
200,143
144,93
61,998
158,500
82,464
61,145
135,58
178,990
20,303
145,161
118,392
66,975
194,154
27,622
163,69
168,78
106,855
6,741
54,529
47,877
6,836
164,295
123,236
184,474
66,770
166,888
8,353
167,940
139,521
159,36
181,899
154,145
7,922
102,358
189,787
177,54
53,194
118,258
81,635
93,601
193,274
137,647
97,244
52,51
85,847
27,239
94,577
48,220
10,473
131,564
87,672
172,309
54,241
116,766
178,476
94,385
139,475
171,347
4,645
167,580
121,899
174,967
98,265
24,294
14,545
80,204
50,636
184,932
1,886
194,851
64,867
95,510
152,584
133,760
160,426
139,716
104,305
10,151
124,935
23,757
48,463
58,310
77,296
78,361
192,617
107,512
38,940
41,205
96,938
140,516
18,496
108,500
156,559
8,153
153,784
167,22
190,658
90,954
78,538
16,735
60,218
70,214
2,912
152,349
194,762
21,285
70,489
108,271
195,66
85,928
56,630
117,413
57,70
125,62
138,206
58,398
139,778
34,405
49,277
188,38
170,264
71,230
115,651
99,291
93,294
121,485
92,537
106,524
199,190
68,604
200,753
113,548
26,320
6,991
113,253
174,125
182,841
155,393
55,580
2,885
2,659
80,934
135,611
30,899
76,874
188,467
50,751
44,784
90,717
58,434
50,800
178,686
3,662
182,366
29,779
161,693
11,161
118,585
36,781
146,656
18,411
181,289
112,224
103,183
46,201
16,997
119,437
179,688
48,973
89,243
72,257
74,734
128,471
182,336
67,329
111,584
31,847
173,128
38,460
130,338
58,136
47,262
28,722
54,334
90,667
16,146
192,430
72,787
38,682
47,846
106,476
3,128
195,313
44,728
16,239
81,581
103,205
144,845
199,220
77,165
3,532
18,955
174,726
102,217
136,102
14,68
190,507
195,141
148,999
110,250
157,760
73,240
3,263
129,517
166,934
150,522
45,245
100,725
155,19
195,628
72,978
172,997
152,389
121,443
97,14
139,821
83,32
95,601
43,99
175,661
55,491
158,650
138,467
143,448
8,264
105,641
34,888
107,679
125,848
98,330
19,373
190,373
72,816
197,181
163,141
140,879
171,854
56,786
136,611
149,685
37,7
120,80
51,368
82,667
177,478
25,346
164,675
163,641
49,374
137,205
70,834
166,882
79,635
19,10
44,789
9,573
81,65
127,928
143,250
146,160
199,88
26,400
180,623
22,247
187,252
1,340
139,116
59,605
131,576
55,811
64,464
200,10
137,693
3,385
85,449
68,612
75,185
64,106
128,491
163,959
185,145
2,56
93,202
27,504
54,172
46,762
150,431
184,977
186,77
180,754
83,556
94,542
180,530
118,483
22,173
76,590
39,822
10,712
164,752
125,676
191,318
17,199
156,272
90,208
137,941
38,546
24,730
86,667
141,172
196,598
135,257
14,678
26,526
59,954
3,215
56,946
103,189
63,555
182,94
134,510
154,235
200,770
37,32
38,720
159,691
72,110
47,832
127,419
77,423
62,513
22,118
11,747
133,305
78,404
96,317
68,680
199,764
135,927
120,215
39,228
139,178
144,733
52,980
123,340
20,821
87,599
152,447
171,64
133,268
118,594
114,904
71,44
125,646
191,857
169,45
134,394
34,455
158,420
191,516
175,534
32,123
1,214
176,363
5,821
86,532
164,37
140,936
59,213
169,865
123,236
173,943
74,310
74,231
51,153
186,696
41,381
115,121
8,622
174,824
31,313
135,658
31,729
142,472
186,749
45,242
146,883
5,447
58,383
141,751
122,452
124,638
145,482
54,687
150,237
75,333
76,648
99,10
177,959
76,825
96,115
120,154
115,830
50,53
82,119
72,256
117,582
63,543
169,93
133,608
141,960
127,48
194,22
100,640
14,534
126,132
83,211
35,448
25,406
148,84
85,9
137,838
152,276
128,127
179,230
107,884
161,531
74,598
15,277
43,577
148,856
98,385
92,381
90,828
34,120
86,502
71,704
31,432
150,118
57,424
88,33
46,487
177,983
119,656
132,508
140,945
171,619
191,592
82,435
191,345
64,470
8,136
160,695
75,359
90,744
18,294
97,494
53,998
79,1000
135,464
198,1000
137,635
68,815
133,685
115,700
198,50
146,417
95,830
159,568
107,182
123,755
52,802
11,994
117,270
172,210
68,207
53,923
84,344
29,682
2,311
86,484
2,32
49,827
86,251
148,510
12,104
63,638
162,161
19,381
140,528
103,595
153,161
163,205
1,499
175,820
154,241
21,102
106,260
106,263
117,373
199,541
173,926
109,116
111,91
185,206
8,193
81,424
9,497
27,435
158,944
146,977
152,984
53,572
182,864
83,579
175,877
185,922
200,830
150,529
32,761
191,746
102,121
107,440
52,38
97,927
26,103
109,764
31,363
16,842
121,720
185,323
186,759
20,27
151,797
78,784
190,683
2,876
89,329
69,355
183,34
127,494
160,840
117,553
168,615
108,590
8,509
120,223
123,433
4,850
179,462
159,772
143,297
71,102
18,287
136,891
26,681
29,474
145,475
150,844
184,826
88,683
91,186
93,726
197,434
152,324
74,645
100,243
74,83
32,329
75,264
53,437
51,988
143,171
190,585
69,695
185,656
126,124
186,22
132,580
155,906
80,615
117,594
13,579
168,325
126,549
34,693
144,281
35,220
193,835
96,742
110,3
1,39
150,739
132,899
141,685
126,468
102,353
126,654
2,583
96,526
187,822
52,627
142,101
33,114
69,289
150,731
154,392
10,828
89,133
65,637
183,994
160,282
81,361
82,353
159,555
26,149
185,887
124,511
189,508
193,218
173,899
63,297
18,115
61,703
4,414
176,381
156,993
141,807
42,281
87,899
34,128
66,340
198,150
96,840
94,828
172,555
200,332
8,850
12,582
53,473
143,147
125,370
44,721
130,935
22,666
74,792
114,870
33,748
196,296
167,414
176,308
74,525
61,340
159,879
31,975
89,338
190,217
117,365
54,575
173,151
76,618
52,37
153,316
186,516
125,967
76,555
8,245
121,405
36,350
122,510
196,835
54,694
173,210
80,156
92,16
40,846
38,935
108,849
58,638
14,188
159,511
122,291
102,193
188,932
189,850
137,129
147,980
91,963
195,666
9,638
3,781
16,228
34,285
113,343
16,298
171,340
127,213
125,460
176,792
197,188
166,637
71,726
116,184
94,837
29,14
93,790
195,879
172,274
116,120
53,398
54,486
21,392
178,66
158,506
129,657
89,819
200,976
83,185
165,198
42,516
135,923
72,853
117,334
124,429
29,479
170,82
154,85
51,245
63,614
38,810
32,214
107,953
195,530
191,206
38,517
50,909
148,351
18,266
182,106
195,278
193,343
85,490
64,142
104,649
23,374
142,24
59,51
140,761
172,258
139,814
51,324
168,690
68,263
134,382
48,768
167,970
115,647
75,169
114,322
149,871
130,388
59,213
101,181
62,479
115,455
55,236
52,861
79,784
48,98
178,842
66,347
105,262
10,247
151,348
62,50
159,730
87,86
147,1
138,129
165,103
41,778
82,608
158,592
192,809
66,142
162,792
101,841
38,984
20,742
68,71
104,184
85,486
22,685
177,88
169,725
131,924
126,145
126,418
116,757
188,72
159,606
114,798
198,426
80,810
73,112
79,502
37,368
131,499
20,639
95,633
5,91
15,392
132,402
61,293
30,891
25,68
70,789
60,725
14,640
8,479
3,767
185,46
180,2
196,479
123,89
42,617
3,794
156,224
63,840
136,150
26,651
4,805
194,138
156,40
71,268
69,519
141,417
111,229
121,257
192,859
89,925
146,655
65,197
149,117
65,246
128,428
11,550
27,510
49,409
122,322
163,760
111,563
137,250
174,944
7,47
107,581
150,858
82,713
102,493
23,779
9,786
194,996
62,405
138,184
53,420
188,466
58,611
105,800
80,115
97,261
178,682
103,280
109,482
105,170
15,274
87,963
105,170
178,99
40,60
87,657
145,147
158,89
187,584
17,309
89,332
109,692
81,865
108,496
185,643
125,524
186,106
148,172
183,336
12,785
197,539
13,907
166,20
142,235
150,876
194,515
172,795
116,223
178,928
125,796
9,954
189,126
191,367
12,442
112,759
27,791
40,535
10,785
39,734
67,217
132,750
90,46
66,692
2,735
82,492
146,756
10,906
44,755
60,572
8,11
45,379
63,286
12,599
129,625
151,750
41,887
145,846
105,90
128,275
46,235
190,130
86,304
127,168
61,263
40,400
47,361
99,479
189,437
194,429
104,284
155,645
37,174
110,305
43,989
41,993
184,697
188,497
133,777
169,913
49,506
13,288
18,367
123,235
156,31
41,979
77,548
197,879
141,167
189,682
155,170
85,735
154,807
41,830
156,471
173,995
110,534
44,904
159,68
153,525
127,392
4,916
159,469
83,770
70,994
110,790
13,364
36,629
154,928
58,513
21,134
181,788
189,729
31,629
77,709
43,736
156,158
8,58
91,506
53,386
27,238
32,534
179,609
82,454
154,968
105,397
53,386
110,287
99,752
181,307
128,641
110,695
128,653
30,463
75,500
143,635
96,329
141,254
93,289
8,429
121,542
55,466
27,783
33,438
181,326
164,865
114,843
27,561
199,93
12,834
18,613
29,832
21,163
179,776
86,92
4,197
125,454
97,341
87,814
121,707
71,621
133,806
36,793
97,14
118,651
147,170
105,166
128,861
2,75
35,715
112,723
4,625
152,801
21,165
145,748
12,100
93,851
19,259
134,935
76,622
171,444
30,373
124,947
63,393
91,582
74,292
68,71
157,554
142,48
70,531
140,412
105,400
9,930
157,906
124,373
13,326
142,443
38,109
55,289
113,546
175,129
67,230
115,533
50,944
152,992
168,411
105,842
166,886
195,886
141,873
96,504
127,794
153,453
53,830
131,506
37,164
173,527
139,815
107,235
178,257
44,186
14,905
15,192
50,428
173,418
77,66
12,137
69,853
105,59
78,443
141,433
153,262
35,551
152,727
110,667
163,649
125,146
2,586
198,730
36,439
158,666
18,688
42,781
178,216
150,419
160,48
138,25
82,670
2,647
34,907
92,602
57,407
188,666
151,192
102,691
170,303
89,162
164,323
16,474
40,231
123,5
113,356
31,628
192,752
97,995
181,333
85,488
1,91
36,596
113,387
66,150
57,125
124,403
94,123
132,816
153,616
172,64
61,174
111,458
186,758
134,290
108,937
41,278
155,900
160,100
100,367
115,876
95,161
45,579
45,26
146,51
31,316
112,530
68,362
138,607
27,691
130,490
13,741
104,889
68,53
54,554
16,499
168,618
1,390
35,886
133,175
174,906
134,865
87,841
11,790
77,807
195,546
182,323
64,147
119,512
104,386
117,675
80,272
96,615
188,977
165,452
1,542
116,482
50,958
145,596
56,836
102,165
98,806
118,902
52,63
87,262
102,876
194,950
88,26
31,911
140,819
161,559
76,572
89,458
125,681
78,545
149,803
87,322
16,752
69,509
121,621
52,737
159,630
25,833
58,997
126,122
116,579
38,276
137,900
68,903
80,645
55,80
154,380
107,489
87,570
160,171
53,544
58,572
61,607
184,371
144,494
163,613
14,595
39,104
163,840
175,116
22,647
181,350
77,693
26,971
155,408
132,371
16,636
19,108
200,876
9,219
112,875
18,1
159,248
93,208
110,461
155,102
37,435
95,28
25,247
106,887
11,751
26,375
53,692
32,218
82,838
6,972
45,977
172,520
160,182
147,123
140,440
57,698
24,699
23,671
59,132
87,728
64,1000
53,756
125,333
83,570
119,884
82,123
57,305
127,843
16,813
196,727
153,527
74,688
75,986
25,249
117,713
147,975
147,4
154,821
120,212
79,848
116,396
132,33
154,956
27,663
7,38
74,986
182,793
28,358
135,241
96,478
172,507
54,513
84,177
86,80
127,277
75,34
175,123
138,835
139,138
177,71
87,89
113,40
50,547
198,662
20,953
12,938
193,261
198,778
2,318
9,437
150,212
43,560
67,812
9,565
141,959
102,334
125,507
163,607
146,340
51,179
124,797
194,788
3,794
191,332
175,515
152,480
182,485
84,702
172,519
131,10
134,25
37,806
59,602
171,649
25,316
46,768
18,339
158,762
17,872
46,257
21,991
22,680
106,616
19,548
115,788
17,843
159,908
32,948
38,992
28,464
133,125
122,652
66,617
125,649
158,724
165,893
38,526
36,488
162,397
44,523
62,268
175,914
80,465
5,987
126,61
157,584
199,747
40,11
195,763
133,494
87,222
88,924
156,169
119,377
144,788
164,737
113,52
55,565
167,354
26,252
2,987
76,73
186,749
98,376
86,104
164,872
57,20
198,851
93,62
193,14
1,47
161,679
176,49
126,908
166,717
11,306
165,719
124,617
199,427
21,815
137,668
118,371
84,893
80,698
39,920
17,75
194,714
79,58
106,153
60,97
79,235
72,43
114,926
30,258
22,226
172,504
52,224
184,481
191,955
47,81
110,972
101,163
76,828
40,153
174,964
60,253
175,57
167,733
69,162
83,94
187,699
60,355
164,456
23,176
186,283
100,811
12,966
42,965
36,721
28,495
139,917
104,216
146,952
190,341
20,141
22,788
87,370
45,631
12,43
28,664
58,677
194,740
161,496
168,105
32,816
138,45
41,669
15,64
71,298
54,575
83,861
122,252
3,220
100,980
114,321
181,516
46,336
186,206
141,960
48,347
47,422
33,801
90,717
147,616
113,313
22,425
25,139
96,581
77,856
193,739
92,876
94,749
197,179
120,739
57,488
19,355
19,5
36,801
152,822
108,528
76,538
64,60
200,561
103,232
198,190
135,448
113,72
76,376
72,424
45,94
179,977
188,327
40,53
136,504
34,353
106,32
159,266
102,725
90,323
30,341
6,489
72,606
128,82
181,980
169,915
131,537
154,985
57,115
59,805
54,502
109,400
34,513
199,74
112,575
65,280
25,354
46,482
195,992
112,166
115,318
25,208
10,216
113,4
76,81
101,373
118,471
126,42
146,618
141,380
190,140
9,759
36,439
87,382
51,328
151,871
143,792
16,654
196,572
91,924
18,636
89,740
189,373
1,301
74,101
176,24
93,916
42,727
180,414
36,618
34,106
93,216
76,805
24,900
142,479
60,381
1,976
171,962
5,983
10,229
27,111
6,814
63,788
50,226
102,531
58,837
33,249
43,453
43,734
176,938
163,186
153,391
111,394
121,45
15,10
82,631
135,316
108,478
16,514
20,216
98,376
65,520
185,958
159,399
198,401
170,452
55,462
106,756
138,442
60,315
56,354
126,271
24,534
5,638
85,266
63,274
170,593
36,438
189,126
119,918
85,816
37,100
137,333
80,150
87,337
196,410
150,805
35,355
200,584
94,789
123,29
61,648
77,520
14,700
171,366
133,520
176,241
200,604
35,447
170,636
94,528
195,895
59,217
84,385
122,351
79,78
195,158
121,505
80,362
2,400
172,562
159,910
186,634
27,911
186,114
28,990
59,244
120,431
34,77
128,545
78,881
30,36
150,574
185,479
30,957
113,755
17,758
68,79
88,408
198,734
156,39
132,413
38,404
96,211
2,76
67,719
31,470
175,272
188,210
85,131
57,203
160,679
87,56
72,727
112,9
3,951
116,966
19,588
99,695
2,742
18,372
200,489
18,44
175,24
23,632
136,767
184,665
169,646
176,125
185,208
194,83
100,202
36,369
189,947
88,724
77,356
5,601
37,256
26,422
184,188
158,986
155,196
9,538
112,867
109,636
36,207
77,864
101,380
105,286
21,145
75,390
41,790
16,300
138,364
104,928
37,738
148,120
60,499
127,474
142,301
144,970
53,586
17,50
197,77
20,945
193,63
193,14
66,223
72,666
16,837
37,475
91,953
55,56
59,548
123,15
18,698
50,608
72,584
118,313
55,170
60,861
108,989
182,497
71,221
139,9
89,968
110,79
3,500
49,344
50,749
46,897
68,108
101,799
178,93
120,473
108,31
129,855
116,857
47,617
132,668
29,902
162,844
133,101
120,701
126,628
167,389
82,567
76,572
166,229
39,986
170,578
194,427
195,644
141,552
74,563
94,316
56,853
74,917
153,99
5,52
46,490
192,417
170,573
44,130
198,907
16,80
16,721
40,633
140,378
149,432
137,960
81,540
152,5
67,699
23,786
145,886
167,137
11,735
143,589
111,824
14,646
135,911
84,309
133,258
77,88
50,138
26,230
100,759
39,539
117,826
107,299
4,65
193,675
93,828
41,689
125,747
180,282
27,801
155,747
165,116
124,291
184,936
55,662
106,595
15,830
192,463
163,157
187,970
96,953
52,699
102,293
74,353
37,405
24,824
11,678
130,760
193,908
44,404
4,927
131,391
130,370
146,283
178,171
127,364
19,383
165,515
181,441
182,932
45,408
172,827
69,455
102,538
140,12
200,641
177,113
60,9
30,29
114,644
147,532
156,995
80,467
16,598
198,31
177,858
135,413
39,803
14,882
55,805
109,359
181,284
129,805
51,835
45,775
55,948
114,402
91,421
146,610
104,372
38,201
138,741
34,491
196,924
118,802
21,95
125,787
104,868
19,156
84,878
28,26
20,914
152,340
2,466
149,248
31,5
125,165
54,157
98,559
126,218
100,893
99,105
143,556
146,381
174,79
80,843
109,592
99,185
148,62
55,742
8,699
15,744
152,254
147,587
198,254
145,268
5,517
114,699
168,505
5,991
81,256
61,172
153,793
124,467
174,39
53,952
125,161
94,417
73,853
120,83
31,638
45,136
96,423
111,766
169,947
6,698
84,521
185,845
172,850
134,866
108,678
48,542
52,866
131,580
102,613
116,267
100,556
98,166
179,75
95,226
137,474
136,559
116,112
73,634
167,19
57,902
17,411
71,658
79,531
111,911
64,836
71,932
187,864
196,759
179,761
197,727
98,974
84,42
87,715
48,286
95,967
186,256
16,953
115,877
193,874
30,531
146,853
196,814
110,750
158,397
26,912
80,348
99,529
139,395
155,449
191,226
19,216
83,966
25,613
93,6
63,329
144,195
71,843
36,434
53,879
47,392
152,116
160,427
43,71
189,572
26,880
166,388
88,845
30,310
5,559
3,143
19,121
141,651
27,8
88,458
28,843
118,401
69,683
108,746
83,200
192,314
70,685
26,63
191,188
134,157
99,29
100,577
180,845
37,460
134,440
150,719
7,764
163,314
91,259
90,344
130,873
102,919
191,736
71,739
55,50
127,58
89,593
172,728
35,643
191,33
198,612
72,631
1,884
28,825
97,556
66,528
151,911
111,368
161,26
86,355
146,319
52,487
162,927
16,681
57,427
174,378
79,190
15,780
125,819
23,272
101,370
41,822
190,464
94,115
157,501
27,506
24,690
2,586
67,685
161,549
173,849
76,583
54,443
25,302
125,231
33,759
147,627
136,462
38,814
184,85
76,125
48,806
111,338
190,322
19,360
192,127
109,272
95,738
121,354
9,854
195,500
144,627
59,9
30,993
110,984
28,268
49,1000
23,905
13,378
184,22
185,23
184,423
64,264
47,391
179,232
149,634
41,722
59,991
43,222
49,662
181,50
3,225
102,438
8,966
61,22
173,838
148,96
38,321
66,709
60,759
39,280
79,233
6,706
76,383
108,725
36,174
60,636
127,620
81,113
84,839
175,456
23,115
65,678
73,940
45,309
6,206
151,233
140,145
173,16
200,840
72,793
200,937
141,991
67,524
133,519
98,708
191,452
128,564
175,432
140,789
188,34
116,988
99,127
110,765
173,634
48,657
117,848
93,595
175,261
37,937
149,994
69,300
75,451
179,64
139,840
200,998
193,485
192,282
30,855
37,598
113,872
196,462
89,778
72,350
71,485
154,479
103,635
33,677
110,909
53,943
124,107
27,629
12,261
29,775
157,357
138,117
129,408
81,72
163,385
138,683
164,173
176,890
23,820
141,47
17,373
183,580
104,32
140,614
19,403
125,259
102,424
185,546
167,451
161,624
32,142
55,422
29,305
181,774
88,750
156,910
8,346
58,256
168,597
177,232
161,827
199,528
192,649
159,406
110,507
119,35
14,341
50,910
150,760
16,394
187,110
128,392
147,957
7,577
2,937
53,76
12,652
45,540
186,442
158,477
68,808
88,51
28,278
199,659
21,635
41,858
98,312
67,897
146,141
48,88
132,913
140,167
155,188
137,871
157,636
11,699
116,240
163,123
9,914
34,989
81,791
179,703
69,84
103,844
99,640
122,960
92,29
148,229
105,89
169,930
50,978
148,89
117,322
183,203
13,957
43,420
159,936
26,904
70,446
90,231
177,442
84,313
196,581
70,491
146,53
9,680
174,757
149,648
67,381
144,870
122,556
54,80
127,855
94,82
25,236
143,594
76,508
30,291
138,148
154,34
141,790
198,69
6,316
127,449
81,791
164,741
65,352
161,541
5,963
190,535
189,384
118,724
34,273
49,829
183,534
29,356
149,229
139,592
106,849
82,50
76,682
123,133
9,118
155,360
29,890
170,625
116,844
67,394
9,738
127,546
36,337
181,928
196,519
22,362
148,196
69,961
40,957
172,764
81,450
173,842
166,395
195,773
22,933
56,325
185,387
3,314
93,441
166,597
193,286
38,802
76,996
200,376
98,296
148,134
188,231
113,783
16,908
125,575
76,85
108,26
99,941
139,539
43,777
23,512
114,231
38,325
124,578
10,375
187,148
82,533
199,981
130,493
45,245
87,67
43,134
112,706
184,889
36,785
158,946
140,347
119,133
55,883
166,505
3,483
39,671
193,741
3,748
119,761
47,525
111,71
194,662
66,745
26,683
179,34
14,983
90,725
64,295
42,432
32,248
194,851
10,415
26,186
17,760
73,700
157,493
122,573
43,162
193,710
108,753
120,322
136,114
129,892
146,656
70,941
193,131
130,337
177,490
198,294
196,57
47,53
66,593
57,776
97,513
92,686
22,831
67,718
182,368
4,768
95,638
142,17
137,468
32,734
81,693
181,222
199,35
142,546
23,647
72,506
109,730
65,677
41,562
185,120
152,754
126,123
146,866
43,717
137,814
15,526
107,711
75,528
175,581
71,959
143,52
184,59
183,276
53,53
180,748
79,713
146,327
39,995
114,990
55,797
186,202
129,984
67,952
161,148
26,80
158,656
46,549
96,378
153,923
52,551
92,211
73,287
139,574
178,117
174,769
108,932
72,211
189,150
144,990
85,188
169,492
176,394
155,758
163,273
107,565
171,331
141,981
53,960
35,286
140,712
124,685
75,511
90,740
56,923
66,218
185,357
199,533
95,574
118,62
129,451
107,622
91,509
69,355
100,584
166,358
91,830
174,836
111,252
127,228
28,216
71,322
53,839
57,133
75,531
13,114
80,306
10,895
128,584
28,601
148,860
47,165
57,820
159,530
157,777
52,870
42,655
66,865
49,499
96,464
73,480
111,775
22,419
40,158
192,406
199,706
161,689
200,309
113,699
107,11
86,643
24,92
140,548
82,144
58,111
68,561
8,919
26,362
170,690
23,140
24,834
109,982
183,547
157,136
198,520
132,269
135,394
38,44
182,339
29,468
15,159
147,328
72,855
102,811
185,743
118,2
116,528
112,957
102,610
113,136
72,317
70,333
64,938
36,275
156,427
27,296
67,797
139,328
93,471
100,358
15,657
8,162
131,721
69,942
119,340
13,177
158,834
78,749
183,791
8,231
145,179
161,713
35,876
10,708
76,549
81,486
200,541
58,251
158,618
126,694
88,632
142,630
116,606
140,732
156,484
62,839
39,784
43,426
45,691
120,893
24,755
138,942
111,197
100,515
26,631
55,107
24,70
190,976
137,590
86,653
145,165
178,872
73,78
200,140
99,57
159,387
126,665
2,764
152,536
8,319
22,365
64,107
41,383
15,672
119,630
112,812
65,754
147,245
104,206
190,677
38,631
7,813
158,823
140,927
173,300
129,779
195,951
11,99
32,883
142,137
103,81
35,560
20,997
66,767
12,176
153,602
120,763
85,427
175,122
124,663
175,284
162,241
130,834
166,809
194,88
137,284
4,115
198,187
72,826
36,571
172,31
143,296
33,778
97,495
146,752
170,945
2,8
160,589
168,527
9,8
133,476
74,243
16,563
7,865
59,462
5,900
90,830
71,296
115,779
49,426
196,231
17,846
82,894
155,240
5,254
20,982
122,384
188,629
33,49
94,333
33,756
171,846
104,697
151,327
123,96
199,220
93,739
6,550
185,269
175,718
187,171
42,694
63,518
117,211
117,278
32,568
123,28
4,17
122,144
195,290
181,790
3,899
159,729
47,382
133,172
138,303
142,930
28,508
106,91
174,927
97,568
63,84
65,981
50,159
22,129
92,581
95,162
43,501
152,275
133,228
13,720
90,169
63,370
85,979
82,334
34,556
19,428
200,374
181,689
2,35
49,275
62,234
187,215
146,360
106,49
176,29
60,197
159,532
155,799
66,159
84,965
160,336
176,465
3,368
189,41
68,252
11,287
105,193
164,397
175,118
106,578
180,296
78,647
191,485
199,710
195,891
30,203
54,260
95,747
200,418
64,922
122,793
140,344
181,848
128,119
143,522
36,287
137,539
85,250
67,705
162,207
144,236
29,802
52,655
10,660
118,769
163,798
95,141
166,291
103,102
108,133
45,213
16,928
70,919
190,903
92,994
112,466
63,900
59,512
123,788
33,113
57,257
194,774
6,226
38,622
58,212
127,702
22,986
115,554
30,335
108,860
63,605
182,300
200,953
29,900
169,305
119,454
196,778
59,878
44,471
80,573
170,546
40,913
109,110
47,784
84,133
1,259
62,127
105,302
32,304
50,806
195,708
193,838
126,713
117,67
130,885
71,960
30,440
144,650
80,846
173,450
68,152
160,878
1,252
94,528
109,899
74,821
131,845
19,92
92,467
36,101
109,699
166,549
195,475
9,693
3,18
170,71
54,488
67,439
16,420
60,859
197,581
80,998
98,559
14,815
95,57
14,83
35,925
96,778
132,176
146,515
18,920
188,572
13,845
189,876
148,843
50,634
86,274
51,909
162,189
65,50
24,450
182,130
195,252
15,725
8,837
34,98
152,222
11,73
123,187
188,67
142,229
151,697
74,385
131,401
186,685
52,501
82,461
97,592
167,476
136,34
154,603
146,191
152,806
63,832
187,117
170,769
12,24
199,691
5,891
35,987
25,596
2,211
138,827
163,887
108,70
86,154
173,698
114,918
139,995
35,473
187,187
168,637
77,967
92,182
124,435
94,72
157,36
30,985
172,435
80,849
82,161
104,618
174,154
57,683
22,250
42,433
30,520
132,55
183,993
9,461
111,455
87,182
185,380
105,885
70,237
66,781
176,327
69,805
97,580
71,990
5,174
149,355
33,178
84,957
182,820
151,519
133,974
44,766
180,537
188,951
80,593
132,743
187,157
73,133
83,179
69,2
24,726
149,96
59,949
165,2
95,494
67,697
177,996
121,109
128,895
15,392
98,257
52,690
94,385
25,989
149,870
70,968
28,302
162,527
145,610
121,607
107,254
147,534
153,942
196,257
181,777
74,188
72,794
20,139
33,829
45,261
111,21
127,216
121,965
134,60
19,637
181,874
40,177
18,936
109,249
66,692
82,709
200,172
154,808
103,963
152,63
110,355
75,101
60,864
116,910
101,526
48,196
99,932
5,472
124,999
70,544
66,386
195,336
74,362
66,456
64,415
119,30
190,900
146,54
148,29
60,9
15,35
20,628
127,719
31,618
136,991
187,392
183,849
116,352
14,480
105,633
78,105
197,273
110,608
184,6
152,194
13,396
88,197
36,785
61,707
64,809
185,525
145,740
48,383
25,454
119,427
57,804
186,767
71,243
127,629
68,207
154,483
169,805
98,888
14,582
39,33
62,661
130,156
69,948
123,764
48,979
156,311
50,443
24,445
88,380
44,904
96,660
109,389
4,862
147,529
156,987
187,744
65,848
37,730
172,447
82,664
83,165
50,310
89,593
188,706
161,514
72,506
44,755
118,505
67,273
179,395
189,551
54,417
145,196
158,535
167,800
25,686
34,859
142,839
17,73
112,769
105,269
152,99
137,319
131,583
135,296
78,422
127,748
2,678
96,101
79,664
36,610
164,561
88,457
88,552
69,981
190,241
154,647
84,69
122,183
86,604
16,514
91,613
142,154
145,982
30,965
53,142
182,375
85,522
102,927
50,405
169,109
29,18
65,337
145,195
95,885
78,807
200,434
178,557
42,373
162,261
18,951
136,576
143,778
21,701
174,950
88,250
143,705
99,596
122,926
173,502
180,415
75,618
10,668
175,304
101,653
106,564
162,332
180,471
165,50
181,147
49,890
161,754
86,299
170,782
170,646
149,593
134,285
70,148
149,340
36,295
154,673
163,290
144,637
53,921
112,938
141,282
14,687
44,584
116,797
77,570
119,627
52,662
83,944
30,778
5,949
129,462
85,302
172,140
104,237
70,599
26,635
58,232
115,965
185,281
109,644
118,49
40,562
173,872
181,840
119,300
5,919
52,528
76,322
197,630
43,852
107,832
19,231
134,292
139,939
198,658
16,111
195,629
175,151
119,387
58,54
2,684
146,387
116,516
13,47
194,192
145,552
104,384
200,476
51,839
44,558
125,25
123,943
74,558
120,434
47,905
199,565
162,968
15,897
130,115
105,835
22,475
154,564
24,351
55,140
123,733
161,290
23,627
79,891
180,219
7,590
156,701
94,656
89,155
46,960
130,848
10,807
160,794
6,583
143,454
164,739
20,82
153,354
187,584
177,312
148,924
43,588
99,699
38,312
169,197
182,328
117,127
15,79
117,592
187,762
27,473
175,28
188,672
47,59
25,755
35,231
167,14
152,610
132,966
36,154
42,463
121,440
165,244
40,272
86,958
167,118
3,129
55,131
66,474
140,817
12,863
113,604
15,87
85,576
158,120
125,137
16,6
126,167
157,565
49,575
195,396
74,706
1,760
30,531
110,693
68,604
124,979
97,606
27,95
182,802
132,119
192,957
135,711
157,155
41,540
16,453
167,566
113,659
133,38
162,339
111,525
189,714
71,233
166,289
69,965
55,541
95,93
10,728
24,968
70,571
95,198
106,767
71,729
148,970
87,637
133,432
74,570
3,460
5,232
158,759
154,942
166,983
82,947
55,436
51,457
64,758
62,166
74,100
87,553
146,472
67,612
44,728
149,357
116,48
135,560
46,861
34,236
10,962
145,707
28,481
16,253
134,250
112,507
16,179
90,409
74,714
130,917
70,703
179,65
199,699
187,188
167,740
162,14
172,349
41,35
98,383
199,763
132,601
165,3
178,372
28,47
40,44
154,782
27,310
36,90
119,5
27,888
42,689
88,579
199,499
56,666
167,68
198,606
36,627
137,304
7,477
5,384
30,384
127,882
136,422
158,199
177,118
64,990
131,614
28,996
79,99
172,234
196,688
135,849
78,63
183,412
176,160
109,617
198,655
48,835
161,34
35,443
94,769
196,351
135,776
187,617
9,675
141,920
91,441
19,54
20,907
127,870
103,92
190,972
117,543
86,659
25,454
63,946
105,364
121,400
195,129
83,508
123,525
59,569
66,753
51,589
148,765
38,568
136,336
192,974
66,374
6,418
138,809
131,57
70,210
144,426
167,739
84,276
13,662
71,869
5,160
16,258
108,217
72,326
175,862
76,555
91,182
133,599
4,728
108,710
95,473
105,466
123,98
197,679
125,905
47,931
121,27
163,342
113,168
55,479
22,39
123,835
61,680
11,344
165,647
54,963
46,748
174,450
47,981
27,466
141,970
94,920
141,866
191,197
94,186
110,289
177,511
76,335
67,205
71,268
167,854
25,393
93,576
66,812
189,393
14,833
171,14
192,467
74,199
166,321
143,178
59,363
198,40
152,951
19,182
73,385
104,377
81,973
159,463
8,293
163,271
76,774
129,589
59,556
139,868
150,486
96,428
37,888
159,398
179,349
29,246
26,424
100,948
126,498
173,818
30,418
190,90
90,406
141,310
12,105
49,897
75,351
159,712
53,406
10,85
3,279
99,384
45,550
58,525
87,629
75,243
126,127
26,303
173,135
35,507
120,414
88,454
58,959
10,724
15,815
158,36
25,421
111,415
38,455
51,246
158,432
129,952
37,553
53,674
87,39
17,688
135,405
100,100
180,701
122,733
31,785
14,384
199,727
181,741
171,757
127,46
46,514
15,800
42,102
159,399
161,521
104,664
82,968
19,945
85,817
190,559
16,126
182,837
101,549
48,667
157,976
167,158
76,354
63,910
51,400
26,847
111,595
51,151
76,820
54,931
30,135
160,492
57,352
120,487
27,232
151,243
17,994
80,627
83,169
98,7
3,532
86,745
163,517
157,848
122,499
148,520
99,331
122,284
88,414
51,462
63,990
33,822
58,134
14,823
80,629
60,909
124,427
55,330
140,873
154,17
186,32
179,231
192,195
97,428
40,188
16,711
4,153
66,372
95,763
195,673
177,446
133,610
12,419
124,206
60,676
161,679
154,882
37,86
200,523
189,183
181,276
40,421
122,75
131,953
48,610
116,808
94,218
170,839
99,789
97,869
183,990
174,361
48,133
164,780
110,514
198,200
107,978
165,259
150,383
1,187
53,598
166,731
64,991
105,358
88,703
195,705
86,608
86,253
195,539
129,509
142,969
36,99
55,22
13,899
185,272
53,989
90,52
174,404
198,48
169,421
132,79
47,50
74,496
61,752
106,86
109,986
173,99
91,107
174,428
157,745
21,147
115,207
99,8
144,694
104,478
104,367
180,975
66,954
7,79
120,435
187,430
168,908
192,682
148,751
91,669
54,12
129,693
25,546
92,995
128,235
104,605
93,59
143,699
41,771
76,726
58,858
76,754
181,151
21,760
7,20
178,891
64,666
17,479
179,728
168,289
144,613
24,476
167,12
52,914
178,198
111,710
32,633
46,342
124,522
41,826
122,601
152,628
131,160
142,57
173,700
115,16
37,986
139,95
185,486
45,572
33,591
19,589
64,70
198,724
132,503
185,14
34,677
146,963
161,896
150,871
142,907
78,187
63,791
27,380
181,746
188,991
92,251
192,980
177,928
137,536
37,771
197,234
24,843
150,932
140,962
162,151
5,488
140,904
44,900
139,965
36,736
143,67
141,922
26,306
90,432
15,108
195,249
65,99
198,194
92,548
191,567
97,859
124,835
79,175
49,684
121,805
19,103
195,138
106,24
30,700
69,737
119,479
69,797
199,274
157,876
199,517
40,279
26,491
73,976
191,748
108,264
78,493
13,368
198,125
67,147
93,759
119,779
78,692
185,98
112,227
49,904
78,846
79,961
72,546
164,809
99,426
13,600
49,54
92,973
145,208
121,65
65,869
66,989
89,885
177,912
50,134
144,734
126,175
133,815
17,800
146,225
159,224
98,641
84,392
94,332
45,937
182,582
59,585
27,373
11,461
15,136
79,713
139,838
59,273
6,839
77,847
7,977
21,215
125,21
25,805
48,374
171,141
147,84
186,550
155,361
141,723
76,423
141,912
46,240
138,73
127,899
30,14
127,518
167,830
28,814
164,129
68,573
13,631
177,95
107,218
9,895
54,755
148,84
37,60
56,907
40,624
179,765
34,327
44,95
66,474
13,358
6,560
57,752
175,928
71,381
152,771
120,647
88,457
53,109
104,833
35,315
9,796
116,756
78,866
130,393
95,539
16,728
191,482
157,322
56,697
188,951
127,912
150,408
164,455
150,306
88,779
149,227
50,666
94,318
8,492
183,20
21,48
130,858
188,277
75,895
128,613
56,43
33,549
167,506
18,416
109,866
1,934
154,165
147,81
193,870
187,571
108,27
20,231
39,472
193,239
60,13
86,992
196,204
177,49
101,265
151,319
128,880
128,521
16,812
183,113
189,588
167,659
173,667
190,562
190,706
51,857
22,309
19,320
146,229
1,761
181,207
17,550
63,946
33,441
76,581
47,333
148,868
155,444
29,677
197,863
31,306
117,802
41,657
7,8
105,24
155,550
38,552
40,926
176,603
16,713
165,967
38,958
49,817
70,712
157,292
87,501
33,133
49,916
102,852
8,760
121,438
79,14
12,961
50,416
149,440
32,791
172,241
74,92
45,515
108,681
145,11
158,462
119,676
45,499
105,239
66,275
171,807
132,990
179,931
150,553
38,25
165,104
30,129
19,434
190,943
95,162
13,423
93,86
181,269
94,759
131,599
43,667
162,607
131,414
102,288
179,551
121,1000
55,552
101,256
190,16
90,486
34,256
47,756
166,732
197,543
149,79
192,173
33,416
156,322
25,469
8,305
43,386
2,119
189,402
103,475
109,859
134,566
147,273
181,612
74,577
75,284
137,77
59,586
72,746
65,854
77,98
167,248
137,346
42,226
19,482
158,1000
28,919
77,367
144,572
97,657
161,527
89,551
136,760
29,884
73,874
147,973
106,840
63,838
155,236
30,507
109,491
191,644
166,124
199,565
68,135
75,291
125,298
107,207
113,827
105,343
194,512
96,507
66,216
72,256
171,171
121,89
162,265
59,965
140,894
27,312
101,936
55,708
50,870
62,44
82,218
3,337
76,433
107,568
154,847
31,793
65,458
144,850
176,404
29,685
200,643
198,971
106,982
114,326
115,919
75,756
7,848
49,33
160,149
25,736
190,697
14,801
124,472
104,120
85,109
121,201
14,225
35,609
144,78
6,259
174,623
60,195
4,413
79,350
183,639
120,542
178,755
159,140
184,41
168,479
4,642
177,707
150,50
101,855
189,517
122,984
193,342
130,460
133,136
168,856
119,127
182,748
146,143
89,303
129,856
124,370
133,803
44,152
46,373
9,288
188,671
103,985
131,569
55,708
160,689
128,279
90,858
34,222
162,624
191,712
102,489
59,514
87,975
13,485
89,946
184,750
88,401
103,38
82,457
38,430
24,690
61,931
148,803
105,968
146,669
77,723
176,169
120,88
23,766
48,864
170,693
2,562
124,699
65,602
169,270
173,852
41,720
102,879
92,837
132,905
190,808
80,144
114,20
122,164
93,166
115,245
146,72
23,580
26,96
93,651
136,407
99,456
55,26
102,453
13,825
61,645
148,334
155,757
100,612
111,872
49,633
77,727
37,38
187,873
68,317
97,372
192,224
182,966
89,119
70,151
25,136
134,763
173,517
160,161
197,469
153,316
5,527
62,758
20,632
168,525
38,358
45,699
185,28
55,852
182,195
154,234
108,735
198,353
197,84
151,88
87,447
14,946
46,122
92,648
134,157
196,398
5,49
183,166
185,936
97,286
88,478
199,348
125,485
104,519
164,674
99,945
34,440
39,2
50,387
158,939
167,487
23,572
137,714
182,540
80,726
80,552
57,303
94,683
143,12
16,157
129,819
179,713
198,68
167,697
7,108
95,118
132,983
158,728
159,855
85,935
72,346
137,57
112,716
105,533
145,257
192,951
109,225
115,461
91,571
163,67
78,913
94,103
14,704
165,942
168,878
11,889
138,93
103,509
127,596
25,512
171,988
50,488
196,435
30,771
189,964
122,703
123,644
133,284
177,91
84,774
39,159
152,611
150,193
120,374
86,296
52,19
20,711
75,350
164,114
198,885
102,680
18,41
135,183
9,13
163,503
2,236
112,224
108,264
8,252
88,557
15,26
182,747
155,34
176,18
12,606
140,44
166,155
104,918
193,206
62,424
160,437
98,952
25,85
53,744
93,361
53,291
22,691
49,457
156,331
131,635
19,782
15,737
136,651
169,836
196,625
198,637
128,51
176,10
147,461
69,85
60,410
71,334
151,337
174,280
51,135
191,821
40,233
160,953
163,599
67,940
74,464
163,738
75,928
177,454
10,509
110,773
39,850
158,455
57,986
200,512
75,930
113,200
12,908
168,649
145,18
122,849
31,895
49,441
144,508
10,847
8,806
43,560
40,322
176,675
160,592
65,708
71,421
71,95
98,24
156,914
124,512
70,210
126,463
114,32
149,71
33,98
84,967
68,640
164,481
196,736
196,714
197,362
41,638
113,414
198,413
93,110
91,723
158,644
79,215
105,890
81,259
3,728
39,708
117,611
102,485
11,808
172,609
81,911
82,186
198,678
23,89
54,91
116,619
181,593
180,321
11,97
5,578
49,962
181,183
94,361
152,974
172,464
76,642
164,662
128,958
134,386
114,824
64,397
108,571
1,852
126,193
36,480
149,764
188,459
37,500
75,371
92,999
79,518
128,327
197,908
122,229
178,593
184,352
133,419
73,158
103,921
134,576
135,9
72,818
186,807
174,315
21,649
186,943
186,754
163,797
145,373
83,585
25,774
39,130
83,518
32,677
26,74
17,974
134,765
111,644
115,38
1,380
97,939
112,787
111,530
156,239
111,807
25,150
76,475
131,941
51,198
129,172
140,616
132,626
171,535
193,321
37,455
136,639
194,237
130,61
104,169
128,500
140,518
47,897
78,50
102,140
100,489
113,589
160,905
46,566
92,394
80,912
157,343
128,753
168,433
138,133
38,1
40,684
46,694
53,649
6,921
49,864
62,440
195,124
67,123
163,625
162,78
55,266
14,863
72,472
176,876
42,1000
168,419
8,988
145,910
20,664
106,231
110,267
16,196
110,860
182,444
107,252
30,529
95,668
102,211
136,377
177,582
58,982
158,853
197,396
93,752
6,771
11,79
43,339
136,169
117,879
16,196
131,133
99,259
165,138
36,674
87,232
158,791
186,126
37,196
77,542
157,744
182,753
128,112
181,614
160,418
49,873
100,307
169,130
164,329
172,445
48,577
143,28
33,983
25,640
174,185
145,673
117,176
153,658
83,794
36,180
60,714
171,34
13,266
11,661
137,269
95,230
121,549
100,223
117,339
63,592
127,98
126,514
143,587
82,832
190,811
1,447
9,85
103,305
152,705
17,622
77,509
195,945
66,322
87,414
194,1
55,68
76,630
85,957
112,151
168,237
53,553
20,535
189,135
153,780
24,607
106,943
182,826
169,201
190,104
102,654
77,344
18,747
106,720
48,126
166,700
52,832
5,797
109,392
134,3
128,590
66,417
174,453
71,372
110,852
174,599
100,292
113,506
153,339
107,156
74,979
178,507
70,492
53,188
91,318
167,48
167,684
128,942
186,189
65,46
28,634
184,822
125,485
108,214
103,357
195,626
102,670
81,78
25,32
53,20
162,532
67,295
1,617
155,872
48,538
157,691
145,623
113,607
35,778
163,909
99,197
118,516
70,670
113,250
133,110
83,442
58,437
67,895
56,678
81,191
81,304
190,295
110,891
49,95
177,597
30,704
111,906
35,256
53,531
96,846
59,647
167,919
170,975
19,342
173,440
164,580
113,767
127,208
35,738
77,865
37,559
106,323
43,582
52,673
68,909
17,532
190,265
81,658
153,441
195,570
145,204
71,418
170,906
166,493
33,810
176,532
198,372
187,792
171,129
77,944
20,453
42,78
127,405
62,268
60,234
189,153
22,194
93,912
29,267
144,559
7,194
43,95
79,921
2,52
17,670
86,443
149,300
64,539
183,231
52,184
184,208
92,895
111,943
50,538
34,665
116,349
123,266
165,224
122,226
176,840
108,63
32,453
84,867
39,150
170,602
163,147
115,363
127,905
179,123
23,713
93,869
199,427
90,716
86,103
7,180
140,325
1,775
191,19
171,920
122,417
52,792
105,418
96,144
191,67
144,11
106,742
109,741
137,945
82,675
120,879
89,717
54,632
71,787
152,892
17,4
15,353
195,441
97,268
13,982
98,53
142,289
8,783
120,735
62,305
21,32
9,235
179,54
156,393
198,444
53,258
103,601
63,445
133,877
58,928
74,471
77,763
31,658
33,141
177,927
148,469
26,141
24,602
161,752
182,681
6,746
100,907
8,540
178,375
18,857
91,256
147,105
106,615
122,157
96,849
64,878
168,177
69,451
5,390
85,173
64,524
65,525
157,973
85,922
78,385
120,19
20,671
76,485
23,209
176,638
97,633
11,871
78,67
116,956
72,861
120,984
119,325
92,104
97,394
22,846
54,109
126,625
99,773
85,833
198,470
88,839
75,267
155,149
154,890
175,283
64,892
35,275
22,855
107,146
113,653
105,815
34,997
55,402
59,650
18,565
154,514
86,16
71,140
200,756
169,639
168,470
19,163
155,288
77,138
179,913
43,773
172,215
56,92
55,126
122,442
148,66
25,920
23,38
146,447
99,897
159,42
95,84
172,114
71,141
72,406
171,382
16,515
62,558
183,286
28,688
193,711
141,280
93,210
66,961
158,41
110,816
20,167
123,453
126,181
69,777
160,680
144,900
157,273
184,5
131,597
122,986
177,709
151,324
78,415
172,333
100,750
130,786
88,450
120,405
151,495
41,837
30,457
97,60
30,79
147,146
197,747
9,413
84,154
157,441
61,242
141,562
135,400
80,966
64,513
111,54
9,386
166,197
33,82
90,52
20,295
190,854
28,680
158,643
122,251
18,247
87,525
106,428
23,591
132,331
104,252
97,115
98,954
55,421
52,591
113,640
70,512
162,108
174,811
10,304
98,724
122,591
141,411
189,820
107,543
8,490
12,709
12,721
195,817
51,599
165,154
51,531
84,309
72,22
129,3
122,46
9,444
148,853
63,689
65,531
164,951
114,663
106,258
20,204
14,918
88,27
98,464
113,98
199,22
170,568
6,286
138,442
198,609
67,505
144,695
126,831
40,564
7,286
97,476
129,625
23,57
13,685
3,507
154,139
171,808
151,346
15,226
167,826
74,788
150,403
134,333
130,441
184,26
107,773
179,224
63,779
84,187
90,206
177,151
46,732
167,351
175,811
59,880
147,339
159,106
78,527
58,687
25,899
65,717
35,999
55,472
122,844
7,40
84,691
180,847
14,383
132,26
90,829
50,942
5,608
54,120
179,849
79,219
169,176
194,844
25,855
31,66
45,190
131,833
107,548
165,972
86,751
99,770
173,462
141,549
140,512
188,494
180,744
32,747
37,283
2,46
161,439
23,736
131,729
20,209
66,926
4,157
87,445
4,828
3,349
187,636
6,216
185,256
95,100
8,789
58,483
148,65
151,729
105,453
108,84
147,22
166,818
78,908
116,788
22,926
153,611
176,178
62,730
52,926
136,495
176,974
43,151
168,275
157,12
177,967
188,946
173,670
110,464
180,658
151,247
54,163
183,113
82,870
109,101
146,846
118,847
155,796
21,555
135,384
200,390
82,82
85,882
109,479
174,630
39,473
102,966
113,612
116,415
102,339
198,434
110,374
172,742
139,940
149,863
131,768
2,40
124,379
43,841
122,440
74,550
14,71
167,934
55,498
184,347
175,406
162,681
25,609
158,545
160,764
98,800
38,687
197,335
121,312
87,908
13,205
92,46
93,454
100,985
92,23
110,734
42,319
139,979
119,86
29,173
4,725
68,142
63,402
57,879
91,16
17,225
27,614
68,595
169,210
77,262
25,60
50,916
121,809
183,780
200,659
199,567
17,823
156,488
79,414
84,451
107,777
170,842
46,144
45,884
92,393
67,720
32,904
157,818
22,60
51,822
84,417
99,385
127,565
31,147
150,272
113,342
2,365
101,720
73,151
38,135
75,139
66,403
177,960
98,848
9,946
184,497
9,920
132,404
147,581
175,27
18,218
116,739
157,987
72,411
200,327
168,552
68,577
25,305
139,998
102,908
112,217
167,612
138,89
189,584
110,758
82,717
199,945
39,195
195,620
101,535
79,455
62,494
147,31
158,700
81,614
44,414
14,188
126,729
11,519
189,806
151,266
117,823
23,193
127,440
160,281
115,319
97,120
168,461
34,95
180,394
200,883
58,634
147,2
29,207
31,699
109,914
162,541
195,531
29,626
80,918
68,116
167,117
172,391
113,601
59,440
24,194
129,796
192,151
82,918
159,605
96,351
5,164
116,493
96,968
16,734
132,670
43,404
199,123
55,415
155,34
156,152
199,106
175,959
3,418
51,243
53,151
114,939
75,217
36,60
3,292
31,667
88,390
11,7
114,323
108,681
68,465
34,838
152,573
19,948
140,634
90,358
191,891
77,74
191,507
42,570
62,167
95,242
29,822
2,254
146,729
13,974
149,299
119,866
54,157
22,814
51,306
8,139
114,603
144,683
196,342
11,926
28,530
163,674
95,693
154,201
48,545
105,630
95,653
156,949
86,943
22,779
150,200
89,983
67,109
91,635
98,142
20,744
64,821
29,311
109,449
64,141
144,218
5,243
135,970
141,805
190,618
97,305
31,836
179,265
33,189
151,835
4,764
132,766
133,403
112,809
184,444
77,112
135,402
193,561
176,757
140,252
186,272
60,470
62,815
196,876
109,612
123,405
7,140
139,71
181,521
177,716
81,300
32,207
147,463
14,934
89,403
56,819
148,848
40,706
134,372
5,426
7,577
129,277
109,376
125,103
121,994
86,833
177,965
38,680
198,918
89,389
89,189
135,603
183,581
119,930
109,246
82,854
21,779
181,644
198,486
182,168
147,36
28,537
163,85
193,830
109,147
177,848
86,351
47,20
7,530
63,125
94,243
141,823
21,563
123,939
176,758
146,565
41,720
2,851
69,175
28,833
17,412
130,949
120,386
64,858
51,240
131,177
118,407
30,446
125,960
182,954
30,687
83,765
182,72
87,418
92,239
152,65
77,993
76,571
162,517
51,571
31,885
183,638
139,493
194,857
36,813
110,688
79,154
158,375
6,867
146,782
115,274
115,451
105,393
1,373
195,634
76,969
134,264
114,85
184,302
181,892
144,513
144,860
118,900
198,474
100,333
145,146
78,338
37,206
162,394
92,103
141,77
84,163
160,977
101,714
56,481
137,331
105,704
68,512
156,740
17,434
1,749
145,901
156,712
166,157
162,201
167,880
133,74
50,90
78,156
177,937
164,945
25,648
194,896
175,842
110,56
106,149
128,320
15,967
15,631
127,90
83,372
122,490
52,151
164,695
114,15
195,282
88,976
144,209
105,345
132,198
16,465
150,825
29,978
155,989
183,201
110,640
2,532
115,138
181,608
199,819
183,996
146,282
42,183
111,968
7,336
110,472
63,858
150,526
40,325
140,380
127,675
136,146
131,873
103,274
127,900
70,713
63,994
169,349
47,557
94,50
54,991
102,199
135,772
31,799
77,362
164,159
63,186
116,713
14,517
34,374
44,717
128,438
84,565
52,860
7,812
197,541
26,188
97,232
94,653
188,578
110,918
123,142
50,871
49,832
3,843
37,390
112,325
36,558
25,748
165,692
187,979
51,363
183,813
134,626
149,58
150,254
181,774
181,471
130,397
72,249
140,521
20,768
82,554
178,776
127,279
117,327
159,846
59,964
66,566
104,133
82,842
16,788
139,179
92,259
103,573
84,275
195,200
13,298
136,752
194,963
140,659
181,562
36,328
77,600
5,266
17,651
61,938
149,183
55,931
133,422
32,676
158,190
94,74
111,163
124,667
166,281
111,210
86,553
14,304
150,993
48,357
25,696
15,929
46,311
178,308
180,143
150,689
159,397
43,135
123,485
196,874
138,240
36,765
61,221
79,3
88,858
143,802
40,197
62,212
7,416
165,423
149,493
21,274
80,67
154,802
195,113
19,382
132,884
62,486
188,917
112,835
108,371
66,748
144,880
3,59
83,52
198,161
19,193
195,876
5,733
97,643
195,57
108,425
188,300
155,469
1,965
162,740
119,374
163,652
17,130
89,657
50,919
81,662
36,436
191,314
147,564
112,418
132,112
184,804
104,683
106,812
185,982
13,288
170,303
157,33
198,385
136,442
38,766
17,1
126,575
194,195
168,693
19,481
27,788
157,571
94,338
191,44
24,470
125,283
116,974
152,126
137,365
14,323
136,36
9,373
13,942
144,178
26,120
192,397
95,222
71,521
37,843
97,538
83,797
104,247
182,148
45,838
153,584
107,495
14,315
18,328
10,164
195,756
89,952
155,573
93,750
157,49
8,337
40,415
176,964
129,888
143,543
51,824
167,480
36,543
120,441
134,393
156,495
31,453
151,504
91,969
177,859
194,357
103,707
195,994
29,159
130,792
132,476
93,676
136,945
196,408
107,933
195,428
104,990
170,631
7,878
197,112
170,345
11,891
68,789
53,906
39,959
82,502
180,576
114,976
3,399
50,957
174,848
105,452
36,729
135,267
122,472
125,17
167,71
41,17
63,330
45,29
200,322
145,434
23,873
10,98
13,169
30,97
182,921
39,396
5,827
12,495
37,918
92,953
102,80
177,537
189,750
118,995
83,562
154,917
171,504
55,430
140,418
132,964
190,855
119,789
55,25
199,995
64,808
112,946
65,288
131,638
110,569
4,45
101,383
140,772
142,625
36,292
9,568
40,320
132,7
129,121
107,781
66,368
183,742
137,104
96,565
191,876
148,198
103,993
93,197
16,339
132,581
54,246
128,801
125,350
111,941
85,812
133,845
136,326
112,16
10,465
3,430
195,620
45,58
146,402
16,711
24,379
105,380
159,12
100,807
9,91
125,407
113,472
80,884
128,158
106,298
41,9
196,352
152,194
70,616
20,912
60,27
109,1000
32,789
199,542
104,198
167,728
157,323
93,635
51,109
61,1
72,616
136,117
100,174
151,289
33,450
58,375
140,560
7,304
200,581
167,477
98,140
141,408
125,742
33,683
65,441
106,593
13,991
171,819
186,733
164,828
104,656
20,427
129,387
176,989
95,650
60,8
9,603
166,619
145,992
91,710
10,775
49,809
146,402
199,457
61,374
169,32
169,326
69,570
162,251
79,178
130,260
168,570
3,772
86,452
78,310
29,563
68,459
93,349
200,1
135,918
114,529
195,81
191,949
173,825
44,309
68,531
37,161
183,328
78,824
11,957
119,560
95,26
91,710
85,430
113,620
133,621
37,688
114,241
176,504
77,420
79,396
51,509
38,828
193,635
94,811
26,172
85,573
184,281
115,670
117,687
176,372
112,747
71,839
35,548
164,58
126,283
115,570
9,771
74,210
32,167
124,289
27,364
102,770
25,572
20,545
120,195
122,429
83,784
163,804
139,381
6,897
91,942
10,628
74,989
172,236
74,946
116,221
19,986
147,503
133,841
156,563
157,747
183,56
172,856
76,195
114,80
138,156
28,247
106,54
33,307
122,312
45,282
118,82
118,102
81,702
45,432
34,402
200,511
54,951
144,255
191,440
44,862
23,524
91,648
94,962
88,571
5,488
176,793
112,612
166,676
157,933
13,143
9,196
127,10
129,409
90,685
92,215
168,339
192,924
157,205
128,29
49,484
43,853
88,876
134,972
57,449
131,773
85,320
49,38
105,1
56,684
170,35
16,298
21,543
99,47
128,283
92,508
138,916
101,699
181,788
197,31
181,819
144,317
16,922
98,595
135,460
161,87
72,730
42,633
30,713
166,990
34,135
109,279
105,691
95,806
108,200
17,705
98,687
63,690
188,63
60,166
37,515
153,29
51,568
144,132
68,1
169,96
89,448
195,590
56,193
176,148
189,52
23,898
135,41
103,349
61,618
2,228
31,193
124,220
7,758
65,947
25,658
54,114
29,696
130,940
91,935
8,97
126,574
92,298
77,40
73,798
121,268
129,655
81,54
75,128
96,531
115,937
71,632
55,283
157,393
197,926
38,867
114,775
139,744
141,248
128,835
163,733
117,436
148,78
120,340
141,891
163,734
39,77
175,391
83,246
15,882
53,185
88,862
62,723
88,567
16,163
170,566
72,737
159,722
166,919
156,384
92,660
30,534
73,776
174,953
195,25
199,694
188,123
114,940
141,789
117,297
139,993
139,5
53,328
200,760
18,761
145,286
50,554
11,421
26,311
106,197
150,321
11,148
56,981
56,748
14,976
8,918
16,523
198,323
16,829
156,464
5,353
22,258
31,700
70,251
121,451
114,514
3,442
149,500
196,349
161,949
193,940
164,879
79,944
77,102
27,55
189,281
52,93
137,726
197,697
3,340
99,245
48,755
186,411
11,227
132,441
61,645
135,468
86,562
91,494
169,440
41,202
92,233
133,213
17,808
124,376
60,808
35,323
48,49
23,857
197,288
73,948
124,438
41,727
176,713
95,162
140,729
130,740
68,421
180,918
55,254
195,747
179,782
20,463
198,199
9,473
181,381
29,872
138,273
187,7
70,344
167,368
79,261
58,760
25,908
67,404
173,666
171,522
163,517
132,313
186,209
7,385
12,797
5,670
136,617
160,204
125,261
7,885
3,129
158,334
54,289
119,334
104,732
125,261
152,424
144,595
72,74
53,878
151,99
195,679
134,526
146,603
86,995
107,765
113,362
76,932
23,660
40,753
132,543
113,162
11,26
146,728
6,825
45,991
131,947
94,625
97,913
11,246
58,426
185,759
28,381
122,373
154,764
116,903
38,378
149,725
46,333
105,970
65,369
179,455
144,284
101,790
151,338
30,95
198,113
42,423
19,224
155,344
69,894
46,176
195,344
155,91
111,768
199,505
112,943
18,542
100,531
81,174
148,117
91,303
98,210
61,26
196,542
187,965
150,745
195,737
2,739
57,760
133,111
184,439
27,916
123,713
167,650
55,595
33,950
69,212
18,59
103,326
151,910
173,89
194,725
168,423
42,405
84,969
179,975
76,558
13,380
127,758
148,301
90,871
62,345
20,547
121,526
85,532
198,954
123,268
104,673
134,941
53,450
144,993
54,959
161,200
115,816
99,471
64,923
121,171
5,536
196,84
45,140
7,721
28,113
51,355
79,860
119,451
170,888
18,991
62,167
62,741
78,33
54,490
97,133
38,683
49,69
26,660
94,173
173,564
183,965
64,899
16,209
46,382
187,73
25,667
166,758
17,571
83,314
121,120
103,210
36,288
19,327
38,895
105,897
74,407
38,994
186,503
178,344
192,368
153,337
73,266
196,68
180,35
40,203
111,675
24,910
68,98
43,232
176,197
49,433
156,956
22,454
82,654
70,221
98,450
137,733
130,748
1,96
122,87
105,571
75,676
37,30
113,305
34,103
196,95
136,672
121,472
77,898
52,46
186,476
82,439
173,479
161,66
123,524
145,306
120,609
187,174
118,634
13,785
124,333
139,943
116,767
154,40
113,845
10,703
127,409
19,635
171,286
174,760
122,438
130,710
14,206
174,277
35,755
76,729
29,334
110,768
180,810
182,896
81,406
145,543
3,52
23,978
107,268
191,799
27,776
168,368
100,648
82,384
163,664
55,881
183,240
154,566
31,813
37,603
12,73
193,61
116,868
145,643
106,665
116,905
49,39
12,645
190,936
56,624
120,42
68,723
73,449
197,413
189,629
30,819
20,28
179,869
154,886
173,548
173,738
97,19
168,418
122,891
147,209
56,778
106,954
118,571
93,57
5,125
72,356
166,396
191,36
66,791
74,934
92,323
11,40
65,956
53,513
132,516
139,903
168,742
22,629
117,262
168,266
9,458
23,639
97,606
42,313
83,337
172,147
8,22
120,657
175,7
28,607
14,444
1,767
186,422
179,587
165,266
28,89
194,299
200,48
159,109
134,645
85,6
102,194
35,69
40,488
11,294
160,57
58,99
81,867
92,930
31,851
116,113
57,482
137,963
152,919
142,814
74,273
87,426
155,371
103,663
67,667
159,706
89,429
70,291
135,532
125,318
89,478
190,965
158,816
10,978
185,913
144,74
162,176
124,279
67,485
184,121
199,643
114,700
33,921
1,990
197,581
132,642
151,177
43,281
178,521
180,103
99,553
4,960
71,172
48,661
67,239
56,95
6,811
118,884
50,968
67,683
138,693
64,969
18,358
191,976
97,697
35,937
145,763
21,627
95,189
44,226
22,715
145,933
104,508
34,823
131,583
149,905
146,66
130,38
164,522
139,650
186,319
56,63
157,886
100,168
107,229
15,460
168,597
200,368
182,409
12,465
158,196
113,102
9,951
90,808
121,667
190,418
82,59
173,511
31,799
84,374
124,428
190,836
77,199
18,219
86,870
75,792
89,443
20,567
92,719
41,965
130,663
80,577
173,632
171,370
107,54
89,371
175,50
183,982
108,289
103,606
43,686
148,962
19,843
31,303
67,702
175,587
13,624
155,340
23,585
116,856
132,573
185,740
168,685
21,442
173,653
169,471
71,385
7,692
128,902
73,989
88,317
82,491
1,564
47,457
37,149
197,217
149,214
164,930
166,745
101,661
55,565
5,507
28,720
22,101
31,636
57,282
181,249
122,689
74,471
171,383
167,193
56,196
78,86
99,621
9,84
89,309
151,371
135,991
179,895
159,958
143,820
64,250
64,624
163,152
93,328
51,338
157,590
192,400
133,64
154,18
25,308
6,742
67,446
158,365
19,480
10,342
67,242
159,220
62,369
142,174
190,874
96,50
135,903
147,591
3,941
45,241
78,99
72,33
58,972
45,379
81,785
131,367
117,579
43,156
77,398
41,520
110,596
84,392
18,202
141,258
166,850
73,156
144,425
160,660
81,883
42,248
169,79
139,746
120,681
88,468
2,474
161,362
111,186
40,678
71,402
4,961
135,484
88,374
109,417
163,501
129,9
68,252
102,760
182,878
5,918
33,745
146,701
165,678
6,796
41,614
62,785
110,356
130,844
196,321
113,407
95,906
168,515
174,674
133,338
194,181
146,821
118,875
157,13
82,779
118,232
55,254
31,703
158,577
162,814
59,509
178,727
2,904
98,705
21,818
79,528
79,701
42,300
163,691
3,923
24,942
63,958
97,607
182,479
196,262
184,27
142,603
167,411
63,529
180,416
70,622
43,115
61,753
18,575
173,795
186,957
1,51
136,184
76,19
43,373
182,640
151,253
182,89
168,144
147,672
164,357
196,702
44,623
53,648
167,629
158,253
193,499
3,994
44,917
192,568
154,610
18,519
136,336
94,919
178,998
10,919
160,866
140,96
62,571
98,855
112,952
91,725
194,334
68,918
68,657
12,218
139,608
179,96
54,882
100,511
162,767
6,454
180,19
5,644
186,704
158,498
120,28
92,488
194,522
198,585
119,450
135,373
107,393
5,524
127,997
169,609
61,317
169,953
41,495
125,400
21,703
38,814
164,246
159,391
94,854
79,31
174,483
180,856
156,880
162,25
44,95
134,893
99,885
114,243
182,721
170,810
187,2
54,915
194,752
114,425
37,779
143,816
67,878
184,607
142,301
34,830
118,647
13,105
76,671
25,703
154,694
162,376
64,850
121,837
126,91
106,163
10,867
13,515
85,389
49,16
51,225
66,217
43,471
49,647
109,430
146,903
112,978
96,506
93,135
126,848
45,127
177,639
141,623
91,645
141,347
147,934
108,606
175,172
115,768
142,850
141,142
196,466
93,427
100,822
6,494
1,792
102,340
191,764
178,962
15,904
102,338
74,121
149,255
102,646
78,755
108,784
15,396
140,380
91,790
171,722
13,381
34,219
192,794
119,421
59,320
128,816
185,801
92,70
73,59
127,475
70,126
92,620
126,993
23,143
154,763
60,517
143,430
108,290
115,956
8,372
78,175
173,672
94,813
67,614
77,632
13,197
146,630
200,600
85,554
86,710
7,621
14,147
200,611
14,111
5,111
146,942
31,131
85,930
186,148
192,387
130,580
152,97
58,288
176,569
170,258
71,422
3,627
164,866
181,140
80,807
21,612
157,86
102,762
83,403
151,333
145,394
160,22
105,707
55,88
42,880
199,218
69,5
28,131
120,433
85,642
90,779
199,527
167,340
64,536
13,874
63,190
130,865
22,660
154,325
119,659
23,168
97,798
101,339
119,83
78,83
5,595
99,104
4,860
73,27
96,709
132,520
20,998
65,997
65,668
23,274
190,317
51,691
104,496
95,705
4,929
178,308
12,888
33,630
79,194
56,656
94,7
143,846
150,623
140,247
151,148
141,470
111,590
4,124
183,600
193,630
80,679
169,904
108,260
90,189
53,698
181,544
2,645
177,929
194,480
43,593
106,511
152,121
191,179
31,646
32,146
40,816
189,746
58,89
120,152
17,834
125,543
86,452
98,32
3,749
115,932
68,746
17,215
160,663
171,750
92,251
114,26
149,247
149,337
39,782
14,23
59,158
172,991
179,779
83,477
199,264
18,41
120,537
161,541
4,919
22,291
155,241
161,183
145,194
88,328
187,964
124,173
134,246
134,973
75,2
25,402
130,460
77,820
3,576
74,254
36,351
17,573
66,760
200,942
37,602
181,961
106,107
132,20
54,930
41,713
73,459
108,242
39,950
158,919
90,973
136,713
16,127
92,188
32,768
56,600
186,56
121,657
136,68
198,539
66,781
141,88
36,152
141,157
174,298
65,902
106,515
99,394
134,732
149,565
190,271
142,351
37,232
16,237
81,557
3,81
126,659
49,116
194,640
141,162
33,632
8,326
41,109
131,28
31,466
80,766
11,246
116,123
177,586
68,800
121,240
118,506
57,204
56,832
193,351
153,479
100,945
1,437
95,910
174,949
73,940
23,943
166,702
83,309
120,777
169,101
194,589
163,610
74,884
4,966
174,734
68,167
200,437
124,514
134,831
90,522
77,246
80,76
46,389
43,98
26,888
139,327
34,714
36,516
25,368
12,831
37,138
148,184
43,320
87,103
91,752
85,362
169,23
171,679
187,692
55,155
154,688
113,913
177,360
181,251
142,532
36,110
163,56
84,424
188,162
102,513
121,668
8,785
144,759
11,12
24,804
111,471
157,544
54,989
24,257
66,157
148,224
54,469
172,318
135,760
38,496
54,658
21,163
85,960
171,386
102,952
9,719
9,181
31,381
146,301
9,577
113,322
186,900
30,995
58,399
136,405
89,897
199,165
1,778
111,131
23,183
39,642
58,52
43,555
1,369
123,395
71,844
121,538
113,987
27,213
31,447
187,518
82,483
130,221
87,603
175,762
21,470
74,797
121,79
81,164
162,168
58,892
33,407
81,353
95,997
95,764
64,49
157,899
141,776
118,84
183,903
13,765
178,788
60,613
148,120
167,623
119,4
126,787
152,4
156,567
127,16
142,235
181,722
185,55
147,767
10,153
156,715
126,989
27,599
196,207
121,266
35,570
1,909
117,722
101,396
80,784
53,884
1,679
78,49
116,879
20,42
78,403
170,591
137,443
45,557
112,730
13,728
151,426
84,199
96,53
149,883
124,803
99,221
68,288
57,810
84,399
87,667
125,991
23,979
42,504
190,157
160,40
75,236
118,375
102,715
86,855
126,345
97,317
171,121
151,470
191,537
143,145
188,105
73,736
195,46
173,103
41,261
153,517
118,644
65,19
41,86
28,419
178,850
144,876
93,397
157,515
79,241
81,347
19,751
194,212
194,366
122,577
7,386
136,163
163,517
78,376
39,892
182,162
3,346
46,365
79,994
32,256
88,824
127,143
49,362
153,839
56,636
142,300
196,109
171,801
9,901
111,425
151,641
66,280
165,552
69,24
99,125
127,406
82,888
12,219
135,167
77,392
129,607
81,223
122,721
27,476
162,800
121,453
165,282
99,949
114,976
141,669
135,439
166,26
169,991
50,111
106,190
126,800
48,604
131,951
178,529
63,171
159,920
156,311
128,372
55,606
89,200
22,806
179,989
99,991
102,322
47,985
59,432
44,456
192,365
152,259
131,794
185,478
129,224
144,981
53,170
183,572
150,432
185,775
179,816
163,899
43,920
5,28
199,34
86,412
47,668
179,345
22,479
122,308
123,170
181,554
60,605
109,52
128,571
159,377
134,735
183,389
176,668
28,277
186,958
52,982
16,420
25,341
23,278
11,681
19,859
2,877
115,646
35,84
32,144
161,959
164,408
49,988
19,891
124,117
140,721
109,238
12,479
65,379
36,648
171,658
121,358
120,305
131,426
102,548
81,216
62,761
53,486
55,154
105,600
173,222
21,675
190,781
38,685
19,240
136,53
136,443
38,517
140,408
149,54
129,8
35,119
166,431
200,250
92,596
167,815
5,447
120,729
186,675
198,58
49,669
2,690
198,106
192,527
80,815
98,312
30,884
195,530
126,980
100,883
161,748
175,582
188,32
54,567
149,731
33,278
31,664
38,140
94,277
136,948
195,428
182,731
101,286
86,637
137,88
62,885
94,269
66,333
22,590
64,977
148,817
200,690
128,19
10,580
30,969
59,470
152,991
20,731
157,969
199,844
74,335
185,238
43,106
29,894
133,580
23,338
181,595
128,804
11,510
184,336
7,272
174,681
99,545
187,404
89,466
178,163
194,69
197,803
6,997
156,872
131,333
78,769
157,489
11,558
39,265
13,504
13,670
79,814
15,743
85,110
68,938
29,117
85,550
59,595
163,458
64,123
51,635
97,57
200,912
15,141
116,824
182,529
36,486
70,42
46,90
146,117
64,748
79,907
116,363
196,561
58,100
110,113
78,27
88,266
24,132
106,811
53,766
95,726
103,835
9,29
19,403
186,5
25,22
119,722
117,304
167,206
188,401
67,79
115,581
40,408
5,563
95,838
67,515
80,254
84,504
129,954
144,828
93,587
13,550
116,841
79,465
134,81
56,53
189,127
67,32
25,227
33,179
146,556
34,280
52,274
170,956
95,770
59,86
130,688
103,541
36,820
19,897
48,555
43,379
51,971
52,150
171,602
129,166
132,770
77,491
119,865
145,353
162,647
114,259
94,436
196,277
31,142
32,397
37,757
16,832
148,374
84,438
21,812
150,392
3,652
29,228
69,616
118,86
138,315
135,913
97,719
133,958
87,33
66,599
7,843
109,266
189,451
89,519
55,720
189,874
192,257
41,589
158,754
76,962
156,362
113,256
26,439
23,528
188,529
156,256
179,917
148,91
52,405
53,833
186,518
151,160
100,810
28,31
80,372
59,90
88,629
144,493
56,279
58,541
103,546
130,600
71,241
75,393
90,911
1,706
172,209
62,254
106,101
182,968
196,101
60,608
96,428
15,842
16,262
127,188
54,304
139,197
53,512
1,661
179,735
172,607
54,629
129,414
113,367
55,757
89,870
167,825
136,678
32,842
114,69
3,272
102,972
3,504
158,438
97,245
43,841
191,582
11,668
76,608
170,23
185,295
125,849
89,683
35,163
25,494
48,347
159,798
59,63
159,206
122,67
79,373
12,608
38,573
77,924
155,122
104,65
198,342
113,413
179,51
136,479
45,929
56,728
54,965
172,543
170,866
78,903
23,361
16,542
173,470
56,481
175,648
170,70
173,749
161,702
25,360
131,597
159,840
146,197
6,88
104,427
38,35
124,831
185,975
59,14
141,855
199,896
4,134
30,828
40,963
113,279
154,467
93,426
2,950
39,920
26,713
46,848
156,960
73,789
124,170
33,909
80,69
87,683
41,262
70,882
104,327
142,677
200,213
80,263
26,7
38,53
160,443
93,391
81,571
57,196
118,201
117,758
153,207
80,385
72,202
68,963
160,716
11,793
161,832
22,833
58,251
59,532
148,649
188,145
93,750
123,160
45,700
119,233
38,561
139,775
195,916
41,982
116,628
176,499
28,606
78,497
161,101
161,118
42,43
57,846
133,575
190,800
5,36
56,986
60,485
197,972
127,65
141,945
110,407
189,222
52,711
94,950
176,818
61,317
29,235
65,516
97,877
13,760
14,56
16,678
123,784
7,465
166,863
156,3
164,226
89,124
54,418
131,993
148,51
130,262
95,593
123,55
6,720
155,9
118,471
165,367
5,264
193,958
11,860
134,645
49,14
160,948
127,477
196,425
82,193
165,510
17,825
89,357
56,720
19,646
125,783
94,844
162,68
66,809
30,748
181,511
50,498
1,409
48,809
103,819
96,465
25,651
200,651
28,921
155,923
150,609
45,946
179,346
51,767
109,833
54,456
3,111
180,41
3,175
91,226
101,738
60,951
132,531
6,385
156,663
136,209
139,27
150,254
13,752
114,940
74,443
12,21
111,50
142,469
51,144
117,408
106,264
117,63
93,327
70,909
49,258
15,195
153,116
19,268
101,400
96,878
100,716
105,933
6,990
62,285
90,950
182,43
141,789
21,891
58,766
7,181
3,727
122,479
125,343
155,134
183,444
187,186
13,778
68,551
122,366
131,861
85,788
23,272
40,418
180,391
75,775
170,718
127,546
1,357
119,417
111,107
16,46
42,283
26,319
38,190
174,595
114,234
48,270
82,374
169,734
66,665
102,868
197,984
199,43
69,613
69,840
118,951
186,922
51,367
158,445
113,941
45,877
117,210
23,641
148,269
57,454
179,223
55,307
78,962
142,659
75,198
149,426
170,795
54,199
25,411
155,627
78,447
32,961
180,7
26,89
18,485
122,129
42,266
140,969
39,23
102,632
159,489
189,760
152,100
47,170
135,331
68,80
84,4
166,64
67,303
57,692
164,210
106,532
1,135
99,918
20,55
174,37
32,858
188,226
95,284
29,752
41,562
56,235
141,448
94,137
6,301
162,57
75,785
176,98
131,70
79,959
134,549
191,839
24,149
181,822
135,183
42,193
47,168
186,889
190,625
80,331
168,486
190,192
40,422
150,945
133,413
174,370
62,250
71,947
20,432
128,903
9,847
100,293
21,765
175,957
43,721
77,805
100,715
161,988
101,611
70,360
101,820
93,328
148,48
193,821
14,382
159,927
117,545
154,512
65,319
181,508
33,248
139,518
68,849
29,872
198,500
39,186
192,588
170,662
189,985
4,108
69,797
133,303
128,338
99,891
32,19
124,114
91,298
15,932
33,608
130,578
188,565
107,704
12,660
188,396
198,792
23,771
32,141
145,261
7,543
152,300
11,88
168,910
153,571
198,959
94,126
162,621
84,390
183,427
128,807
92,702
80,882
120,936
88,356
76,70
59,457
143,61
95,521
76,479
18,78
133,985
193,858
108,323
135,967
58,877
183,967
137,14
95,328
78,322
152,269
83,313
166,656
162,879
84,829
160,960
156,716
195,413
17,310
129,565
108,751
46,54
74,879
94,519
118,343
83,396
172,278
7,608
22,722
172,690
133,901
168,746
61,586
177,134
148,999
65,727
127,78
30,640
119,613
97,218
52,692
20,594
114,202
58,463
46,753
42,710
134,796
174,513
184,659
131,7
1,295
59,319
84,708
129,139
54,463
44,550
116,833
173,717
147,898
83,369
200,91
60,691
183,486
131,729
135,92
151,674
59,916
85,153
57,344
56,786
112,484
57,536
38,526
100,506
90,826
96,765
158,437
30,17
131,384
9,475
46,736
137,104
132,725
16,218
31,610
175,134
146,533
91,460
79,563
95,106
158,716
166,117
115,43
49,507
63,127
102,122
59,769
57,426
166,567
171,639
26,883
26,340
41,559
125,623
22,302
125,504
190,183
68,585
200,150
63,835
193,56
101,456
115,189
85,311
117,845
177,368
192,167
6,114
157,880
77,822
30,176
95,225
68,757
178,735
188,685
68,939
91,454
123,679
55,562
9,505
103,229
180,312
82,36
110,846
179,128
56,856
94,806
131,709
4,838
97,828
123,937
81,188
195,310
45,221
163,580
194,454
191,709
68,358
144,31
1,2
149,629
183,49
49,624
76,84
113,509
112,194
180,852
142,256
28,622
112,785
25,423
8,116
70,792
58,456
138,466
164,210
41,17
73,317
142,462
16,955
196,849
13,581
192,432
67,535
194,544
107,825
120,834
154,904
19,386
175,175
139,682
5,203
13,93
43,554
12,450
80,162
176,278
81,963
45,213
157,231
101,427
110,749
153,555
154,12
77,558
150,651
135,51
158,715
170,439
121,597
7,188
25,992
18,197
189,295
184,632
143,99
163,818
179,705
59,493
74,478
14,380
115,766
127,324
70,862
186,720
196,991
147,122
94,769
158,522
20,749
78,906
109,10
199,253
65,539
170,713
67,54
176,460
88,175
149,805
183,892
182,531
115,27
153,589
90,649
66,509
46,351
142,473
94,359
95,599
79,324
23,507
164,332
180,767
62,319
78,92
195,87
185,180
122,444
38,317
116,441
164,408
190,84
163,775
129,868
111,19
60,647
66,960
112,176
177,389
88,926
71,727
93,956
182,10
78,193
154,681
195,646
57,422
6,202
134,543
131,176
188,883
173,957
37,145
135,568
71,455
31,834
120,363
87,239
117,303
64,451
150,503
59,449
174,175
89,740
122,512
35,37
147,742
138,114
124,464
183,916
146,719
35,285
139,61
77,859
110,375
95,458
160,178
89,793
86,44
75,888
169,727
4,643
154,218
40,434
128,730
11,442
143,833
188,725
186,504
22,363
151,863
2,471
55,883
56,119
56,328
40,749
52,681
74,464
87,587
57,694
77,822
105,587
121,183
107,35
183,533
14,164
32,943
6,223
88,455
69,805
109,860
24,854
74,508
167,814
183,729
146,126
32,727
35,462
122,211
135,964
16,612
132,227
67,135
107,86
138,815
187,540
145,8
36,568
95,335
139,154
31,312
6,708
139,949
114,793
72,176
187,414
125,746
103,63
91,984
104,870
141,366
94,894
72,179
156,858
13,360
50,108
190,202
115,27
151,784
190,988
88,8
30,33
21,994
101,516
71,220
191,469
7,871
132,973
14,342
110,38
130,384
104,896
45,272
21,215
32,143
115,9
36,652
16,302
43,209
103,461
198,422
166,862
99,592
39,305
132,741
166,969
9,812
49,688
14,672
16,94
133,492
185,208
46,560
1,300
122,345
181,286
76,183
119,446
141,155
184,697
5,856
72,401
154,94
29,205
167,598
90,155
105,952
176,70
46,463
128,559
13,205
169,360
39,79
42,960
74,433
135,108
26,239
21,227
134,822
128,557
181,907
200,395
190,58
82,312
52,308
20,988
140,663
177,225
156,648
2,865
179,685
51,187
28,957
129,615
6,708
187,305
174,518
77,355
6,846
169,945
109,599
108,570
60,608
94,990
60,409
34,548
198,785
187,601
76,830
72,629
39,506
118,269
2,994
107,923
186,244
8,608
178,57
117,7
135,91
25,355
189,502
143,497
42,989
152,198
37,1000
170,195
160,99
186,48
66,857
163,530
119,157
109,941
46,496
146,108
167,874
166,753
5,344
27,746
54,397
91,322
122,12
119,961
28,809
184,467
69,721
116,11
6,890
133,792
20,459
14,199
172,132
72,774
157,858
187,832
10,503
107,521
131,166
146,151
143,905
51,197
46,571
86,95
127,934
138,286
175,701
142,516
2,271
81,108
192,878
181,356
81,865
16,413
181,959
127,105
64,984
31,699
1,859
171,390
133,566
191,959
104,899
55,826
77,240
47,838
65,990
37,973
180,569
83,973
51,609
149,865
53,650
11,439
167,16
33,704
7,354
195,940
48,9
5,265
134,193
71,957
126,750
173,893
38,548
186,266
20,780
162,68
142,707
59,85
187,573
155,650
181,745
196,682
116,995
38,985
170,479
152,585
33,895
179,352
110,338
158,705
136,863
140,517
5,581
3,727
63,233
187,6
113,587
81,39
179,632
143,204
177,25
50,431
190,214
39,417
156,527
125,116
20,98
42,815
89,901
184,798
17,787
90,832
2,843
92,240
111,839
10,283
10,562
153,471
121,537
51,433
200,722
97,660
190,69
101,110
151,97
26,515
60,693
91,830
143,621
98,448
133,680
59,459
190,960
75,764
189,560
159,824
33,342
5,8
117,243
103,408
172,492
4,791
87,195
73,389
62,875
150,902
194,329
120,460
49,101
48,912
126,494
167,871
55,759
153,798
6,949
179,615
15,432
116,69
101,8
99,940
80,586
141,449
93,256
125,337
129,412
78,830
145,711
199,358
115,896
166,945
112,582
119,572
9,816
45,514
8,656
98,123
94,263
161,288
161,132
70,985
111,410
14,423
131,342
75,80
15,262
161,279
176,491
98,488
162,116
58,480
80,730
57,685
118,524
45,198
37,533
16,201
77,94
159,719
165,677
200,528
51,463
47,897
196,35
43,902
49,145
14,775
68,292
22,326
199,285
56,475
90,6
181,183
148,355
102,693
155,314
148,75
77,995
42,552
166,849
148,110
189,785
122,241
122,711
32,297
176,515
78,856
120,468
136,649
44,855
167,483
89,156
103,96
91,831
30,444
8,226
67,499
3,940
156,744
182,626
124,171
71,222
139,743
162,423
127,489
185,83
133,54
147,599
134,132
141,11
60,153
157,899
95,500
19,208
53,159
189,28
181,630
44,286
142,652
121,539
32,353
115,598
130,401
156,9
87,779
111,455
70,487
32,999
147,756
61,425
140,628
50,358
173,462
112,99
188,567
170,19
75,580
53,994
46,260
108,383
176,237
78,667
58,559
185,710
118,76
40,633
25,902
35,735
187,211
167,921
120,940
39,635
84,547
81,130
75,491
96,990
196,645
41,705
82,196
198,855
7,719
69,731
176,99
6,156
167,216
162,885
66,384
27,159
94,87
102,552
134,285
8,207
117,336
194,617
196,899
87,928
176,817
193,786
91,397
47,69
72,742
22,783
20,783
129,729
162,26
149,717
134,817
36,163
24,432
1,128
129,251
149,267
72,17
50,362
8,780
146,994
118,436
69,446
167,844
65,198
191,113
33,511
72,148
142,108
182,806
169,827
152,354
54,739
98,563
122,242
185,502
21,612
118,369
139,281
196,149
133,663
123,505
8,879
99,561
59,26
131,584
48,275
20,865
81,593
121,246
189,290
34,544
108,869
200,100
68,579
148,883
45,220
103,702
135,820
97,976
138,283
184,143
133,923
82,345
158,529
79,931
50,305
14,876
20,912
68,668
84,8
187,544
40,465
145,429
29,890
129,505
69,526
89,325
95,654
158,611
25,668
42,679
86,951
48,341
112,684
22,64
61,440
162,968
50,460
5,148
72,491
183,509
68,712
196,964
82,308
157,395
2,518
104,178
172,645
28,862
144,818
26,766
189,987
129,551
105,334
47,163
143,194
177,931
12,494
156,477
193,480
171,294
95,870
168,916
123,265
151,997
160,633
118,436
87,548
60,329
166,415
45,389
63,785
99,849
84,800
104,444
180,869
109,738
51,668
4,728
191,253
125,992
164,664
157,138
122,282
194,762
82,71
176,806
86,809
163,177
185,299
64,130
153,181
182,445
27,398
33,888
190,650
118,427
89,121
44,698
52,556
145,495
147,509
55,490
165,46
60,805
23,840
41,719
77,366
41,798
112,81
112,655
150,446
3,346
132,894
182,575
54,124
77,377
110,119
120,469
57,517
52,849
174,181
192,408
5,198
194,879
60,231
167,946
143,493
183,211
19,983
159,390
38,868
12,661
121,68
29,672
123,696
189,790
147,533
27,356
130,148
169,542
33,330
185,192
198,953
188,402
168,109
30,704
162,436
147,335
122,652
89,130
126,121
135,979
7,270
82,891
65,57
176,57
119,633
179,990
20,569
83,854
87,789
195,889
84,708
60,624
20,276
94,119
194,628
174,874
60,350
51,974
148,621
15,645
200,805
149,519
20,971
110,393
128,949
104,726
114,747
187,837
35,117
72,333
1,626
97,890
134,118
197,142
120,270
20,754
115,864
32,143
4,263
44,981
105,683
46,875
25,231
1,801
19,818
81,778
106,217
63,616
49,911
123,472
55,99
150,842
103,404
61,221
50,937
33,749
150,760
97,864
83,675
152,546
34,733
174,694
150,144
127,556
25,375
135,600
6,546
1,289
196,206
30,828
67,711
59,26
189,556
55,16
73,52
137,942
20,382
118,113
144,800
147,824
13,383
102,612
152,8
51,191
89,322
81,168
27,219
47,7
193,936
114,494
117,456
102,38
117,980
66,694
27,280
87,703
169,12
184,793
69,917
89,388
187,201
3,749
126,917
184,361
23,982
22,579
46,420
143,860
46,380
127,406
34,475
124,267
198,799
108,352
119,83
45,970
24,454
52,693
125,511
92,521
16,241
137,280
116,686
166,792
172,578
143,444
169,358
59,54
182,614
54,59
194,503
95,949
120,325
42,758
48,312
193,235
32,755
37,283
161,130
177,977
166,689
165,938
177,719
150,293
129,329
82,720
37,961
158,384
129,331
12,483
55,890
161,950
55,985
168,529
56,33
63,416
133,852
181,388
75,862
108,349
107,19
62,405
88,240
49,976
117,432
158,525
194,580
51,462
116,976
17,912
41,289
100,352
155,288
122,842
16,898
200,124
170,825
188,360
185,150
12,125
116,419
180,692
125,894
30,694
8,731
104,211
99,402
179,874
35,329
188,610
85,164
97,433
25,380
66,496
45,922
66,231
53,417
46,699
90,216
161,799
200,848
133,375
105,163
1,640
7,596
149,557
165,528
119,144
157,788
110,264
48,873
39,469
166,832
115,133
50,291
195,702
112,898
30,69
112,826
142,867
14,299
52,794
22,654
54,798
152,515
161,164
39,688
188,539
130,258
44,225
80,831
16,685
89,348
93,960
96,292
68,171
119,479
137,579
12,985
179,409
101,198
148,851
37,781
11,91
200,678
13,858
74,586
6,822
102,104
103,625
79,761
200,232
137,683
105,770
188,828
16,607
48,920
176,269
171,969
83,703
79,188
51,880
99,303
187,793
91,466
147,832
65,189
149,821
81,402
93,439
105,655
118,415
56,380
144,355
42,306
145,158
89,557
112,542
76,624
55,747
29,668
99,258
192,119
61,475
192,48
68,614
64,145
67,897
29,697
56,501
180,558
200,64
122,322
115,915
97,127
84,398
60,310
195,62
90,865
112,458
52,780
94,961
28,508
173,586
102,543
167,95
180,39
146,311
111,260
88,435
77,961
111,789
143,461
155,216
137,480
107,320
158,157
154,379
156,618
135,381
90,252
72,216
60,9
161,359
110,412
18,764
25,414
112,139
98,18
131,242
36,954
50,594
181,689
183,126
131,938
41,456
171,724
194,145
179,761
19,801
42,556
10,801
97,282
135,359
34,295
110,636
78,398
134,673
189,854
167,24
129,737
160,239
93,529
18,810
12,487
80,231
3,740
13,212
21,255
92,21
47,388
87,956
31,999
146,452
10,104
41,109
73,849
186,584
172,52
33,810
196,499
17,636
145,765
93,900
108,527
198,915
67,10
47,142
37,503
180,382
48,864
121,487
178,711
114,950
177,513
176,538
195,838
83,407
117,896
191,514
61,62
169,179
195,420
87,106
142,907
169,954
55,928
57,475
105,487
162,934
131,23
137,31
47,938
64,593
173,805
163,26
74,471
57,875
65,720
189,488
55,247
162,424
65,686
51,555
167,668
47,386
89,951
56,177
28,670
18,306
52,482
6,528
164,952
104,308
85,690
194,816
22,436
154,638
126,751
96,322
120,815
57,89
71,260
172,409
197,207
191,429
32,425
49,191
124,472
181,877
19,408
23,795
158,720
142,795
168,965
45,120
156,467
187,682
86,711
108,159
28,884
101,102
87,313
144,455
109,522
113,623
11,196
3,469
78,740
17,683
60,683
50,984
5,70
99,744
105,813
22,478
135,205
119,329
182,264
7,579
124,351
48,596
41,637
191,565
88,195
125,132
97,624
106,979
65,449
16,140
187,454
4,140
182,718
145,451
122,669
2,879
60,469
126,24
127,855
194,791
158,672
181,795
31,877
68,613
169,547
193,893
30,703
143,485
113,945
151,673
31,134
108,672
174,658
90,734
153,342
53,76
28,275
65,425
32,197
44,865
104,50
153,250
89,942
114,604
60,80
16,459
98,298
137,615
76,418
45,703
24,97
192,810
12,279
140,669
19,753
195,786
88,332
174,547
65,383
89,340
100,161
28,900
44,166
44,52
39,960
61,517
178,841
104,508
76,624
181,218
171,650
182,972
120,405
164,286
80,875
196,87
153,826
83,784
93,934
127,299
66,135
104,101
161,934
60,883
10,440
147,216
192,457
63,659
33,470
3,240
56,239
133,509
142,836
199,218
92,978
37,744
33,461
113,972
80,260
151,49
102,951
62,125
132,919
73,398
77,657
192,305
118,530
192,62
173,249
72,147
164,960
141,24
99,824
68,418
143,501
29,436
173,443
178,714
5,912
52,463
37,651
19,296
150,521
177,286
190,534
14,425
195,528
28,638
118,184
17,132
155,445
124,560
163,377
113,686
197,110
75,721
19,726
137,343
112,71
31,113
83,690
109,85
197,787
64,130
66,284
102,815
198,70
104,296
180,25
141,658
171,669
104,276
154,904
22,706
17,335
128,876
142,122
123,269
181,441
12,240
77,785
9,201
121,545
30,826
71,979
54,706
97,842
103,36
34,793
26,746
171,386
77,322
77,563
68,790
79,188
158,635
188,819
191,181
192,889
162,695
112,72
73,698
96,483
187,340
189,332
173,643
104,455
186,343
119,5
51,81
92,515
55,164
25,385
35,757
7,687
78,843
182,759
173,923
52,478
47,922
119,652
92,417
106,989
150,92
110,536
82,838
20,436
173,682
25,258
133,180
141,824
100,500
129,143
128,266
189,592
110,566
125,206
78,825
112,170
73,348
83,880
81,329
32,265
142,306
70,870
122,140
60,619
188,989
187,137
149,625
149,901
127,602
153,518
3,498
21,379
179,386
23,216
139,642
155,441
129,77
63,386
174,288
171,351
114,299
101,672
80,575
118,300
127,525
157,483
8,568
66,627
125,655
197,228
105,873
170,786
71,817
177,179
14,970
127,604
58,165
121,487
100,62
67,476
17,628
51,798
37,121
131,30
30,541
81,249
86,453
108,102
78,763
130,47
62,317
169,3
79,995
143,733
91,133
81,965
187,407
37,752
120,197
52,320
101,249
121,893
93,646
23,59
104,471
28,898
24,961
35,917
196,681
154,226
108,532
68,273
130,101
93,814
114,349
14,941
153,786
44,718
74,638
24,886
111,311
106,549
44,885
173,548
141,514
43,605
106,795
26,201
197,964
18,428
31,262
97,750
149,295
81,407
60,950
2,321
47,74
127,732
57,819
64,155
52,890
11,302
128,682
60,36
47,236
75,835
189,868
160,30
106,734
129,379
50,891
35,185
76,177
103,757
54,766
47,152
26,209
100,469
15,282
163,861
40,263
53,314
170,974
162,208
149,892
68,759
141,504
142,614
3,342
45,71
28,487
123,708
40,548
150,519
80,774
190,599
83,60
81,841
127,535
28,272
91,558
67,900
126,641
156,553
98,838
45,20
45,826
14,699
184,105
121,977
24,836
172,17
176,41
115,795
58,855
39,322
167,927
181,495
96,123
69,961
68,804
115,843
139,169
22,14
145,847
58,326
53,433
155,1
7,590
156,402
32,758
12,492
46,619
144,621
138,382
135,294
19,211
12,832
159,869
34,922
193,315
119,372
150,830
180,352
3,766
141,472
173,482
5,383
78,822
58,768
36,99
99,485
198,641
115,657
130,903
198,748
148,253
23,722
191,355
177,924
62,151
157,670
91,446
135,963
88,860
94,185
130,525
30,945
18,479
64,867
101,82
80,720
21,248
116,788
181,960
122,974
6,246
123,934
126,21
121,715
144,945
76,417
70,335
92,972
157,490
1,547
174,292
62,395
74,425
199,935
137,986
129,483
59,921
26,348
14,135
169,333
110,28
9,856
133,590
104,30
114,656
65,637
118,380
183,202
34,159
188,766
144,182
56,376
130,705
188,688
4,569
9,366
47,225
34,984
49,180
174,264
61,299
179,19
92,854
107,548
132,280
109,879
109,224
172,859
74,764
14,12
109,27
112,631
173,418
129,398
129,746
41,922
139,899
199,330
10,706
9,44
187,253
15,614
182,802
7,764
192,20
66,942
87,962
83,345
25,171
6,138
19,781
128,565
162,84
163,621
154,116
132,194
48,144
98,593
7,218
140,667
58,683
103,327
138,441
40,739
165,603
125,560
138,125
2,78
129,878
54,701
190,38
144,30
34,553
117,419
8,774
195,311
9,218
51,921
146,350
21,319
165,224
117,96
152,280
56,680
67,69
127,83
94,899
172,800
149,528
36,74
155,291
46,892
25,521
147,956
99,279
172,318
136,27
149,132
90,806
101,76
95,317
178,401
77,227
100,88
28,256
172,78
68,221
15,145
50,292
45,711
147,642
17,420
3,36
95,897
113,570
45,293
192,525
132,146
191,927
154,855
95,147
2,295
53,251
73,555
159,229
119,450
182,182
127,706
88,564
116,795
166,638
9,416
148,446
56,546
89,479
122,128
137,669
64,927
62,129
93,737
154,517
171,160
128,228
37,423
178,133
65,917
135,138
89,826
21,588
183,285
110,547
149,732
181,366
183,518
138,926
195,966
68,728
146,426
155,627
69,985
130,814
42,397
189,977
163,474
166,48
39,580
17,973
146,663
101,134
70,911
96,961
56,291
22,767
137,680
62,344
39,938
26,668
187,703
172,603
179,126
41,457
182,463
145,723
76,572
41,340
29,608
23,667
117,839
98,30
124,442
40,915
55,443
184,768
106,582
44,489
95,849
100,706
114,916
52,44
68,275
34,880
192,216
158,101
8,276
149,55
126,840
71,442
74,247
58,309
73,648
158,864
54,127
120,206
178,858
139,197
187,604
147,570
157,988
111,114
142,154
114,669
142,157
160,271
72,311
106,730
119,338
171,453
179,578
154,77
60,398
147,128
93,698
74,617
137,997
138,539
21,694
1,707
60,583
130,838
54,623
16,941
10,157
103,514
69,195
195,193
66,470
149,362
138,154
128,540
4,500
36,466
14,766
164,148
79,314
169,296
14,825
23,642
163,938
132,91
60,693
118,917
177,61
101,567
26,595
118,1000
60,969
113,444
60,860
70,360
62,999
167,585
109,123
15,188
171,262
17,531
86,969
29,66
21,185
196,661
195,833
189,631
64,250
153,809
197,296
61,992
172,283
114,685
53,372
163,119
34,475
109,826
200,39
150,254
142,253
171,423
169,230
33,230
144,462
129,583
163,245
73,830
69,80
149,544
186,472
57,595
161,351
131,110
73,192
82,869
65,905
48,507
32,772
64,545
61,489
40,562
180,265
69,253
110,872
91,55
151,757
200,746
143,54
26,754
77,465
156,796
22,772
156,655
164,829
158,507
46,103
139,629
178,676
83,374
169,148
200,840
83,533
131,483
99,763
146,571
1,227
108,49
194,328
25,927
107,784
10,532
146,387
92,864
124,280
149,248
77,801
12,483
163,101
168,741
166,537
39,246
124,164
121,385
28,581
97,774
187,383
81,181
181,695
148,526
133,115
180,195
106,789
136,664
136,253
3,189
149,664
92,623
117,292
111,724
4,321
98,261
46,702
157,311
180,583
149,571
7,111
192,276
4,785
188,292
164,33
49,32
52,820
102,129
92,313
30,676
82,186
17,240
92,860
136,28
176,69
23,130
168,657
10,81
176,680
111,82
145,230
40,404
145,65
146,132
41,714
104,559
49,487
34,931
68,821
86,616
199,993
122,835
190,685
133,579
176,372
97,954
134,645
22,167
11,515
66,270
99,881
68,285
94,734
175,526
103,214
119,249
55,388
28,501
72,214
120,858
96,665
78,447
67,3
176,560
15,897
25,88
42,723
3,91
41,810
65,164
108,167
55,952
52,550
148,654
22,295
171,643
10,625
7,403
21,250
159,33
16,144
30,222
121,921
92,238
151,85
9,36
182,848
157,707
141,315
62,542
101,604
76,966
49,441
33,569
197,674
190,68
163,949
24,864
108,45
67,576
16,908
61,785
152,87
185,761
101,832
193,333
132,370
140,71
30,581
167,567
90,516
54,452
98,270
73,557
96,724
75,832
193,862
43,708
187,512
45,221
29,304
110,479
20,440
43,833
146,212
67,850
73,786
122,326
150,27
19,473
25,296
137,209
37,432
95,394
136,2
61,956
192,76
193,632
148,462
73,557
109,666
168,850
34,47
63,655
33,436
111,31
53,647
129,205
168,101
194,666
41,371
92,304
200,973
66,654
105,234
58,848
41,786
188,824
96,231
77,629
52,787
187,83
79,60
129,175
181,170
60,9
174,397
195,687
124,705
177,936
176,567
58,720
75,669
159,482
173,526
89,70
169,267
143,265
88,474
116,847
60,50
168,399
139,891
122,109
38,453
135,261
28,904
109,537
84,621
53,127
6,487
114,475
176,835
97,400
156,993
128,980
19,861
132,747
16,483
81,830
177,297
4,776
143,155
164,718
131,714
16,329
3,26
74,951
32,784
58,128
15,223
88,966
111,287
156,386
43,731
82,733
153,700
18,464
131,53
188,950
188,228
180,607
193,927
12,302
135,477
7,196
166,841
179,886
74,333
173,119
130,5
21,76
103,308
65,633
72,566
131,421
28,553
42,916
118,857
171,800
72,557
45,140
98,588
74,696
137,493
179,430
119,649
121,718
4,152
153,136
158,964
187,964
143,710
151,377
142,700
38,327
173,398
19,538
41,902
33,977
187,236
33,781
56,834
74,436
66,195
68,815
47,357
115,746
198,703
123,100
54,573
66,591
70,995
165,25
47,876
146,890
152,428
76,568
45,147
107,679
11,353
110,366
197,387
35,518
11,570
61,498
174,123
49,943
65,145
6,848
83,452
194,464
193,661
190,448
28,397
48,699
177,254
75,413
62,384
61,667
111,964
19,366
152,306
150,608
131,562
27,229
178,865
26,818
153,674
38,215
105,367
94,29
7,722
34,75
35,539
114,365
49,698
181,261
71,358
185,389
117,255
177,737
33,481
200,525
76,615
88,371
134,491
5,410
22,377
14,983
53,605
152,287
124,991
121,141
104,640
200,267
111,668
125,331
11,543
154,616
107,852
2,385
194,321
176,106
81,136
67,48
106,499
61,980
160,391
149,868
179,333
106,296
3,328
75,975
160,588
195,735
124,860
130,937
115,211
191,943
148,570
132,832
144,10
166,969
63,178
193,369
110,998
78,649
115,79
34,564
167,733
146,770
48,632
162,114
126,371
127,731
172,84
165,845
83,747
60,174
58,1
199,454
41,361
21,420
26,892
194,554
51,867
136,72
128,757
65,870
52,575
128,237
69,213
77,524
174,624
127,473
117,101
149,296
121,424
12,524
142,26
92,927
6,941
162,322
142,150
46,891
131,591
162,341
141,324
39,262
195,820
39,235
30,514
63,576
3,845
83,659
31,35
140,72
82,880
7,169
191,93
94,682
52,254
171,612
107,198
148,308
64,541
98,874
142,633
22,125
137,347
38,499
168,1
59,248
60,939
159,801
120,480
3,559
78,259
180,800
126,75
77,64
168,331
34,192
23,89
50,335
75,750
59,260
52,588
181,483
36,653
74,892
79,840
57,578
175,176
47,902
200,545
164,421
42,838
107,497
76,704
112,222
52,874
35,471
148,758
132,461
171,360
10,698
196,443
160,545
152,16
168,162
34,843
123,708
112,989
93,828
191,212
53,612
25,285
197,843
167,648
39,586
162,658
109,754
82,215
113,712
67,212
86,987
33,269
39,702
82,739
77,730
119,93
170,28
175,585
199,424
136,807
176,491
133,450
135,945
19,800
13,393
77,435
141,444
19,8
126,972
90,139
109,246
144,8
172,173
198,764
186,194
28,490
51,418
5,982
1,729
47,838
138,786
100,921
27,898
11,852
58,428
75,172
89,803
137,891
191,569
21,271
27,735
172,88
100,492
75,844
161,670
172,709
135,188
156,71
98,487
161,124
178,116
43,552
135,558
5,944
110,775
196,993
37,855
171,671
120,814
35,326
128,889
15,38
8,256
66,637
55,714
60,816
3,159
132,644
112,361
133,712
1,630
80,602
131,348
27,755
150,534
115,387
1,697
66,511
167,945
199,971
23,685
77,271
118,932
3,954
186,39
117,477
130,432
177,946
183,460
19,187
7,683
104,17
155,365
192,257
83,666
171,28
118,295
30,580
54,636
197,662
128,59
187,653
20,49
146,446
197,61
66,378
85,54
97,579
106,324
38,802
105,403
27,826
199,811
96,48
101,983
131,164
42,170
190,583
148,524
95,25
115,438
86,573
64,362
141,89
77,860
107,291
79,614
166,729
20,518
71,831
145,978
35,722
200,168
105,19
18,80
195,266
88,984
166,873
48,107
13,391
122,658
85,244
101,769
80,772
182,713
198,521
93,141
170,286
58,171
168,680
97,549
121,571
62,835
17,920
36,649
107,885
39,654
6,170
137,841
1,982
101,215
38,316
130,988
18,83
12,582
40,280
165,316
82,985
162,970
156,495
159,745
74,428
1,108
67,292
87,166
56,242
1,859
70,533
147,175
148,223
99,495
111,241
79,737
191,830
26,14
120,382
56,106
61,572
134,44
182,848
194,592
16,331
148,557
163,625
142,121
138,609
110,489
95,102
70,522
22,649
164,991
96,22
123,588
158,388
40,219
74,450
71,279
88,432
162,311
65,555
9,866
143,231
198,604
76,52
25,408
118,323
127,97
183,355
103,201
119,102
166,74
191,489
27,280
79,376
38,256
43,198
53,360
123,341
155,369
93,504
148,456
106,908
8,335
31,299
125,43
21,672
45,944
111,833
27,717
82,743
108,862
147,175
61,242
81,577
39,81
105,777
26,984
53,22
87,621
108,503
151,952
130,746
116,405
125,54
8,109
129,717
61,590
88,791
79,610
30,192
193,75
39,568
8,946
119,362
133,305
119,476
170,863
88,880
48,596
163,873
50,518
70,931
107,490
117,787
108,714
102,743
135,784
162,411
129,943
139,365
111,718
1,171
182,903
141,985
67,953
120,636
191,908
188,426
65,822
2,756
67,808
177,420
195,298
50,312
18,253
86,597
22,646
108,701
80,812
15,296
141,122
93,73
196,567
95,762
71,982
183,80
38,402
166,237
168,769
161,654
107,343
64,97
27,276
62,421
101,587
3,522
44,620
154,956
69,433
98,961
81,572
132,624
131,292
104,16
136,927
62,759
175,110
105,242
114,273
117,794
42,666
169,387
87,664
162,100
170,925
113,274
100,762
28,989
72,572
109,857
190,931
15,572
133,872
7,847
44,566
130,687
195,873
150,853
166,710
121,151
117,533
89,621
196,726
125,124
49,808
200,291
156,46
24,820
3,288
28,106
161,36
159,661
57,968
95,622
70,555
118,276
136,340
61,474
51,874
72,505
74,289
189,111
18,206
167,462
147,243
178,417
92,674
73,25
116,273
95,436
62,119
131,178
6,263
103,923
40,40
140,477
148,641
84,668
175,247
122,175
94,870
191,264
166,753
192,512
139,721
72,312
158,262
18,154
29,48
25,212
185,892
193,35
143,553
142,448
179,189
106,359
2,776
120,355
39,763
11,184
20,102
52,345
41,431
133,785
79,554
90,298
35,479
177,250
22,20
95,217
160,252
179,691
134,549
199,518
182,60
170,13
19,860
115,878
111,672
57,927
4,431
33,988
197,643
81,54
117,645
106,236
40,480
154,456
138,21
125,111
29,652
10,582
143,233
41,538
93,707
66,698
106,130
198,345
32,951
58,249
167,808
152,166
183,969
60,497
184,383
120,80
45,457
52,657
71,131
77,929
155,993
193,730
150,951
83,863
112,651
148,323
96,656
150,293
64,286
169,139
172,708
58,559
59,608
125,290
83,480
98,700
153,530
83,426
7,186
124,812
2,420
36,661
132,652
12,309
101,193
133,537
42,749
129,909
113,594
57,857
59,1
46,224
173,621
173,314
198,18
127,960
126,275
185,63
196,474
164,459
150,148
6,66
123,340
167,471
164,134
93,352
67,166
21,887
94,264
82,612
74,788
69,999
30,17
12,452
50,165
98,58
148,825
167,431
49,420
34,771
185,312
108,993
14,669
109,392
91,735
86,159
26,979
84,805
101,672
176,406
110,116
200,144
76,917
97,964
66,108
167,418
97,103
132,220
4,537
27,846
92,57
191,543
121,649
53,336
111,15
110,583
174,33
152,668
194,597
110,445
85,344
191,826
154,620
11,482
99,344
172,314
19,432
54,994
39,402
80,364
146,653
140,975
105,59
7,18
1,553
138,224
86,74
96,727
5,527
4,615
43,923
56,668
165,207
184,946
50,428
188,321
4,620
61,574
124,928
192,360
110,430
3,65
41,210
187,998
146,698
190,505
71,908
123,174
82,927
28,513
25,793
115,418
127,593
47,196
69,877
171,328
12,304
189,965
100,540
77,994
135,703
132,769
152,606
72,737
16,261
189,814
70,961
14,737
82,32
54,39
172,733
112,860
153,440
86,673
14,321
76,353
157,904
141,89
123,73
60,946
179,948
190,670
122,164
191,697
164,576
157,102
148,780
144,878
2,533
108,240
72,257
93,936
29,351
192,945
5,562
170,362
144,664
179,93
93,543
167,587
118,284
183,861
107,887
11,625
120,401
103,112
99,205
192,785
105,887
156,523
37,722
48,474
95,154
62,605
25,470
96,800
87,225
107,155
11,277
170,62
79,548
146,751
138,93
111,793
39,836
154,807
39,638
124,540
159,837
20,533
178,280
158,645
190,152
157,361
110,630
175,669
20,38
189,674
110,447
129,409
22,419
171,75
139,760
184,778
105,462
29,478
93,586
171,593
107,421
5,549
181,974
40,248
42,93
19,502
77,119
173,783
174,635
129,153
157,820
191,16
18,778
162,810
15,523
118,662
191,85
2,933
36,942
30,333
100,890
47,337
72,756
162,149
95,662
73,427
29,456
139,673
105,693
29,443
102,756
51,810
118,511
12,92
41,632
120,197
92,485
53,564
129,593
139,603
140,94
75,461
100,926
162,568
173,401
83,928
177,110
19,229
94,266
35,860
173,262
127,3
147,841
18,967
41,791
124,389
17,455
8,797
68,434
85,80
188,512
34,648
31,955
170,604
11,188
129,685
99,896
30,772
55,562
31,482
161,792
121,420
94,780
135,521
62,303
30,777
132,121
96,242
154,841
51,35
58,691
95,555
55,151
174,221
81,204
67,356
146,40
45,335
74,562
88,319
42,83
35,196
174,160
162,895
129,476
26,3
105,595
176,343
120,651
118,227
152,960
137,344
7,562
17,609
110,554
7,846
78,485
97,377
99,575
168,833
200,84
11,126
111,917
198,40
65,418
70,871
53,500
173,454
99,715
16,470
73,705
19,932
122,883
161,391
51,743
93,768
146,460
93,285
142,459
164,456
23,550
158,556
124,177
126,926
163,560
76,335
40,966
77,565
22,841
195,653
181,798
150,582
126,127
120,936
177,273
62,284
154,433
74,964
146,673
95,949
196,11
123,987
156,458
169,892
154,228
176,299
152,791
34,991
9,343
134,66
16,538
9,390
61,464
189,724
102,122
39,672
9,604
107,641
24,345
78,973
113,891
146,938
26,411
128,183
200,554
90,605
192,547
43,601
159,454
23,204
137,223
34,683
65,261
144,350
6,488
50,328
92,628
177,704
151,937
99,20
4,981
22,15
45,902
60,116
25,866
164,363
40,998
148,746
135,235
51,903
159,875
125,240
162,251
107,161
181,785
86,606
47,435
52,202
12,992
55,257
190,46
115,273
56,257
2,534
123,807
192,182
170,483
61,774
170,794
15,430
47,95
72,440
153,570
135,865
67,248
94,372
90,91
114,258
199,919
15,5
92,250
194,646
113,324
21,260
163,318
154,534
37,400
80,977
50,942
94,665
65,755
158,962
176,50
126,895
154,485
38,344
139,641
165,254
153,908
36,683
91,27
26,103
107,402
90,771
157,337
168,55
114,49
63,552
75,639
171,851
70,407
49,328
68,770
127,408
53,369
183,740
120,874
191,62
15,271
76,372
111,752
117,107
47,791
86,323
61,421
34,337
196,539
164,193
149,741
105,432
163,562
174,31
132,696
155,166
105,595
152,537
29,185
77,13
49,68
162,166
42,304
186,39
109,930
50,510
55,810
195,520
187,848
188,313
26,267
38,745
200,705
112,369
197,531
71,257
84,307
106,820
27,652
108,191
16,104
10,679
111,329
46,77
77,957
159,64
112,209
31,148
159,956
180,925
158,293
1,606
122,896
93,722
13,229
57,438
16,170
52,372
127,742
153,626
175,273
97,215
103,136
57,190
75,480
41,910
19,688
76,766
80,986
117,474
43,930
25,591
186,44
37,836
156,106
56,739
88,894
163,293
190,418
148,460
12,698
198,321
152,516
105,180
64,536
131,789
154,872
162,243
98,508
130,444
101,410
129,146
1,92
150,942
45,825
32,248
83,396
35,439
8,760
91,254
74,538
72,266
2,82
28,627
76,420
2,653
106,838
28,56
114,522
140,583
46,308
57,197
125,356
78,291
50,827
143,566
4,25
48,215
157,925
5,137
129,229
103,386
171,116
37,635
78,60
98,324
107,520
103,24
174,205
179,493
9,951
124,231
177,995
172,409
139,173
121,428
181,5
9,771
150,418
5,339
90,58
139,243
149,915
148,218
75,273
123,973
199,93
76,672
123,591
57,12
100,868
138,436
103,996
16,88
56,725
91,979
132,613
30,2
93,732
169,579
2,680
5,649
56,334
14,441
11,664
52,468
169,484
101,452
177,313
92,565
32,629
29,256
29,361
159,461
35,814
148,33
43,579
2,671
77,296
140,617
29,829
136,907
81,462
115,38
83,130
21,160
140,262
95,466
147,728
198,107
122,201
70,601
67,422
121,721
161,228
155,61
29,651
127,87
175,254
144,851
125,997
90,709
153,272
72,204
25,910
83,596
176,288
24,378
142,354
19,629
194,621
18,690
99,806
37,537
83,499
140,335
143,732
58,8
149,794
122,90
94,712
13,142
181,822
32,438
131,533
173,649
136,565
135,350
147,601
96,350
120,695
68,979
66,446
57,400
132,200
160,827
101,387
5,587
14,253
180,132
125,400
157,776
132,569
68,933
55,955
26,845
162,546
94,941
178,931
178,946
5,253
61,890
122,547
198,863
50,460
1,447
11,999
109,546
71,875
190,778
118,101
172,523
187,682
25,839
121,912
5,761
112,81
76,175
116,145
87,72
13,530
52,956
174,154
9,378
72,313
33,166
134,972
11,974
107,734
63,843
32,276
193,207
114,954
119,94
168,196
50,942
122,530
106,105
19,483
133,348
50,396
5,21
122,652
143,965
60,917
15,207
130,520
16,8
166,708
81,752
86,427
121,584
6,253
143,991
137,14
21,728
35,897
4,770
55,544
108,128
10,898
116,904
92,202
132,82
58,778
73,517
111,943
49,571
189,786
160,883
187,277
126,908
113,342
2,55
32,167
156,520
135,191
15,721
43,579
144,253
147,554
145,807
39,930
19,217
108,847
47,39
167,598
69,565
139,295
24,259
187,337
120,816
41,765
70,744
17,627
127,37
149,199
114,822
114,949
136,92
4,239
152,296
78,663
88,674
115,40
27,611
182,992
194,568
11,515
14,537
140,213
93,496
127,117
92,964
150,212
133,975
134,864
10,573
36,48
48,88
101,445
2,894
178,139
152,499
159,958
183,467
197,608
130,87
20,932
14,989
161,504
194,671
63,637
143,265
171,871
60,86
138,289
148,579
120,327
112,306
149,632
135,838
144,463
59,595
58,712
118,879
106,62
162,406
63,4
10,940
130,738
1,260
90,926
77,950
100,385
162,173
198,904
78,348
171,848
106,699
167,957
165,758
178,920
135,311
81,13
134,380
67,395
150,786
128,305
14,200
137,776
168,775
197,663
90,326
126,1
178,389
45,184
25,357
144,937
62,537
148,376
67,167
62,305
82,46
175,971
14,192
197,81
11,596
129,371
80,805
146,879
102,633
50,608
127,567
107,563
68,962
164,106
122,350
138,315
187,114
75,482
176,606
139,905
125,181
199,808
105,837
185,985
2,281
159,874
160,412
48,194
169,850
34,560
70,588
196,979
107,86
51,801
120,752
136,591
52,904
86,866
117,760
190,211
44,196
41,100
99,1000
73,567
82,764
70,870
193,594
176,24
150,701
160,977
104,174
16,648
114,233
29,661
16,326
170,413
179,449
62,91
25,590
140,241
163,969
84,756
31,645
22,70
180,725
45,324
149,833
150,889
180,958
199,237
15,874
193,163
78,112
167,636
179,344
69,412
97,526
81,85
156,401
94,618
187,432
95,482
74,655
178,35
60,88
167,108
167,147
176,707
183,55
22,219
153,585
188,459
26,877
82,695
137,452
131,106
73,833
149,835
27,749
73,863
45,412
16,353
144,390
34,182
64,44
88,739
88,194
157,648
22,567
118,875
115,505
48,340
91,932
111,903
152,156
168,37
40,187
11,518
41,702
150,48
39,920
139,243
62,587
179,781
133,114
45,255
121,845
59,887
48,564
104,247
76,659
183,738
128,788
167,523
173,536
171,621
20,895
150,749
77,25
35,497
154,394
19,885
79,703
85,867
127,4
162,267
161,916
57,3
20,311
69,537
2,155
115,961
17,4
175,315
106,596
111,254
84,912
200,831
109,382
71,702
120,919
147,284
10,909
72,557
101,650
150,899
7,342
182,598
137,954
81,94
126,61
38,508
57,477
36,551
119,67
197,536
10,146
131,785
177,874
116,316
34,423
54,1
18,117
58,371
56,968
190,513
190,480
5,735
125,691
97,859
108,220
77,344
15,500
167,42
18,341
89,946
135,718
41,712
1,648
41,790
54,216
100,472
187,68
52,176
95,249
102,213
51,267
197,568
54,118
149,332
140,440
163,341
134,369
168,431
35,896
80,613
107,985
55,443
199,962
43,836
121,59
16,490
100,681
160,444
140,875
9,330
195,741
121,670
121,254
55,786
175,957
98,404
129,94
103,259
7,957
124,590
120,91
110,206
35,508
142,809
40,162
125,854
136,184
164,962
126,178
99,667
108,298
149,598
195,894
114,496
185,640
175,405
44,934
7,34
27,259
157,931
81,907
189,612
157,781
103,908
101,995
154,833
145,799
89,378
141,340
135,822
166,140
142,345
183,179
97,15
160,860
90,50
121,931
75,397
16,532
198,774
95,784
103,213
92,868
23,980
87,430
162,401
164,671
15,800
27,840
134,212
125,854
110,153
149,913
194,898
41,526
7,865
91,33
26,795
184,945
137,635
24,327
34,774
196,135
122,656
161,446
97,890
165,103
171,943
34,474
139,180
135,486
197,789
152,965
72,429
155,747
2,807
153,552
62,781
104,448
137,874
127,694
161,789
65,24
195,120
37,224
143,25
40,122
94,556
57,25
134,566
106,893
102,658
10,56
173,460
107,786
94,619
191,683
186,763
10,673
185,78
199,72
113,860
129,860
94,80
90,106
18,212
115,914
53,760
198,362
43,37
18,504
101,165
110,160
106,269
114,88
193,879
119,473
41,569
154,911
194,660
103,676
28,197
160,468
173,443
6,77
76,987
23,99
79,809
86,577
129,943
14,825
85,34
187,642
62,717
123,693
117,899
41,866
13,789
79,434
161,652
1,116
186,69
10,239
139,397
39,357
16,784
2,39
9,942
74,259
52,731
63,827
30,244
60,791
176,335
105,47
33,117
165,742
164,492
42,57
190,213
160,807
193,342
42,263
80,218
53,91
49,364
139,387
115,511
17,95
170,513
14,996
42,18
115,747
61,83
150,301
68,266
44,213
179,586
62,503
146,442
85,822
88,164
82,656
34,650
23,407
109,385
96,27
31,526
116,285
155,476
118,974
28,526
99,835
71,447
186,197
31,411
151,357
109,240
180,90
79,995
129,653
179,551
156,276
163,392
171,269
133,279
76,123
21,280
196,619
31,792
89,35
178,298
17,758
83,812
199,69
2,216
186,971
37,357
113,947
8,272
143,563
132,171
128,903
91,154
81,287
53,827
145,718
117,893
130,877
100,546
154,560
44,79
83,524
66,528
37,440
175,955
113,283
1,756
17,829
169,779
65,498
107,75
75,490
84,655
197,529
137,524
158,890
38,395
3,45
196,128
129,473
54,545
120,362
87,475
170,934
71,121
23,285
165,286
58,484
161,600
24,267
148,900
65,920
46,656
187,668
63,333
182,706
50,265
136,879
131,829
94,959
53,130
38,758
49,302
13,275
193,343
71,147
49,681
116,801
29,463
177,830
19,399
156,103
143,230
158,735
51,479
46,578
59,66
143,106
133,411
112,192
124,672
150,604
127,764
153,469
118,551
150,796
23,82
194,150
57,975
47,504
145,163
192,765
130,578
95,977
14,437
116,319
52,610
85,602
156,794
10,107
172,595
124,515
87,736
133,826
173,623
130,33
53,511
10,116
3,531
189,862
81,46
63,852
166,53
135,207
14,462
89,6
27,374
37,450
55,766
135,557
122,841
159,532
178,578
148,199
171,919
124,261
166,286
175,451
115,822
165,357
193,579
61,836
191,317
7,142
30,104
98,896
179,117
180,806
161,146
82,690
164,659
88,167
175,523
141,289
59,90
128,343
100,721
33,662
190,12
150,836
23,655
48,985
187,285
37,178
62,217
130,331
195,843
168,429
153,268
179,501
36,124
89,238
177,399
175,638
61,520
166,748
22,363
152,212
74,674
137,918
89,457
181,742
90,942
84,954
46,682
13,980
92,857
138,424
185,810
149,841
62,585
164,250
135,836
6,372
89,716
38,288
149,684
110,585
146,577
80,680
123,92
105,795
170,692
26,316
13,750
172,490
195,826
62,816
38,636
194,153
175,647
39,437
121,729
157,497
35,340
85,852
26,551
119,821
114,958
48,930
3,468
102,730
146,515
41,825
100,540
150,400
38,144
104,478
105,631
190,194
53,751
17,777
83,795
67,66
38,301
62,866
60,959
15,300
117,882
60,227
113,283
89,881
63,484
60,251
37,101
166,837
130,620
68,69
176,752
194,673
127,180
128,66
93,926
116,535
131,370
81,551
49,922
143,564
50,162
158,294
12,100
54,475
26,686
66,261
135,670
109,576
33,886
146,535
194,78
143,491
104,1
4,56
33,636
183,798
63,312
134,183
171,736
65,430
65,12
139,890
152,819
125,499
189,767
11,445
102,405
89,697
80,482
10,125
106,401
121,47
171,492
163,6
44,573
23,374
165,961
79,927
16,428
39,921
93,133
17,592
116,411
163,269
118,655
168,992
35,191
175,373
67,105
87,179
155,633
23,638
199,12
22,145
60,604
168,882
110,820
71,326
59,140
197,712
132,19
7,161
62,90
98,450
117,964
58,587
125,368
12,169
196,612
67,227
62,885
14,964
100,96
45,498
111,38
122,44
16,761
128,206
145,855
191,552
77,518
122,102
8,161
173,505
152,683
97,84
27,532
136,11
36,66
185,22
152,674
107,501
183,991
114,510
124,58
95,578
123,808
174,954
118,737
89,732
28,374
178,955
190,850
104,529
71,285
98,119
63,965
189,69
140,778
32,472
11,942
124,905
176,932
99,848
49,77
186,376
93,137
25,60
36,622
156,434
30,464
162,894
47,44
121,468
100,585
97,102
91,879
135,599
84,722
15,133
137,260
129,81
18,678
155,635
157,104
47,851
143,101
158,976
176,388
74,606
195,363
188,265
8,166
94,889
152,203
54,162
4,835
174,845
117,195
111,941
100,800
96,116
120,573
16,991
183,309
25,466
160,552
17,317
13,980
5,895
162,607
22,41
9,826
100,594
31,148
96,866
106,757
90,268
27,566
45,627
28,542
106,252
130,491
56,229
126,805
179,937
127,869
183,152
186,669
102,672
7,355
200,331
56,161
150,27
11,981
138,682
29,650
73,720
47,653
8,414
37,837
124,581
33,51
60,231
31,444
195,135
43,972
188,167
63,553
133,915
154,280
96,251
200,315
78,988
43,860
110,110
126,111
43,380
115,982
123,807
93,647
151,698
113,617
109,733
6,905
126,235
66,392
92,7
45,624
167,489
18,296
20,149
68,183
6,749
187,368
21,767
41,130
70,339
95,414
161,920
32,384
87,952
121,623
37,519
63,641
131,339
153,286
104,637
147,332
176,821
145,202
99,514
190,665
120,367
199,604
5,4
75,541
146,497
59,14
53,619
156,992
2,508
52,383
64,213
3,670
111,817
36,736
12,642
49,414
6,673
158,613
23,323
75,704
45,777
64,409
124,816
138,207
52,583
143,943
142,178
147,474
36,269
48,172
133,785
33,464
46,115
44,961
160,582
31,349
88,918
47,136
136,66
151,174
102,234
103,746
122,74
46,601
187,379
54,886
165,524
80,838
7,2
173,815
78,216
37,540
107,770
172,681
149,979
61,291
92,406
94,505
106,554
161,205
165,604
12,412
174,145
144,60
126,990
170,21
42,639
29,223
30,483
78,261
175,65
5,694
52,984
178,470
124,420
116,975
189,22
81,590
77,6
101,933
74,345
7,822
83,304
181,444
120,641
69,869
27,947
45,342
167,198
8,768
38,580
59,747
32,840
38,987
176,78
7,4
39,839
130,320
74,351
53,359
107,461
6,40
22,32
173,447
135,243
17,712
190,80
145,651
47,794
189,744
91,716
184,455
89,566
191,534
65,625
24,766
20,227
148,681
178,860
19,135
64,409
50,804
12,789
6,801
158,218
177,301
141,225
186,417
178,788
34,283
189,882
37,178
170,855
35,480
7,778
170,282
125,202
153,956
19,847
80,293
169,66
6,158
136,619
131,434
8,3
78,91
44,290
107,54
5,508
14,25
59,896
51,677
162,97
134,440
116,642
7,800
145,786
158,690
140,441
148,692
140,844
192,279
119,941
34,605
104,516
5,988
8,30
79,573
50,364
175,65
196,949
190,603
132,230
51,814
139,322
142,384
186,35
180,297
88,764
4,771
103,716
159,392
50,749
153,389
10,847
110,326
64,482
177,885
178,255
152,539
121,51
32,546
122,706
109,340
169,727
27,462
73,60
30,626
129,860
99,899
81,590
119,37
37,380
6,809
161,359
80,714
189,392
191,833
18,817
82,181
93,788
17,680
122,218
102,411
193,730
197,745
156,481
114,416
181,185
195,681
22,419
75,415
149,395
90,905
163,529
42,995
76,841
98,818
155,600
37,207
188,374
128,524
197,721
145,311
11,435
163,981
127,544
144,490
29,502
106,69
66,2
37,721
198,398
81,572
56,730
16,87
127,941
141,642
73,526
176,550
118,595
178,445
151,453
121,306
199,330
146,487
42,516
123,957
35,3
112,960
140,985
172,11
182,750
54,789
119,495
64,317
167,962
20,932
46,780
102,260
155,967
72,643
24,548
82,475
191,938
142,314
95,349
161,690
197,736
103,576
99,348
126,150
60,637
103,353
19,858
133,535
113,573
62,219
144,366
18,389
5,28
105,587
136,979
58,934
166,232
196,802
181,149
38,172
179,671
137,884
164,251
26,712
105,711
192,587
176,512
96,117
115,103
145,886
24,305
85,547
186,234
194,196
176,326
137,395
19,561
131,631
127,217
171,877
200,777
126,537
164,278
126,425
105,179
178,940
113,370
170,141
26,549
165,536
193,876
170,425
101,510
34,265
185,778
60,497
59,412
7,973
113,577
38,384
127,57
96,611
101,327
160,565
117,716
24,1000
98,101
99,244
125,502
97,206
183,983
167,701
165,720
192,433
22,839
25,571
178,956
47,187
109,790
170,967
161,708
119,361
106,988
133,826
50,706
97,250
152,612
199,783
102,912
62,53
195,858
93,390
99,589
161,908
13,580
163,964
83,816
151,154
169,766
32,340
44,431
99,538
158,25
185,796
136,795
27,819
116,424
136,780
3,916
91,704
62,495
179,59
164,144
30,166
38,242
22,173
47,866
190,321
120,36
146,76
37,641
138,28
160,151
97,715
3,571
79,206
62,257
106,692
96,883
185,194
71,436
193,693
59,912
106,352
8,188
166,398
152,802
66,358
138,579
35,621
130,337
55,525
98,645
116,523
137,373
38,201
33,854
16,196
117,293
145,674
101,525
171,145
65,963
39,131
154,953
175,771
118,512
85,380
62,66
75,392
103,760
152,583
200,799
80,848
26,411
128,448
190,504
142,739
68,218
64,525
7,140
98,171
130,602
48,176
85,99
48,559
174,344
51,858
193,18
49,824
93,630
20,740
200,904
3,770
184,455
151,422
51,596
15,733
25,620
157,189
51,990
94,474
144,639
87,637
163,9
73,200
141,601
186,529
82,442
131,741
21,889
49,536
26,522
49,2
102,500
181,269
21,55
2,209
50,683
148,761
74,997
46,419
31,465
84,9
97,639
130,37
126,332
6,607
102,447
36,223
107,947
8,17
88,352
178,247
66,78
125,205
114,967
192,388
26,845
34,287
108,708
22,201
158,987
121,279
152,649
109,535
177,367
62,212
123,368
181,447
133,696
18,787
49,884
131,654
178,946
195,44
23,311
48,129
163,490
93,546
141,417
3,931
132,454
36,815
8,415
95,407
138,189
147,766
168,675
189,156
165,60
157,345
137,583
78,601
196,708
75,749
134,13
127,207
154,861
47,158
79,836
154,586
58,677
129,267
159,524
28,677
63,743
69,60
61,336
78,993
110,517
70,278
136,501
14,455
93,34
112,531
77,25
3,960
135,922
148,449
52,456
72,943
114,596
32,421
170,535
24,243
89,843
147,272
126,726
19,949
47,657
183,932
73,397
97,896
115,444
33,675
106,699
138,74
82,660
60,846
168,424
138,205
160,314
14,35
92,711
30,162
100,760
104,598
43,471
129,448
191,275
66,787
121,761
153,639
40,965
156,734
19,10
111,712
38,6
98,927
125,666
113,814
185,462
162,934
181,416
146,641
18,881
1,491
113,336
186,451
177,561
168,796
126,988
20,75
6,117
143,494
2,37
100,51
182,677
151,147
53,319
128,987
55,937
15,998
124,79
75,252
107,542
148,793
60,877
100,867
187,592
178,286
164,965
37,250
88,158
87,810
56,723
4,481
172,704
18,783
188,517
133,312
48,861
11,361
32,104
30,656
117,376
189,553
52,432
166,710
151,914
179,45
199,410
6,808
91,995
17,226
14,532
200,352
2,277
142,629
181,982
111,449
130,3
148,595
15,203
129,545
185,605
3,273
64,496
13,19
43,39
194,490
34,54
51,114
135,827
155,8
142,942
179,366
114,118
31,169
68,514
107,388
3,713
31,689
132,103
72,782
188,378
167,45
81,734
179,709
165,646
157,767
174,910
198,795
185,83
80,658
42,784
133,810
177,98
94,948
142,424
142,937
56,275
117,807
7,496
108,723
71,219
63,779
4,841
167,252
24,514
177,888
49,682
54,254
18,919
39,892
58,321
133,364
22,214
151,38
159,280
173,107
33,659
122,236
46,793
117,773
27,247
158,661
142,272
187,737
145,219
48,904
143,640
36,616
99,335
36,872
167,748
16,38
38,756
111,873
105,134
138,107
93,625
197,910
147,864
18,100
80,603
10,70
30,907
44,328
53,719
189,456
80,413
135,656
141,157
84,908
168,699
197,542
24,313
152,68
28,435
149,831
176,485
161,257
43,277
64,450
165,535
186,751
134,462
15,844
187,187
7,786
102,647
34,515
21,121
28,743
79,829
149,141
62,480
87,984
184,219
99,155
163,279
190,705
178,287
43,193
196,31
104,265
147,718
142,88
137,516
95,518
57,945
4,855
33,338
21,600
162,900
76,8
26,432
191,485
15,34
3,288
3,109
169,293
168,107
70,148
124,677
52,703
113,583
79,442
194,37
6,864
71,524
139,376
137,829
104,451
165,336
98,505
190,144
46,185
152,776
17,877
107,965
38,191
156,586
77,108
118,12
70,165
198,754
68,256
68,207
190,151
141,765
22,110
39,352
17,401
105,35
26,77
47,233
166,202
8,113
4,563
104,910
133,147
5,904
55,575
79,258
147,463
77,614
102,427
17,330
194,587
35,890
22,480
37,257
138,663
68,169
99,243
60,706
139,5
94,546
166,215
11,135
85,810
11,750
63,164
65,814
129,175
81,27
176,813
107,187
11,756
118,384
158,430
195,998
102,566
196,635
138,696
25,774
132,448
14,701
86,321
31,561
2,271
141,103
163,87
168,795
118,961
117,267
174,26
97,167
74,467
20,795
42,744
124,409
97,413
127,56
45,413
95,367
79,916
174,810
65,339
39,259
89,278
55,647
139,37
163,667
179,950
54,77
124,792
86,385
129,52
112,190
24,820
66,34
187,475
14,737
137,985
103,7
151,369
197,773
1,32
91,40
114,646
80,223
115,175
181,583
153,583
160,925
97,328
87,135
59,846
101,772
196,436
119,264
7,50
15,412
35,318
105,832
163,81
129,74
134,536
52,515
190,761
179,804
189,267
151,16
87,83
138,754
147,292
118,151
43,960
91,611
80,304
24,884
59,19
23,746
65,242
149,126
98,844
114,60
16,967
38,9
43,544
8,13
190,384
138,51
181,81
83,621
94,675
173,457
84,88
188,815
187,817
117,514
43,959
32,584
95,136
57,279
197,904
57,217
81,2
83,960
9,230
98,787
153,656
167,336
94,978
116,779
98,278
37,4
81,13
92,77
46,696
14,886
143,39
52,924
170,329
71,416
66,297
45,56
112,923
85,226
32,412
194,413
40,167
144,850
86,843
32,921
126,183
147,524
129,942
54,129
25,91
142,6
41,440
25,301
123,134
72,209
26,402
187,998
38,881
128,31
119,385
16,411
34,254
61,272
129,104
2,658
151,132
137,378
124,825
38,921
193,634
123,576
11,310
135,616
39,279
57,266
144,94
108,681
112,265
67,122
195,743
17,268
9,8
192,393
137,328
170,971
108,294
185,900
90,16
97,709
113,799
163,46
135,940
85,358
53,711
107,427
63,451
121,843
14,443
63,696
8,88
152,827
98,509
59,297
188,78
20,616
188,19
89,792
173,461
185,958
31,213
7,720
177,90
112,280
50,377
131,919
145,806
35,79
68,505
108,866
176,65
180,457
131,36
160,239
137,227
186,356
1,755
8,326
8,870
49,529
45,18
133,447
92,299
91,315
82,219
192,422
187,938
116,626
7,134
162,133
60,30
48,102
78,43
75,739
6,120
138,790
33,479
165,399
153,380
110,448
116,563
32,250
52,288
21,656
7,621
8,936
21,933
120,810
130,718
119,476
32,273
104,655
87,571
178,473
187,98
102,366
91,338
190,382
177,685
96,356
59,426
167,24
94,863
24,620
65,461
141,748
135,598
73,754
96,361
193,287
22,716
191,516
142,696
25,615
130,104
53,868
189,446
101,575
189,985
34,508
63,426
77,913
23,401
61,525
117,837
64,352
191,173
100,236
131,491
95,749
180,592
65,369
108,45
163,308
25,452
66,467
126,818
54,493
130,98
146,928
83,27
71,257
99,447
94,259
18,357
52,788
156,155
149,506
153,399
153,259
11,313
171,22
58,537
1,235
142,79
188,118
85,107
180,866
151,999
23,947
179,574
35,991
180,700
200,580
55,115
46,47
74,906
82,295
6,934
62,204
87,106
21,620
84,199
160,469
2,239
137,462
27,499
157,424
184,371
100,547
109,483
53,261
104,480
179,966
102,319
81,132
92,597
143,889
69,115
186,68
114,259
134,11
172,645
132,189
132,197
32,442
147,710
108,339
60,740
129,826
61,381
161,726
103,233
116,189
166,941
177,280
113,144
82,698
154,820
79,766
149,32
177,404
146,629
27,557
9,282
196,376
43,200
53,134
31,38
29,587
115,679
14,652
71,751
194,67
17,849
107,565
78,124
119,424
200,945
53,815
53,228
148,516
47,122
46,864
192,506
111,321
106,450
111,619
172,82
39,344
84,71
60,917
17,947
81,357
130,31
4,756
14,228
85,736
165,822
110,343
45,129
76,846
39,440
50,431
149,331
114,61
142,197
124,792
116,579
134,354
46,594
144,449
135,654
26,382
83,358
116,997
195,49
87,464
100,544
160,583
89,688
94,627
61,314
99,607
32,752
121,700
197,590
19,658
130,216
132,954
157,147
40,117
29,284
104,497
1,606
176,203
77,379
83,371
27,333
117,851
183,128
127,328
57,976
149,269
25,971
110,467
192,914
104,82
77,315
6,86
73,756
115,728
162,526
3,86
86,747
11,814
12,314
23,216
41,172
171,329
69,772
50,865
177,830
89,192
151,514
44,230
168,909
75,767
119,753
106,913
158,636
62,977
80,587
185,103
7,655
81,758
69,282
90,438
25,123
138,548
164,378
21,300
152,545
159,472
196,691
24,780
183,611
103,869
60,100
79,854
66,44
19,379
189,143
164,743
9,23
110,818
5,755
145,736
21,464
110,692
178,650
46,753
171,573
169,545
118,937
106,155
23,398
120,110
10,174
134,659
30,140
124,23
64,477
186,395
74,606
149,164
169,988
2,262
133,107
6,108
188,828
197,735
142,285
39,531
93,531
153,135
77,993
185,487
187,519
142,858
144,640
30,123
91,310
185,772
190,264
4,103
20,605
189,902
40,78
179,754
195,785
9,466
98,807
163,990
143,630
56,348
69,645
1,671
72,539
123,488
198,563
74,50
163,654
39,484
164,582
157,389
8,717
79,451
126,249
97,168
103,244
137,439
88,688
92,801
166,502
193,868
105,879
65,994
89,811
94,535
184,62
114,343
21,298
97,954
192,392
37,14
43,837
158,322
133,890
24,9
37,725
23,517
93,860
61,610
140,767
144,142
39,970
6,294
115,833
50,679
171,990
165,203
148,779
163,613
130,916
93,516
126,948
20,340
72,746
17,379
199,677
90,972
145,353
67,891
145,848
175,473
166,780
107,181
31,664
6,993
9,564
87,729
49,126
116,564
155,955
184,950
167,858
183,936
111,617
113,8
137,475
108,679
83,182
55,221
32,877
119,75
152,266
119,486
119,852
59,636
52,22
42,589
26,441
151,969
27,599
140,298
193,976
90,253
113,379
2,742
76,478
108,563
192,202
79,261
41,590
47,717
121,716
21,583
32,470
41,223
3,437
28,602
115,596
3,153
156,356
123,210
2,169
62,906
69,744
61,200
84,740
89,820
102,446
163,525
11,431
19,232
164,129
41,763
59,558
169,623
102,592
154,840
3,570
92,866
115,251
52,692
160,798
28,908
142,758
146,980
45,260
52,50
12,406
140,603
87,469
182,764
20,835
98,917
166,886
24,425
138,902
26,570
198,9
158,857
192,556
73,390
73,520
97,784
5,783
95,23
22,547
178,498
30,328
17,562
147,571
8,503
79,729
40,319
99,307
117,727
102,825
79,715
63,208
180,636
162,161
189,358
24,893
88,38
80,674
171,442
1,457
14,560
65,379
8,289
100,752
91,368
169,243
92,615
153,356
48,668
164,338
198,16
42,232
135,734
11,715
1,744
110,876
194,964
184,304
77,718
46,812
47,615
13,775
152,832
122,777
5,884
67,309
34,435
198,116
71,346
99,429
91,963
160,966
2,783
98,484
16,959
52,738
28,778
195,51
194,503
122,530
47,946
100,916
133,311
70,432
190,339
115,882
22,463
122,606
3,926
190,51
143,758
180,871
9,816
3,996
175,386
159,227
198,29
118,234
37,631
107,440
110,698
88,254
14,439
47,933
102,828
28,237
45,206
11,834
36,89
45,421
7,360
190,925
7,739
52,668
187,601
85,339
29,814
30,970
36,638
133,296
86,76
187,983
20,889
11,359
135,710
54,442
17,325
162,895
198,213
177,227
7,283
62,804
113,577
24,153
16,188
103,134
194,773
71,170
79,391
172,885
138,293
17,281
101,841
4,91
180,923
146,190
112,402
57,226
181,792
60,121
90,184
116,836
125,599
160,584
167,491
191,564
111,117
24,633
180,877
189,733
96,838
14,617
67,381
33,612
122,690
19,829
69,951
195,265
35,896
175,182
110,584
34,519
56,154
142,930
29,210
153,785
107,385
96,222
76,640
119,790
193,302
184,330
199,497
116,378
72,967
56,692
110,327
176,591
42,967
63,146
21,257
198,258
126,972
165,986
142,603
60,85
11,452
104,978
150,10
117,32
26,897
86,405
110,484
58,824
103,438
67,320
82,216
30,425
13,549
2,471
108,337
107,801
121,842
55,426
81,29
175,303
20,291
83,244
12,223
57,454
52,838
69,551
158,478
59,836
143,856
134,262
38,703
169,799
165,723
186,556
71,55
108,572
159,71
48,749
173,508
48,275
65,972
85,296
57,978
118,435
166,142
22,840
191,309
6,981
78,467
125,690
18,298
103,611
114,745
145,676
18,24
189,102
82,473
21,870
145,309
105,186
148,540
41,299
199,848
147,704
111,554
161,70
143,132
199,99
112,717
149,87
184,238
176,178
26,274
135,877
101,792
86,6
123,563
130,254
176,520
146,247
160,532
86,481
55,311
42,659
83,731
123,190
81,195
75,868
92,192
19,200
78,588
24,352
110,445
160,119
90,608
71,382
57,63
144,2
53,333
11,523
181,306
170,871
156,119
175,42
17,976
51,69
116,617
116,526
177,405
127,619
138,983
11,266
29,725
63,68
104,140
11,451
3,685
180,96
39,961
38,754
103,492
45,512
112,209
57,68
153,722
193,900
48,264
162,755
23,417
58,301
138,451
177,915
166,860
65,371
43,178
170,545
53,180
160,413
5,48
154,241
35,390
40,878
19,914
192,240
119,699
95,32
54,855
199,47
3,719
70,985
144,483
71,541
118,154
50,427
2,400
51,725
112,176
58,501
71,670
86,71
117,872
147,581
150,847
13,866
148,242
85,304
80,328
102,749
93,514
14,152
110,791
20,354
16,432
137,673
171,734
111,289
198,696
79,663
163,920
158,923
163,289
72,508
7,889
3,806
118,84
16,94
106,132
165,769
148,845
46,498
116,663
75,882
177,974
112,863
191,622
53,922
32,125
6,773
67,180
12,126
194,682
86,164
9,219
75,479
161,937
98,522
108,280
108,638
186,726
41,506
157,508
198,347
56,204
13,767
7,848
127,903
143,10
50,549
186,750
114,27
123,478
23,158
57,347
5,997
136,280
67,863
159,217
52,861
171,557
132,127
93,650
193,285
175,125
164,781
173,984
14,211
108,599
186,762
137,182
76,751
31,259
111,216
35,37
160,360
22,791
4,908
186,196
172,323
154,271
4,134
21,741
23,639
9,153
88,898
133,761
129,476
83,777
200,215
180,719
44,392
119,287
80,395
72,20
35,801
145,653
81,134
39,633
194,424
151,179
178,834
85,967
114,580
148,427
54,548
82,1000
25,276
120,964
61,548
53,167
20,451
166,189
22,843
176,878
151,562
124,776
41,626
95,394
35,945
175,704
130,687
68,845
99,35
4,301
82,779
74,490
84,889
195,484
102,305
59,599
77,556
135,372
36,397
192,340
162,510
138,116
125,369
116,186
26,260
1,878
92,660
39,377
141,101
150,281
7,642
2,413
103,509
53,823
189,416
50,269
53,436
75,967
175,153
121,89
105,638
10,204
172,499
50,871
11,502
142,611
124,204
66,67
106,788
190,452
3,631
86,883
58,984
107,206
4,723
99,725
7,203
55,480
32,460
149,219
170,118
78,640
47,895
68,422
87,20
9,298
67,44
184,963
86,690
152,956
33,996
89,954
25,238
182,238
106,181
30,12
45,534
136,234
107,180
185,471
37,407
140,987
184,891
19,106
143,789
35,289
160,808
84,623
78,409
15,883
158,840
61,834
149,52
192,923
147,122
71,966
56,177
36,631
161,175
94,451
131,935
86,686
86,619
81,100
181,575
110,519
152,404
38,547
122,731
32,845
74,261
161,311
141,194
32,717
165,356
26,575
119,109
161,626
171,290
184,428
136,644
197,694
39,305
55,738
197,557
58,955
174,300
25,912
75,621
187,686
103,528
98,169
168,654
179,239
99,887
81,636
175,422
83,617
80,977
35,28
66,978
113,435
192,771
97,735
84,323
3,37
197,64
57,492
182,540
197,635
43,860
105,327
198,196
121,547
50,216
12,433
82,311
84,426
193,985
35,770
104,387
171,557
91,638
83,206
75,688
106,431
80,234
88,347
90,850
171,76
156,784
148,266
56,918
12,823
159,880
163,303
127,253
93,148
104,991
114,580
54,698
113,247
5,196
72,643
34,32
160,595
109,134
9,839
118,2
146,809
33,675
53,764
188,177
1,984
115,62
149,916
154,672
80,605
132,944
27,519
177,178
46,750
185,721
155,336
43,744
81,162
111,482
14,77
18,579
100,621
178,856
75,40
36,990
197,902
196,830
160,725
170,220
15,700
20,394
194,335
58,536
12,459
142,973
18,379
119,269
21,621
121,219
143,640
36,576
7,342
77,188
48,581
155,42
37,906
14,777
189,261
183,905
134,900
199,3
197,309
199,132
83,974
99,143
181,726
50,923
21,115
139,128
120,43
65,353
127,624
122,126
60,751
35,453
179,103
75,234
175,932
174,967
72,725
182,860
49,721
15,299
86,431
64,871
160,857
84,890
18,713
193,59
144,896
85,2
14,536
199,79
95,937
190,597
21,70
143,701
42,976
65,192
31,435
167,67
179,739
147,19
169,461
113,163
18,931
104,730
178,625
144,179
22,334
153,319
58,612
27,870
32,541
164,79
165,286
86,752
57,468
11,790
58,322
6,983
39,533
8,152
113,940
163,745
187,261
155,846
81,335
190,606
170,156
134,886
47,209
139,6
10,920
57,648
52,772
15,424
108,183
88,847
146,290
10,921
69,814
153,782
56,329
164,560
12,708
41,821
128,345
29,452
200,382
168,547
89,178
51,695
110,82
106,179
158,618
114,441
22,659
49,412
126,443
20,612
165,559
166,117
170,889
12,697
51,12
63,169
169,163
89,183
91,190
7,178
64,52
79,8
53,435
161,579
140,923
162,30
151,40
96,680
125,286
159,362
144,602
7,648
130,83
52,881
43,8
79,703
125,578
189,984
105,609
173,547
104,46
159,782
79,613
142,375
4,689
85,15
105,878
70,86
7,855
74,566
8,689
20,851
45,993
16,301
183,659
199,57
155,767
99,375
82,502
8,17
71,323
87,568
28,31
16,204
50,89
188,90
134,374
75,537
123,163
60,255
193,865
198,914
171,259
146,653
74,838
157,899
50,161
38,309
197,778
32,771
96,257
90,985
166,277
52,460
11,512
193,950
145,958
167,58
182,420
5,281
41,118
7,402
174,678
10,424
142,660
172,815
61,222
111,310
97,324
148,263
23,128
64,559
181,5
177,456
19,68
70,713
33,301
52,317
106,334
59,477
145,84
185,130
46,931
2,73
38,43
186,292
120,717
115,739
21,34
191,219
60,309
147,427
186,788
141,323
59,617
31,588
149,320
126,21
85,575
60,797
51,566
9,982
124,70
105,675
133,781
122,566
39,633
116,159
22,877
82,832
177,835
166,141
25,586
75,206
172,828
110,125
113,715
115,349
153,809
94,728
113,709
124,860
121,352
125,522
200,656
198,809
2,965
147,688
107,297
102,899
26,743
21,236
21,149
132,649
22,947
26,1
136,375
133,880
113,688
148,489
25,569
198,489
174,629
133,177
38,110
42,738
81,242
40,811
63,986
61,993
61,967
49,239
126,32
27,259
188,341
148,756
116,831
167,877
180,665
101,787
189,152
113,571
133,754
123,393
61,565
183,889
16,793
96,620
46,702
92,627
112,120
57,720
11,938
6,971
106,451
70,75
185,328
164,796
171,776
91,256
163,937
122,771
51,974
42,566
115,358
143,922
36,400
5,851
200,474
47,556
132,284
112,98
60,120
150,214
75,858
102,660
180,836
102,236
150,676
100,733
87,441
104,524
81,784
198,90
87,292
163,728
26,266
185,294
100,730
2,98
87,604
138,822
101,351
63,862
90,227
71,283
200,98
73,175
148,525
69,779
127,765
24,99
41,66
130,25
181,187
49,50
186,980
51,460
71,693
38,594
61,264
21,748
136,861
193,335
163,562
13,259
180,273
141,380
48,256
194,67
171,736
173,295
6,819
121,213
160,68
131,438
90,587
63,846
45,224
57,188
36,36
121,877
152,807
171,499
35,683
185,77
180,610
34,555
119,530
44,878
89,559
2,294
125,307
71,420
149,737
41,53
188,622
105,596
4,841
117,365
161,372
97,793
14,508
190,547
67,464
35,751
105,185
96,736
31,24
49,700
183,917
132,387
157,627
67,91
124,333
195,33
81,956
81,285
114,352
156,540
32,277
187,731
175,223
88,396
184,975
169,743
118,267
144,210
145,891
190,303
196,241
170,303
156,229
154,47
119,466
151,336
30,710
169,847
188,199
194,305
129,111
5,893
174,6
80,862
200,298
174,124
75,220
109,137
85,900
94,976
7,698
128,992
140,783
176,728
46,648
117,101
44,551
169,270
155,264
117,378
1,603
151,931
135,327
58,182
182,338
110,867
93,433
38,415
3,414
173,543
54,282
124,123
39,946
99,442
92,58
35,51
93,709
26,33
163,110
135,375
182,997
61,44
129,227
12,345
188,595
200,829
61,947
65,44
110,859
144,516
23,437
177,527
25,851
196,739
153,101
20,26
108,413
90,107
54,912
116,884
41,420
136,870
11,202
138,395
129,614
7,763
169,431
188,785
100,240
178,665
53,869
2,324
163,180
18,570
108,311
169,474
163,860
45,910
27,342
10,854
81,57
87,337
145,957
168,756
40,664
84,413
30,412
154,182
173,583
182,149
159,570
84,33
197,362
79,567
83,920
61,996
17,73
174,636
108,646
97,791
200,645
95,396
122,923
197,970
106,2
122,739
70,986
74,789
177,405
94,327
63,363
101,564
59,737
190,685
77,516
74,1
76,878
28,722
187,323
162,149
83,661
24,404
166,629
126,906
114,262
123,54
16,878
131,466
101,271
56,531
122,117
178,111
170,249
85,709
2,203
26,103
155,720
135,850
16,721
179,979
172,29
196,954
88,194
122,355
53,154
118,275
22,86
8,740
109,411
192,374
163,886
161,704
105,90
164,150
26,19
135,128
74,373
78,236
193,940
5,78
103,424
90,294
142,154
183,535
57,791
62,696
34,240
73,370
4,610
46,806
6,638
26,563
28,451
190,264
199,2
94,301
49,979
151,272
26,494
5,349
68,342
8,981
98,508
68,893
192,385
22,316
109,252
53,286
172,512
37,577
133,514
185,738
101,545
148,797
119,986
168,723
132,481
54,488
121,69
177,792
134,565
167,764
176,829
5,272
200,527
70,371
182,453
179,492
37,569
105,617
49,907
28,620
131,417
182,240
116,763
108,961
62,386
185,337
126,887
106,987
92,283
42,445
2,328
148,938
65,231
159,846
164,290
30,16
120,79
38,185
84,670
137,68
179,120
7,48
7,414
17,565
179,926
172,392
36,693
130,493
118,668
177,788
3,743
186,334
11,794
179,622
30,344
65,12
23,908
163,40
193,228
107,761
113,92
29,832
192,243
91,470
98,106
94,683
141,793
160,556
42,689
193,738
80,963
88,922
36,3
149,314
82,502
185,623
128,471
133,326
1,104
21,299
53,362
55,776
99,112
128,508
173,443
21,432
157,676
24,863
105,597
55,271
133,137
187,946
36,6
167,305
88,392
49,153
16,539
54,486
180,842
102,712
196,81
187,95
103,20
121,185
138,690
75,488
185,768
14,626
82,907
64,618
146,142
33,605
2,999
115,633
118,596
188,405
13,496
33,237
196,762
142,591
79,381
125,323
91,288
196,38
76,953
169,912
92,973
55,873
55,217
92,444
37,133
14,950
166,423
8,29
93,275
5,262
9,592
109,66
112,997
86,160
93,156
87,496
133,568
169,542
153,899
85,689
42,878
101,819
35,384
56,474
4,60
142,610
195,337
194,209
161,889
82,35
90,148
35,723
52,112
15,331
28,609
141,823
82,448
27,438
133,683
132,567
31,641
144,790
44,409
40,565
71,668
180,277
1,693
112,897
46,192
154,220
95,610
73,812
114,852
146,559
12,688
199,929
145,158
88,506
35,591
162,740
31,810
10,810
68,132
89,988
121,216
20,406
110,923
9,253
123,668
70,540
74,619
166,282
85,875
187,754
47,380
56,11
134,168
133,861
21,912
36,540
107,92
64,722
32,321
42,843
127,521
185,531
198,542
60,588
112,93
98,257
130,602
54,995
62,578
110,794
89,253
11,197
41,348
141,106
167,578
191,57
160,166
164,904
23,357
13,138
184,726
123,683
104,931
191,554
142,951
65,340
109,759
178,150
32,462
44,652
67,89
53,932
174,917
104,857
164,156
61,32
33,345
174,692
152,561
130,389
70,492
24,28
144,195
7,733
8,775
9,121
114,65
110,714
198,162
191,127
171,687
81,569
154,576
150,291
29,383
116,946
36,827
13,985
93,434
29,928
56,584
159,355
120,122
75,321
162,340
159,284
163,884
133,680
113,635
6,617
134,802
141,706
135,10
98,550
106,348
147,901
3,312
173,384
74,87
31,725
143,521
44,197
196,953
135,670
8,845
30,170
168,239
26,760
130,615
30,339
88,112
156,140
60,747
116,203
200,316
24,436
151,569
194,831
74,330
186,191
45,942
39,352
98,210
78,523
183,443
102,154
150,90
195,403
55,272
96,454
67,941
26,266
137,71
99,375
151,892
197,461
140,151
129,799
81,301
7,12
23,328
108,38
168,37
175,643
27,883
24,422
120,630
31,780
11,859
182,693
168,941
147,26
3,175
86,444
92,482
93,534
130,811
137,410
169,893
191,215
26,66
95,749
36,861
9,8
79,912
170,332
109,702
159,37
200,375
162,244
86,909
123,396
64,16
84,264
128,639
163,705
6,998
172,166
145,650
14,814
20,893
138,741
47,831
88,856
125,177
165,968
67,867
164,116
2,242
77,204
146,811
52,605
115,264
51,138
115,306
14,93
36,592
47,324
3,8
124,655
58,963
172,911
10,72
150,563
139,25
183,654
28,84
16,39
137,718
136,173
111,383
136,338
98,715
158,400
140,270
114,424
35,921
171,698
149,586
108,290
31,850
181,424
71,786
184,553
115,278
23,385
177,583
161,141
176,715
168,734
199,35
151,610
22,779
12,804
132,434
158,523
72,6
26,933
71,383
139,517
89,671
10,387
101,73
143,432
107,214
161,896
197,176
169,11
179,491
73,423
154,908
27,149
34,872
187,402
31,671
74,887
47,848
114,760
145,152
64,510
7,351
137,308
42,690
