1500000
72,953
193,287
148,912
30,376
76,590
167,803
113,682
164,517
123,880
28,270
97,613
151,508
92,948
68,28
124,119
183,36
4,847
57,110
156,831
13,351
160,527
177,618
160,859
150,233
68,637
159,794
107,938
148,735
146,24
14,101
3,556
117,720
125,752
170,191
63,586
60,331
127,745
166,191
131,943
194,69
73,461
5,719
62,858
164,971
133,577
187,352
19,123
86,461
32,683
80,361
6,218
196,578
24,814
123,203
125,379
159,443
63,897
199,50
80,707
169,55
22,488
34,964
196,155
175,618
60,823
54,663
186,962
195,672
10,112
178,171
153,145
33,3
54,905
141,639
166,217
22,266
176,463
197,181
186,333
73,842
71,455
123,995
79,245
156,565
75,742
176,180
166,223
156,974
77,327
144,804
161,812
126,377
83,647
165,70
168,55
194,476
88,494
40,563
53,947
18,853
11,542
76,600
98,373
82,82
141,365
17,965
154,256
129,361
31,944
182,691
193,98
64,740
90,515
26,106
57,223
49,584
92,477
33,40
114,99
132,374
109,254
149,945
56,632
192,573
152,459
84,482
106,586
84,982
132,565
173,646
76,540
155,430
82,442
147,231
36,332
138,702
158,878
152,179
67,120
80,988
127,430
111,853
96,411
78,440
192,617
160,426
75,63
157,188
27,63
9,951
147,816
178,980
156,778
68,944
88,4
54,32
194,89
188,800
200,372
140,525
60,690
168,844
97,683
139,644
45,392
177,189
115,226
57,572
116,184
4,729
177,385
156,182
79,623
23,626
77,977
68,334
29,472
73,336
47,97
192,539
158,878
53,371
51,870
76,411
24,565
176,390
187,354
105,66
159,748
113,617
171,355
185,73
21,497
167,308
128,101
82,235
47,670
40,715
15,851
111,782
178,483
54,11
63,30
193,526
196,475
150,408
62,869
166,608
21,337
178,600
181,642
164,138
19,879
1,21
134,21
73,93
100,94
191,202
171,277
91,605
159,227
67,292
181,170
124,404
155,818
183,45
44,345
199,579
74,679
140,223
175,60
152,398
43,617
43,746
76,398
29,68
95,849
94,945
181,928
24,119
69,143
84,943
182,432
8,923
199,123
126,819
13,304
139,723
46,534
34,402
129,953
177,263
183,485
89,456
86,15
24,595
192,137
30,159
187,460
105,417
98,734
194,213
117,198
146,146
132,285
60,638
83,20
36,280
199,157
141,227
148,569
136,311
103,486
104,521
12,279
190,428
27,82
151,301
179,150
58,660
22,111
165,490
186,665
98,396
92,800
81,962
98,169
19,556
157,927
115,88
67,868
149,75
54,459
68,587
6,481
107,20
136,996
115,141
24,797
195,246
200,626
113,892
13,44
112,101
57,900
95,309
131,532
127,96
133,409
4,24
197,945
196,784
148,211
129,323
72,833
127,307
71,13
37,722
14,506
29,322
119,20
21,918
52,594
121,425
13,521
32,98
170,212
97,946
56,217
87,694
174,130
106,211
92,677
63,719
118,901
110,73
25,15
122,816
50,164
76,816
43,547
164,497
83,305
136,772
45,677
189,924
130,711
187,50
42,302
37,992
131,676
167,292
176,172
18,565
196,174
111,665
81,740
63,360
77,870
158,596
96,462
99,225
26,974
71,41
152,149
1,155
89,538
95,104
52,599
1,814
33,611
6,517
30,687
41,325
104,508
72,151
56,693
21,203
180,520
25,951
128,736
21,74
76,295
135,86
182,840
175,266
73,730
184,914
21,797
13,443
180,784
144,626
174,482
39,1
155,643
68,54
28,761
180,358
36,545
185,588
50,89
194,928
37,696
128,987
81,149
25,317
106,551
1,267
153,701
90,811
97,49
148,860
11,618
130,554
172,712
53,699
55,906
156,391
182,922
160,128
10,506
174,867
150,493
28,859
23,28
64,899
9,394
179,519
127,976
84,17
178,350
34,857
81,384
159,712
99,18
159,690
128,298
16,371
45,517
85,625
146,741
44,11
174,611
105,15
121,111
124,876
185,817
85,946
13,927
29,292
49,881
100,578
107,724
9,920
165,791
36,414
6,949
156,259
174,151
156,265
10,13
82,787
72,964
32,215
142,526
33,953
188,654
122,969
45,181
63,565
2,235
117,961
28,281
120,307
1,47
163,264
136,529
187,239
198,112
134,636
143,477
28,577
99,135
49,990
189,57
131,286
53,386
78,489
162,848
184,894
60,15
103,263
93,805
128,523
74,494
54,992
137,777
61,450
21,922
195,708
148,967
95,228
171,565
168,775
102,947
80,514
187,87
163,774
103,475
47,351
122,719
187,880
99,934
178,588
101,189
13,896
162,433
17,940
21,752
24,329
192,803
84,12
51,188
53,780
66,116
83,63
115,69
184,229
128,579
63,857
33,518
37,329
190,165
24,171
144,547
193,44
34,576
22,268
106,318
53,483
97,610
34,277
85,785
15,258
98,982
69,114
158,92
25,144
157,675
128,450
78,196
124,467
102,989
182,670
161,146
187,413
179,147
146,496
52,299
23,834
185,827
156,815
46,717
167,1000
34,289
29,880
167,181
153,274
76,794
100,684
130,740
187,410
184,305
178,4
124,75
28,702
110,482
120,30
85,788
103,981
13,533
111,131
59,534
61,293
80,842
196,449
133,649
72,846
63,410
134,969
167,249
147,405
36,540
157,892
115,851
187,126
172,756
30,846
85,331
1,720
122,944
196,441
148,748
134,354
200,361
161,160
56,939
168,811
98,242
85,309
73,107
115,970
47,468
109,47
138,888
153,582
140,390
39,935
166,335
171,911
170,154
200,36
137,727
14,786
105,19
175,700
118,835
82,209
74,135
66,671
132,17
148,936
102,920
116,923
23,243
23,671
57,612
175,720
130,722
58,445
190,811
146,293
85,311
103,531
39,109
128,185
197,732
107,356
176,373
10,633
137,624
115,333
138,805
39,217
129,534
19,767
145,316
79,342
146,850
180,713
94,146
138,195
139,481
112,687
192,445
169,954
182,263
98,751
97,811
164,319
52,195
166,958
85,994
194,306
178,132
153,21
96,719
96,618
80,325
65,174
39,431
167,168
125,777
9,705
23,268
77,706
143,341
61,779
42,727
61,555
158,752
114,534
36,804
185,953
157,30
188,163
17,663
120,387
155,692
142,477
102,208
40,145
51,823
172,115
187,574
187,890
114,971
162,979
180,419
190,670
75,156
160,394
110,583
185,995
162,868
50,898
99,389
37,339
144,762
69,92
57,221
80,589
22,919
34,385
199,213
100,16
32,480
118,99
125,744
77,571
181,761
100,306
2,245
187,896
103,249
155,951
130,270
146,33
60,178
181,49
79,378
42,727
131,818
128,552
132,124
188,214
77,842
3,835
69,574
119,111
107,112
86,138
190,725
15,680
70,280
49,63
188,753
60,621
139,834
67,462
10,944
134,10
47,176
128,421
76,516
20,889
184,742
123,613
199,235
73,898
197,872
42,800
104,602
70,485
71,866
52,148
70,861
18,472
172,709
134,703
157,402
94,937
157,290
161,666
101,517
75,699
64,912
144,43
23,472
139,35
192,339
167,904
163,695
129,159
72,554
13,86
192,115
44,581
105,456
91,142
187,606
157,292
69,414
93,874
24,480
165,763
143,268
147,58
32,735
51,355
11,425
99,353
92,640
8,56
30,430
35,498
35,366
34,293
87,975
61,740
166,686
106,548
57,310
126,458
16,291
149,956
65,815
45,895
169,61
70,971
115,360
126,985
178,315
112,445
89,530
133,745
43,198
151,421
172,933
118,686
28,161
30,161
158,864
89,996
74,168
43,119
46,599
162,916
97,332
8,904
104,996
198,411
126,486
41,939
130,93
32,987
169,164
84,407
19,385
198,844
145,634
119,538
53,218
183,85
133,799
127,282
184,992
107,627
47,909
20,756
196,374
174,800
5,833
94,705
197,927
41,505
103,743
75,719
146,604
198,481
197,892
47,162
145,718
107,473
61,984
74,137
152,456
164,623
92,945
19,787
14,439
180,267
199,836
109,887
25,516
170,796
31,296
151,339
106,43
81,360
195,172
198,411
109,420
111,250
165,849
155,365
46,521
147,433
91,259
1,776
123,58
140,376
44,793
7,329
170,882
78,746
74,578
34,15
183,380
182,902
85,324
42,121
8,617
95,134
108,371
129,387
124,847
133,854
106,442
52,193
169,418
55,407
10,18
84,778
79,613
45,73
101,574
95,880
86,64
184,377
191,401
190,221
172,317
122,342
200,946
167,156
112,213
129,766
103,718
109,241
63,61
63,17
199,837
172,804
178,417
118,457
190,687
36,40
163,636
30,403
34,753
29,123
5,495
132,315
173,555
11,878
36,58
132,448
69,789
89,951
37,401
90,412
174,474
111,511
124,477
34,938
82,248
66,98
182,274
34,617
177,775
61,483
165,190
67,331
154,445
123,598
118,499
193,417
32,409
168,273
127,647
31,504
149,4
7,42
46,695
118,134
179,151
188,848
178,574
157,153
152,851
145,47
46,425
37,702
16,754
125,524
80,606
98,872
158,249
191,478
173,169
153,745
111,888
164,101
177,403
9,74
127,219
121,115
76,635
38,235
70,303
59,334
9,426
142,929
199,745
125,299
142,66
104,338
169,118
28,404
46,851
16,393
188,313
15,360
132,157
16,162
197,360
173,12
147,665
27,221
142,864
176,754
183,462
137,33
21,286
105,722
138,572
196,736
28,363
187,819
126,119
113,214
28,768
152,179
58,147
182,473
46,628
119,921
174,628
190,799
134,268
77,427
7,68
154,495
157,306
137,835
104,308
165,95
172,971
198,95
110,772
38,166
66,691
59,358
33,139
24,741
165,227
78,89
85,583
33,416
128,260
31,136
5,965
185,222
83,886
182,277
174,109
31,594
108,325
88,900
120,569
69,489
104,661
10,143
13,219
192,403
108,937
70,636
129,246
27,733
126,800
39,15
57,512
28,496
68,13
167,412
117,161
5,769
51,952
183,988
97,342
97,934
127,640
200,955
197,367
50,95
79,772
132,277
73,523
105,966
59,189
67,753
89,910
106,329
49,386
121,758
28,365
113,546
15,290
5,638
182,370
68,388
82,190
51,766
81,895
199,721
20,285
18,393
200,553
91,407
125,899
188,570
95,507
105,385
165,430
119,339
47,612
131,892
147,56
57,389
198,277
26,765
40,101
74,144
35,584
96,989
9,629
135,219
102,801
42,846
104,922
124,131
174,5
116,438
120,663
10,525
172,730
111,184
33,876
147,602
190,218
189,68
32,20
127,717
28,484
169,652
183,573
126,297
167,836
10,307
134,342
196,785
86,346
131,845
154,508
136,2
45,257
71,788
127,806
92,385
192,607
63,81
169,780
187,267
121,40
61,185
160,116
142,621
101,181
16,407
183,208
120,673
49,251
154,67
105,28
85,942
127,442
13,571
136,19
16,230
198,163
140,903
149,298
5,613
96,884
84,50
85,535
98,466
124,829
155,572
41,160
79,752
22,165
91,465
74,974
159,828
116,241
19,259
110,750
82,146
135,758
164,967
167,55
155,735
171,904
133,31
92,814
159,928
108,404
168,196
65,443
89,901
12,591
17,726
131,173
106,328
104,889
179,441
15,423
124,685
132,805
4,164
9,928
168,656
157,313
124,826
62,102
147,123
128,990
27,586
182,730
113,262
33,561
144,796
134,903
164,526
93,597
119,197
2,256
14,621
94,440
84,795
13,997
29,545
163,279
186,801
93,83
172,766
11,785
108,113
105,149
103,621
56,73
155,38
63,47
8,945
10,53
76,872
146,863
115,175
24,132
97,33
41,794
113,557
72,781
194,908
154,263
187,478
56,617
82,112
72,347
13,288
37,385
37,524
25,537
20,571
117,651
102,456
158,412
115,10
177,379
120,246
51,229
158,137
7,862
160,828
81,599
35,809
121,399
142,358
170,455
32,780
29,202
169,355
190,176
41,612
157,306
103,50
154,941
134,880
150,144
91,208
113,71
82,391
155,535
14,176
60,514
197,988
115,663
37,132
154,916
114,596
55,241
181,317
52,539
153,512
168,125
19,627
191,709
95,881
151,516
181,962
30,8
79,823
102,226
180,377
96,199
39,206
131,581
144,54
42,434
159,178
170,530
130,763
162,567
53,607
53,330
192,256
171,856
144,675
87,901
21,804
153,666
166,662
75,296
34,841
126,113
98,659
115,192
78,396
112,448
107,674
115,2
12,242
132,527
43,352
137,140
96,389
60,785
102,732
176,43
180,821
34,128
156,437
115,88
174,997
194,508
134,925
184,675
12,425
70,671
27,806
25,989
48,657
76,612
115,97
39,767
21,427
91,189
111,419
10,74
71,109
57,827
97,612
93,221
195,984
58,343
120,712
121,101
68,167
193,857
98,780
180,779
143,927
173,863
67,709
144,473
168,855
119,358
172,974
46,584
88,673
139,980
143,929
31,875
28,565
37,80
181,309
62,579
77,766
115,257
188,535
166,98
146,769
115,612
136,931
40,263
14,669
164,212
156,289
146,967
25,186
139,911
32,469
18,693
130,732
140,526
27,397
36,363
105,459
86,787
194,832
163,988
123,776
116,918
121,34
135,566
43,339
137,116
81,751
33,408
115,662
102,953
43,559
125,445
199,677
79,38
199,313
44,858
88,96
108,943
163,569
63,802
34,939
131,537
110,913
38,218
29,988
12,782
32,1
78,553
87,351
42,998
137,853
123,52
19,966
38,286
79,260
82,367
14,243
22,580
55,885
118,499
94,640
186,724
59,67
199,694
121,76
197,386
194,455
41,734
45,990
130,565
174,283
74,909
52,292
145,219
128,955
81,845
25,64
56,389
119,55
31,168
110,694
188,385
66,835
61,295
105,474
102,106
29,622
94,862
28,75
178,734
186,678
98,233
50,666
125,207
106,347
59,491
51,635
48,474
150,761
110,857
14,999
58,338
70,94
121,906
114,264
199,742
160,18
108,956
116,965
190,164
109,203
136,410
22,291
121,886
15,942
113,741
144,232
155,401
124,55
51,676
21,901
174,807
36,492
98,738
122,221
11,651
47,834
134,783
116,824
120,109
178,839
3,183
28,330
10,757
13,13
79,730
110,306
16,391
174,160
189,880
115,513
157,39
10,605
11,793
94,118
79,98
152,599
80,403
7,362
54,474
198,213
56,355
162,451
96,713
117,34
48,146
26,304
43,584
140,558
143,888
117,225
5,331
114,327
159,641
116,598
112,471
75,207
71,831
190,158
178,516
66,399
71,922
21,315
7,972
199,142
186,229
200,984
64,480
200,750
125,379
198,251
121,229
100,234
13,95
34,506
6,797
179,548
155,440
109,697
88,719
8,349
174,298
33,268
1,170
189,144
140,559
185,404
50,88
17,473
30,962
169,233
107,994
147,386
140,894
12,660
78,7
74,163
37,732
66,636
168,498
47,144
118,144
124,552
93,935
65,355
174,861
90,425
142,200
53,73
173,995
51,701
96,751
136,38
160,486
75,463
177,654
73,712
127,700
123,96
33,910
122,210
87,425
76,249
197,178
154,480
119,664
25,822
188,345
167,32
102,43
3,395
107,635
68,262
146,830
177,200
53,283
43,255
127,625
66,79
152,147
151,759
198,139
19,725
11,996
149,737
111,206
186,442
87,915
18,977
167,389
85,268
147,850
191,931
71,91
101,870
57,275
63,798
30,78
76,656
12,412
147,921
17,22
8,305
11,907
143,337
194,232
89,661
158,802
26,177
121,361
38,219
133,529
56,635
162,523
91,210
51,368
36,982
159,658
85,64
172,536
146,178
125,806
101,627
169,319
174,605
165,848
180,811
173,32
91,363
7,37
21,694
83,112
88,161
181,108
37,921
159,432
2,709
11,961
108,423
58,175
167,280
19,790
40,859
8,960
95,261
172,651
157,991
154,373
105,790
110,234
33,345
71,755
149,439
3,442
10,136
24,290
134,339
199,84
10,221
172,442
103,778
141,953
111,602
67,498
92,571
100,870
3,437
200,189
26,86
43,370
146,349
160,143
100,77
179,659
64,808
43,380
186,257
5,381
171,545
87,429
63,757
140,871
27,465
16,902
155,69
134,425
196,798
33,735
69,371
179,315
50,36
96,256
18,103
76,447
50,57
128,676
200,925
105,598
100,209
41,41
180,446
84,51
163,83
27,59
53,803
72,33
124,949
37,835
26,810
177,732
176,532
6,273
97,889
163,263
189,997
137,873
91,114
101,578
110,54
79,671
71,124
79,295
54,358
200,550
96,921
154,525
194,992
107,185
173,704
196,284
6,442
39,867
26,453
20,202
143,438
191,329
148,678
127,887
104,260
26,338
187,764
103,114
73,463
123,650
58,162
5,905
59,753
75,594
2,110
99,48
78,165
173,662
155,136
81,655
155,658
104,34
143,213
155,236
85,198
114,805
164,111
123,415
200,910
60,461
95,114
193,44
76,285
145,500
102,341
104,774
147,200
83,554
86,775
51,913
36,715
158,5
165,825
94,45
119,93
116,485
155,378
106,765
98,802
11,858
68,629
45,326
158,546
187,945
84,71
31,752
16,329
42,896
160,112
159,332
12,457
143,12
85,738
167,23
27,572
50,415
10,63
136,456
131,307
172,32
8,581
158,348
65,427
101,384
4,444
128,160
165,631
125,153
131,305
137,155
31,599
99,819
128,708
17,296
19,118
75,231
118,808
74,812
149,82
82,464
77,665
65,531
42,715
50,51
77,111
133,72
128,248
88,407
163,325
149,231
43,372
21,419
166,881
35,652
148,896
187,271
155,634
174,138
13,88
114,388
98,371
108,251
28,2
196,850
168,718
8,563
34,815
50,700
28,85
115,633
168,409
182,77
104,76
145,321
197,550
103,590
191,161
44,805
86,993
92,286
48,323
39,394
25,206
189,203
170,998
66,974
144,686
99,645
66,454
105,745
127,81
147,841
154,73
61,842
21,982
167,195
166,553
68,834
129,645
56,211
34,377
135,14
16,662
56,826
37,49
50,404
54,930
59,85
99,973
42,309
97,870
148,104
10,743
135,909
134,851
163,68
53,221
175,825
77,184
23,92
186,163
189,361
181,365
159,704
96,595
65,119
189,481
50,956
185,968
173,630
171,176
41,458
194,460
192,739
3,933
119,63
120,156
108,761
186,93
93,467
56,537
107,141
55,933
79,654
14,594
22,362
9,38
176,94
35,444
130,583
56,840
9,638
121,641
15,263
182,266
30,861
137,445
2,773
91,406
154,31
37,717
96,251
50,721
198,818
86,714
10,164
1,185
29,8
86,11
195,969
200,721
58,147
151,478
34,228
13,78
76,853
19,411
104,701
186,900
170,416
171,40
133,22
95,304
48,730
55,659
107,258
187,511
42,417
89,36
151,459
65,647
71,766
28,369
122,985
121,590
109,323
196,588
66,543
33,219
151,713
179,45
166,360
196,200
130,149
109,267
125,733
75,295
11,800
118,451
152,869
87,800
55,267
169,331
190,986
12,389
113,836
117,731
126,506
174,912
124,953
106,610
96,277
78,456
125,294
97,562
176,138
182,152
78,119
138,658
148,680
61,11
195,400
192,880
41,567
80,250
110,433
65,425
118,326
60,56
149,784
117,285
138,184
143,702
170,905
128,684
144,259
13,590
7,631
53,193
105,407
56,862
107,136
67,554
48,708
188,421
15,219
106,674
28,280
77,587
7,422
74,525
47,751
129,823
62,92
187,721
43,320
52,316
186,829
44,405
15,14
109,925
22,38
74,183
50,589
64,727
45,573
44,961
181,320
72,112
196,187
175,610
143,887
140,290
197,23
196,651
145,527
9,373
175,355
69,260
63,383
183,951
53,685
198,780
200,804
145,244
87,565
187,963
3,612
36,287
143,261
64,554
123,910
147,858
119,116
125,405
21,739
15,977
101,241
156,288
99,309
195,315
88,253
176,945
52,632
118,55
58,533
100,834
2,124
6,586
65,957
104,960
5,330
6,797
193,333
157,55
111,49
73,282
110,723
101,975
115,480
109,10
43,158
30,583
183,692
102,995
11,755
45,563
74,190
17,848
34,712
21,512
185,956
53,988
25,175
7,384
75,917
64,250
27,995
130,180
18,651
25,984
173,424
102,858
107,552
5,358
56,798
83,495
152,654
192,286
44,709
42,670
94,541
138,535
25,579
66,611
12,340
97,297
6,232
164,690
142,411
23,780
74,124
173,230
186,415
118,441
4,412
15,302
137,391
171,671
2,705
167,253
70,462
17,974
188,310
29,32
109,173
195,851
20,194
18,54
5,203
133,677
46,766
39,951
138,566
173,343
40,167
153,826
17,852
179,14
10,277
86,352
90,60
5,548
6,860
110,355
164,772
131,233
191,836
74,593
40,357
128,255
64,283
172,490
27,36
189,101
195,598
56,75
47,256
126,871
81,540
61,600
10,339
177,346
161,640
66,238
184,96
149,553
149,186
187,477
92,460
179,133
197,849
6,444
119,155
7,84
133,485
87,848
83,286
9,198
118,577
19,802
154,488
118,464
48,285
174,685
67,910
110,215
157,489
132,776
38,980
52,933
196,339
115,777
168,914
62,15
187,358
190,200
180,522
119,670
2,897
52,365
177,394
189,689
168,650
53,690
118,371
94,41
91,48
148,108
127,916
195,981
170,279
1,862
149,413
194,708
23,632
99,774
8,237
72,95
117,104
22,926
79,876
33,157
124,360
194,610
14,903
66,397
175,488
73,831
46,835
6,528
12,188
143,880
104,451
5,919
134,488
5,768
183,924
133,907
113,743
157,753
46,659
174,205
99,184
75,432
102,974
184,694
4,904
134,516
27,720
144,122
168,682
60,213
54,942
185,86
84,12
65,849
80,230
58,788
56,159
25,529
47,728
85,621
13,304
107,368
145,79
10,49
69,77
54,954
50,29
109,382
120,391
158,109
126,634
165,434
8,572
22,118
53,258
143,591
164,755
43,442
89,842
25,863
174,307
6,377
184,69
134,863
86,670
40,607
127,353
41,122
72,210
131,378
119,380
13,569
134,9
3,446
59,621
182,249
178,688
120,184
33,117
179,19
155,136
105,921
74,61
65,721
21,347
71,590
86,37
104,660
31,306
1,472
162,952
155,243
182,716
82,489
23,760
25,739
80,538
167,98
181,799
178,536
112,12
143,437
124,78
175,851
72,10
151,885
149,795
13,266
64,493
150,214
113,948
174,269
52,469
57,441
90,273
167,585
77,163
62,62
164,498
82,185
18,247
72,286
41,952
77,761
59,678
114,513
43,211
18,493
138,668
191,401
95,39
23,703
174,674
152,84
81,470
63,38
19,682
101,500
89,372
127,816
179,359
103,790
140,402
34,98
37,594
101,645
176,375
76,681
144,151
59,18
129,283
16,668
87,536
103,180
193,93
136,215
75,776
146,913
6,730
19,412
127,475
151,792
36,452
21,506
183,164
1,145
70,313
117,250
193,661
1,874
57,108
59,278
69,938
38,763
112,384
38,533
182,491
72,507
18,104
97,433
180,682
6,382
81,271
2,775
116,490
89,761
47,188
24,383
165,523
64,274
124,454
142,896
112,579
169,62
186,662
79,724
117,321
190,454
90,281
43,753
134,315
53,583
77,160
63,725
79,517
46,247
65,470
78,410
109,201
132,294
183,880
120,518
136,588
162,994
32,361
42,30
192,869
170,110
71,88
200,713
172,622
131,127
20,997
97,290
24,845
42,222
120,221
24,315
101,274
87,255
98,806
149,535
153,616
27,127
154,450
58,206
6,986
175,221
85,579
138,692
121,447
64,107
195,928
143,272
14,697
43,943
6,312
50,694
80,177
138,369
195,281
109,464
51,659
153,585
30,591
143,757
189,878
171,141
118,215
109,841
186,161
22,390
10,223
171,897
61,376
69,823
194,353
198,8
159,464
56,604
115,811
74,882
60,125
171,884
159,5
166,92
92,722
12,882
102,149
108,149
149,539
125,194
148,2
160,416
184,799
30,680
103,302
38,376
157,589
123,76
73,833
34,190
39,435
73,233
130,428
157,248
34,597
178,51
45,475
48,526
165,303
112,486
188,841
54,808
4,37
120,765
162,572
122,325
131,788
114,19
171,862
79,400
128,726
99,957
175,704
12,179
188,206
115,539
138,173
185,444
66,681
165,103
147,607
65,885
171,557
172,866
153,77
90,3
60,933
6,793
6,788
119,975
89,946
112,1
52,667
172,397
3,593
152,754
170,258
186,871
180,491
108,340
102,171
191,796
144,952
174,68
147,349
126,388
186,121
162,334
10,23
154,588
167,598
111,264
143,358
28,829
53,226
148,71
77,461
109,409
151,837
188,684
70,387
193,417
197,913
108,548
68,910
10,885
44,725
130,26
71,834
69,548
64,864
180,870
47,664
29,35
156,34
55,594
107,725
33,470
156,191
33,290
31,700
19,817
112,731
193,222
159,359
19,360
141,242
8,918
155,614
100,757
127,582
162,620
170,241
187,458
5,690
33,632
66,628
5,345
146,909
152,993
6,325
57,892
99,618
78,687
70,472
177,157
163,508
28,525
6,715
5,41
88,862
188,941
52,589
131,409
88,356
181,715
38,505
133,424
114,233
132,206
9,72
178,630
153,917
5,122
44,670
58,384
13,994
77,88
63,404
108,291
184,7
149,2
129,884
178,544
56,712
25,380
104,499
198,989
184,93
114,561
196,810
106,29
168,305
41,88
7,624
197,89
10,594
195,447
147,562
141,538
37,413
123,768
157,615
65,510
195,863
142,437
143,742
37,333
91,936
153,654
107,607
156,728
43,836
190,931
22,342
71,110
99,159
82,646
62,669
178,607
69,203
109,13
103,926
164,290
76,8
27,386
189,917
20,414
191,410
190,640
77,332
72,539
169,839
35,493
36,821
108,339
175,580
101,745
115,282
130,735
17,913
58,673
3,315
69,176
8,685
193,282
40,162
36,136
156,578
110,132
86,527
158,807
163,108
125,509
55,513
156,63
71,249
37,359
90,381
179,438
114,4
29,32
5,555
37,133
21,590
158,527
197,707
14,255
51,156
55,572
118,716
145,698
151,45
170,915
4,555
17,449
194,750
132,328
168,237
142,677
106,768
102,620
132,334
152,415
84,282
46,471
146,955
132,976
102,661
83,338
6,652
56,15
187,481
91,604
169,84
10,266
11,246
61,43
119,896
109,487
135,733
147,136
59,979
146,500
121,688
166,927
186,297
91,254
111,420
196,122
65,452
173,903
112,131
139,374
163,38
127,206
19,265
26,628
106,794
134,360
29,325
156,776
176,706
146,143
148,653
76,540
165,564
100,805
186,349
76,576
65,574
147,6
179,728
129,93
25,493
13,692
6,768
15,113
167,335
12,895
186,210
8,280
39,408
6,414
8,837
80,145
57,155
121,217
114,166
149,679
102,938
143,439
129,89
116,792
127,957
167,212
117,531
170,609
17,759
75,843
183,867
129,389
27,453
4,207
109,847
15,569
146,701
108,353
10,471
189,272
131,36
112,809
133,471
17,963
25,922
26,223
196,665
31,91
191,331
52,833
3,294
50,700
49,874
9,318
135,36
171,624
153,945
63,749
126,913
113,363
28,314
191,911
59,909
169,910
24,485
122,317
76,492
167,728
29,682
67,126
14,373
25,457
77,473
28,233
40,113
134,20
183,30
40,806
93,755
122,694
63,19
28,754
18,975
187,210
191,863
2,830
25,123
192,315
22,905
7,230
62,919
38,359
120,447
103,333
82,242
142,138
106,281
123,55
13,746
139,201
136,146
37,451
34,673
51,242
88,34
174,786
50,233
134,931
16,192
126,387
106,659
110,838
157,63
175,784
171,297
96,466
156,657
199,85
109,464
23,652
151,876
171,800
28,436
2,288
49,683
184,178
91,290
199,338
39,498
33,975
125,453
72,614
30,882
83,408
86,816
36,980
55,954
166,252
33,562
7,32
193,50
176,157
136,102
142,332
173,470
126,63
193,134
36,896
61,362
79,628
192,179
9,347
47,997
4,53
148,411
86,451
113,498
40,223
79,362
62,160
55,455
101,438
78,392
90,131
126,699
150,331
155,560
45,139
168,275
10,918
7,5
138,729
195,291
181,853
108,374
189,362
97,675
118,392
102,296
164,246
136,792
173,776
43,990
27,359
40,526
185,552
97,34
183,91
8,594
60,890
182,643
76,348
46,819
142,464
128,922
51,895
135,272
185,294
68,694
39,176
55,382
88,420
131,683
73,872
187,828
180,121
171,26
72,139
192,729
25,611
81,156
90,1000
134,434
133,581
24,700
96,129
168,588
127,592
199,88
186,434
68,705
36,396
73,784
59,907
54,863
135,842
63,75
166,559
172,906
188,168
52,155
68,401
170,394
10,307
108,799
38,710
18,804
37,226
46,325
190,157
128,725
160,219
166,778
68,755
1,916
89,589
172,106
51,972
144,848
24,983
82,849
1,66
97,870
38,448
156,277
100,846
100,779
120,339
126,650
95,195
26,424
47,502
157,512
118,96
111,64
200,710
155,773
21,176
91,226
79,995
45,825
101,79
143,423
55,534
142,781
54,382
106,854
14,579
150,678
123,668
100,213
161,528
15,926
46,396
12,529
45,562
61,462
115,32
123,619
80,434
175,853
18,552
86,819
187,430
27,838
136,30
6,233
96,718
59,953
158,914
102,123
22,826
141,28
126,573
6,910
179,833
163,760
2,347
53,13
158,309
112,690
131,472
182,793
127,279
70,301
126,916
8,454
179,717
52,900
167,392
99,529
37,436
186,397
120,105
61,217
125,17
151,196
4,902
46,411
34,520
156,282
66,648
30,731
86,614
75,537
30,784
160,419
171,72
93,570
120,898
58,449
73,250
117,126
117,991
74,31
97,747
147,673
49,554
140,381
24,185
42,161
129,251
55,634
58,930
82,211
129,466
107,139
160,131
54,146
160,539
76,977
198,829
73,253
109,22
101,167
157,976
35,243
76,887
153,609
21,698
142,356
122,707
62,791
124,453
180,47
77,900
178,943
109,521
155,657
165,61
129,118
153,588
196,266
193,838
1,462
192,388
147,735
183,618
181,282
140,348
17,612
196,974
84,370
171,731
7,958
186,195
42,259
8,37
123,861
158,999
100,726
157,398
178,503
29,833
168,731
90,425
137,308
194,805
180,186
173,362
117,341
138,289
61,978
94,596
100,562
168,993
149,695
113,664
174,535
118,225
155,225
163,784
10,203
112,516
164,671
163,500
159,84
133,240
78,318
105,645
23,547
170,530
107,863
190,908
41,275
122,906
178,117
19,40
142,95
93,211
116,440
155,249
89,272
137,71
117,506
51,52
46,9
76,119
28,405
58,539
198,991
97,503
82,235
193,600
87,126
9,452
93,575
31,788
36,238
75,922
175,512
169,734
68,237
156,980
158,524
85,437
34,419
130,310
116,124
23,26
198,403
59,497
99,543
18,589
104,28
60,399
57,453
48,117
25,850
115,688
124,745
186,205
199,263
3,948
119,558
16,187
53,173
199,765
26,621
112,329
131,138
153,369
159,932
16,405
111,898
26,525
21,469
1,498
22,245
186,95
3,655
88,642
178,611
182,436
60,456
51,382
49,684
132,940
162,402
154,411
87,262
26,569
113,415
174,55
160,825
198,14
18,770
120,413
195,59
44,111
90,669
163,780
111,909
113,630
57,964
82,146
136,312
159,903
151,589
131,639
103,164
74,304
127,20
177,845
11,440
149,998
122,476
42,696
132,440
8,241
20,574
70,100
47,529
10,217
97,484
37,827
29,678
89,769
184,589
121,319
89,815
114,729
79,924
60,330
73,186
59,603
143,111
79,739
155,458
135,568
189,407
175,108
157,235
26,698
10,615
119,902
97,962
155,173
127,446
91,294
18,511
85,41
168,99
187,194
74,759
107,110
28,759
41,817
90,651
10,669
104,998
189,783
134,872
9,75
62,243
79,406
122,70
136,405
64,727
128,743
189,759
72,284
97,565
134,403
107,585
52,155
156,493
176,163
134,140
89,595
173,1000
63,985
135,819
33,982
9,252
163,663
114,730
138,12
97,990
162,362
62,479
128,925
25,495
14,827
40,642
198,968
108,732
47,563
15,298
116,573
9,945
101,644
67,965
111,213
147,242
60,164
18,982
189,690
65,822
83,283
41,609
41,506
36,627
51,305
95,521
64,359
119,98
98,802
105,146
45,530
117,689
149,742
65,899
2,202
164,944
151,847
60,108
44,924
46,356
190,84
130,545
165,235
44,43
104,264
30,6
49,472
55,652
44,629
88,84
169,906
195,241
104,668
182,310
87,606
67,159
76,386
124,476
39,432
19,839
95,309
97,810
119,481
64,966
140,958
123,794
5,148
128,705
96,996
60,772
36,551
155,110
44,672
59,316
125,693
78,683
125,42
100,97
95,243
58,981
158,161
21,352
194,347
151,315
82,870
68,299
138,929
111,802
121,805
114,859
163,386
197,816
82,744
199,60
24,960
199,101
19,20
110,342
38,562
156,352
123,751
86,73
190,535
11,229
30,363
16,371
56,243
199,474
46,292
56,967
2,510
120,858
177,718
145,713
28,449
181,251
146,376
112,820
34,397
18,964
152,642
197,580
145,827
2,413
44,290
111,292
155,247
143,101
32,568
132,514
154,527
75,422
112,163
162,301
127,146
69,893
146,653
56,890
130,454
34,487
144,203
11,626
18,713
149,190
3,634
113,948
167,81
128,260
128,611
70,420
47,988
152,786
122,730
139,620
48,974
142,742
128,919
66,390
200,274
141,562
97,473
177,330
157,953
70,603
136,92
146,887
200,129
60,972
196,922
88,589
78,5
93,467
173,523
12,785
143,517
36,354
52,861
185,385
72,650
113,491
124,277
141,471
90,165
49,482
19,26
97,347
83,887
155,897
157,451
183,601
183,719
53,588
118,334
122,463
102,621
69,398
14,114
141,971
155,125
150,72
187,652
103,444
187,71
8,920
68,207
7,783
152,502
64,611
198,356
144,602
30,49
95,879
78,795
89,938
142,352
177,168
182,185
137,275
8,338
56,302
64,764
170,667
189,383
175,881
135,503
5,955
146,168
42,604
162,687
98,906
13,405
160,41
84,504
19,271
152,915
186,747
180,55
57,15
4,563
99,663
147,733
117,249
135,395
142,461
90,97
57,811
84,131
130,507
104,621
96,785
105,195
142,686
94,237
179,514
18,311
82,563
61,95
2,454
59,879
155,109
127,821
196,379
195,732
179,153
178,332
15,370
182,401
154,870
67,401
23,314
194,651
89,826
109,989
3,797
99,979
188,362
52,977
189,925
57,877
180,420
86,850
143,867
182,437
145,141
187,875
82,936
134,691
127,818
180,252
138,46
106,902
63,668
119,645
199,238
146,277
67,740
59,923
147,116
65,252
27,767
99,716
72,551
18,721
172,617
135,763
94,649
6,560
112,639
171,191
197,866
59,207
15,239
27,545
176,358
147,595
180,427
50,967
151,22
190,492
42,720
15,301
64,596
57,894
22,207
131,741
125,560
39,601
75,50
129,844
61,252
153,63
96,166
140,549
170,594
123,123
127,662
10,710
30,736
117,870
174,426
19,767
167,535
106,618
173,421
85,62
141,54
66,676
188,481
141,534
192,757
173,818
190,47
21,338
28,605
172,693
157,138
51,849
82,542
126,579
26,343
47,615
35,184
112,936
94,670
33,379
150,721
141,371
37,375
171,250
64,333
155,246
32,453
141,254
145,471
120,2
104,800
89,328
165,611
79,86
88,497
155,199
93,557
60,355
82,890
114,215
5,349
2,27
91,67
195,733
136,179
114,627
13,539
27,77
153,805
167,396
88,589
72,269
84,108
39,431
42,474
5,161
167,152
186,803
46,846
122,294
151,677
87,493
167,350
72,441
82,659
110,959
64,316
197,5
124,414
82,775
107,387
2,656
179,985
50,522
81,563
18,705
55,589
47,566
191,668
11,479
107,980
151,53
83,382
115,626
41,13
8,275
70,935
173,892
200,355
12,534
62,989
114,557
178,484
50,737
172,805
152,187
143,259
58,25
144,760
21,453
104,203
28,286
15,10
166,834
72,849
83,68
123,62
61,635
171,761
125,588
1,728
192,62
69,888
38,344
180,252
48,75
42,498
155,97
183,159
140,124
19,377
120,925
70,682
143,475
127,879
3,389
29,39
75,341
121,486
113,255
145,994
37,651
158,982
155,716
122,777
97,728
143,258
105,172
27,326
26,839
58,621
172,408
173,288
168,989
15,552
114,405
66,863
197,251
79,442
4,525
26,110
136,21
58,264
43,159
188,573
127,602
54,367
57,132
89,802
6,336
157,880
18,925
152,689
184,515
13,177
46,190
155,198
72,475
193,121
20,726
10,800
7,465
167,405
114,160
107,418
81,355
127,41
180,769
125,976
69,943
78,73
62,759
178,346
188,238
106,518
9,474
132,417
23,843
24,785
153,27
182,748
69,661
123,468
172,879
17,706
74,308
137,145
17,161
154,509
42,808
197,298
75,451
123,580
27,694
106,318
172,293
188,416
187,524
20,794
83,561
174,276
11,501
97,419
139,408
106,968
166,835
39,347
61,788
86,124
134,873
33,784
189,310
126,552
146,238
197,621
106,744
193,682
134,104
38,927
154,923
60,24
186,895
190,613
162,395
171,664
50,945
60,927
104,664
64,841
7,236
124,559
5,767
144,665
12,220
118,268
16,890
132,838
173,431
44,646
120,80
152,760
26,749
162,799
184,637
100,707
117,2
129,896
109,40
94,188
21,737
124,620
36,69
164,105
42,75
81,530
52,556
182,619
46,844
178,97
82,453
47,589
176,841
128,650
50,74
179,654
83,858
28,229
74,342
186,230
133,553
73,951
49,570
98,522
89,255
5,941
113,859
87,349
96,580
30,563
62,857
150,745
74,363
172,993
185,465
75,823
180,313
178,301
115,454
31,184
7,32
185,584
1,387
188,144
173,152
152,369
32,5
58,803
172,78
53,193
80,946
27,254
24,201
102,267
105,416
199,805
48,1000
188,453
121,113
40,610
167,786
61,457
59,219
7,587
38,476
87,302
145,870
47,443
76,511
61,339
83,356
143,642
97,896
19,184
162,993
167,233
97,360
89,279
68,936
173,790
83,985
92,179
182,21
190,693
132,416
48,806
22,146
119,862
120,672
3,323
76,497
109,41
86,664
170,996
180,810
164,960
199,809
56,725
7,866
54,109
72,554
149,715
175,254
62,334
87,814
153,137
55,296
67,532
6,200
195,738
138,187
30,26
34,427
159,134
80,105
140,767
10,453
32,94
70,867
33,272
43,893
56,431
34,884
47,155
100,150
142,643
78,47
95,864
198,18
40,367
105,895
115,307
44,480
74,774
38,216
102,510
4,454
49,959
195,364
199,640
22,324
147,552
116,942
151,73
166,488
195,759
44,94
38,558
134,131
73,171
1,689
189,339
145,236
148,341
85,497
59,212
18,566
112,66
134,467
175,924
94,468
75,296
12,826
11,888
184,109
193,350
129,412
160,200
154,638
159,351
97,326
68,982
190,143
126,697
24,317
89,601
108,240
124,834
76,378
152,266
119,663
63,870
35,9
149,241
195,976
195,453
128,428
182,80
177,817
128,576
6,854
123,842
152,17
168,272
75,67
69,922
164,420
171,635
196,658
159,818
27,391
170,817
159,967
185,600
118,310
196,529
197,902
136,995
91,569
169,826
99,157
97,168
28,518
91,456
124,522
96,475
161,967
74,980
18,396
158,991
161,965
187,757
117,399
79,795
136,432
161,310
136,906
141,135
198,35
29,986
141,191
198,938
182,937
194,34
78,97
11,51
4,632
64,268
125,532
143,575
193,606
178,892
153,606
120,644
172,691
67,82
190,909
137,585
119,799
200,108
144,35
161,214
64,822
66,712
74,964
111,566
76,250
146,215
120,295
38,947
6,753
142,124
78,397
133,196
89,330
58,233
12,197
144,921
194,873
15,969
136,301
167,102
47,793
175,221
102,886
3,747
127,303
187,907
50,460
146,7
93,957
30,902
173,232
107,534
73,666
98,787
157,904
140,141
80,838
13,273
182,177
28,851
138,869
113,255
37,560
199,284
75,24
22,947
51,179
6,639
10,50
9,891
116,449
47,205
31,719
107,335
127,233
178,440
176,253
114,979
21,844
198,252
78,952
148,160
65,379
120,533
41,291
101,82
50,666
149,100
84,883
16,250
98,900
135,545
64,115
54,831
128,138
113,581
187,191
187,256
114,485
89,308
120,475
87,430
57,706
6,859
6,188
31,898
177,294
103,537
86,475
151,844
39,624
39,846
80,777
62,678
121,366
95,384
66,403
130,883
127,468
200,353
13,393
85,874
17,855
14,853
50,581
125,492
185,333
116,15
117,155
136,977
37,920
4,580
166,186
110,185
109,821
53,651
41,898
159,294
79,416
186,125
192,613
33,782
182,164
8,248
97,285
20,642
22,373
48,199
74,762
117,880
168,811
6,504
41,930
65,487
20,898
195,285
107,154
145,92
15,586
30,561
128,412
122,36
182,318
45,946
60,337
136,24
160,363
5,942
193,327
48,208
74,765
185,122
197,789
139,452
196,607
70,928
49,448
5,280
154,626
181,479
97,697
196,261
43,879
39,778
74,883
100,186
6,597
108,340
121,649
183,522
189,142
74,14
152,453
6,163
37,49
89,914
79,334
95,23
155,816
195,372
17,150
154,922
25,615
132,273
131,145
6,509
43,896
105,811
41,17
126,762
128,834
47,691
198,429
62,1000
97,293
180,671
199,195
112,606
67,874
45,566
170,187
90,849
124,359
31,767
137,658
11,95
89,769
77,705
194,316
110,114
200,490
110,45
98,148
15,984
127,225
86,745
17,45
143,951
54,10
102,760
159,915
96,428
136,970
124,54
198,226
164,649
184,292
18,206
114,409
79,364
88,902
24,654
56,295
116,725
66,373
136,714
12,117
90,923
38,282
168,142
142,175
123,785
174,661
114,276
72,257
161,285
184,363
120,334
165,616
156,887
124,499
28,439
94,716
65,259
135,192
107,758
127,698
138,210
147,956
90,582
87,906
21,206
91,974
8,695
197,682
11,751
192,344
88,231
168,203
22,776
16,915
152,196
31,481
98,545
174,973
11,742
111,661
179,936
85,304
16,260
40,72
149,717
53,267
37,717
50,269
47,166
161,974
76,395
91,241
44,127
176,715
18,86
155,475
18,980
122,438
4,433
91,478
65,110
121,123
147,535
91,28
188,25
56,905
119,364
114,736
42,721
138,957
128,765
2,17
191,214
9,718
45,563
67,856
42,857
113,65
57,995
195,472
59,122
170,36
30,476
194,764
4,155
49,957
150,847
13,739
57,218
41,78
117,81
158,9
199,562
49,651
28,714
178,29
86,964
59,170
90,644
153,605
29,431
12,27
2,439
133,896
136,79
146,257
151,510
167,783
1,968
95,441
180,817
115,990
13,502
53,777
24,717
67,855
25,314
192,572
142,20
23,824
136,964
65,770
115,314
41,1
186,335
187,259
193,610
134,412
118,425
114,862
172,447
175,815
60,831
178,206
172,9
79,791
14,741
57,957
73,119
121,188
181,488
168,898
6,35
19,593
132,299
117,289
2,159
85,112
99,398
97,134
119,90
29,647
55,240
70,907
32,952
33,675
43,941
195,769
101,958
109,100
31,103
142,565
172,90
200,833
44,675
109,960
40,534
161,811
131,457
169,793
21,969
60,130
8,624
60,141
92,707
200,764
131,989
112,265
85,711
94,186
45,914
47,352
159,306
57,822
193,584
173,700
75,223
82,784
193,916
187,852
28,824
82,217
59,56
75,897
118,847
84,582
103,743
137,44
50,534
88,225
113,554
130,122
26,506
147,359
154,646
104,351
121,814
153,335
36,201
32,16
47,49
142,479
199,128
85,385
67,872
43,357
89,639
65,66
98,463
102,11
161,425
41,590
115,407
32,660
142,736
138,848
132,722
75,675
106,268
39,656
150,489
6,301
151,976
28,111
101,846
153,552
158,607
131,678
164,144
167,99
138,140
78,914
37,124
7,384
79,85
167,581
104,241
12,324
113,503
108,651
176,191
41,417
177,144
142,435
53,421
106,894
183,145
52,552
13,546
123,557
70,516
28,229
91,812
156,17
195,319
120,881
9,440
164,258
26,454
150,375
63,45
22,767
169,54
190,76
107,685
112,992
104,603
4,507
47,481
147,274
169,762
118,75
126,224
135,369
154,935
28,252
121,650
182,514
123,426
145,707
166,164
2,370
54,820
38,794
24,768
20,375
126,81
97,682
58,790
188,920
108,398
24,685
148,109
13,802
34,691
35,321
182,407
16,869
200,465
128,889
36,545
146,900
7,413
56,280
192,919
141,230
122,219
177,705
189,586
54,773
50,903
142,158
88,831
185,575
44,509
151,907
142,805
140,916
184,342
18,247
155,703
86,37
181,520
197,760
148,405
197,593
142,983
182,657
16,39
38,463
104,482
144,692
151,947
17,952
147,461
168,120
176,654
171,902
30,947
154,521
64,29
167,864
191,398
185,990
189,66
116,72
177,227
14,890
152,756
3,16
123,236
54,506
112,293
135,229
9,922
148,787
18,277
135,278
55,16
71,412
119,413
25,814
1,901
63,941
140,976
50,123
64,818
24,439
152,727
110,331
174,470
127,301
12,829
62,138
37,405
33,349
53,405
50,570
135,444
165,869
91,631
92,189
42,619
109,508
72,684
84,53
183,703
49,938
96,44
91,171
84,492
176,370
59,482
80,116
144,664
93,614
2,492
163,504
102,941
64,453
123,335
44,897
117,761
107,964
32,677
104,529
23,237
133,869
81,870
64,569
119,272
89,12
147,803
161,637
24,334
173,190
138,156
163,276
155,632
5,239
171,28
39,459
71,109
187,145
65,540
198,64
52,640
166,57
56,78
100,869
197,58
35,794
35,356
197,630
23,781
105,228
8,330
120,606
47,551
67,293
169,220
190,809
177,624
103,945
57,930
129,947
75,545
118,961
26,936
177,114
77,460
158,354
149,601
102,35
84,985
139,962
152,591
41,941
84,175
133,183
76,247
28,521
167,98
140,50
168,829
59,23
41,405
168,884
198,629
80,378
64,418
8,42
144,987
27,392
163,65
35,692
176,263
91,995
106,673
58,470
26,58
13,208
63,991
68,540
117,308
124,709
124,676
57,663
157,115
109,628
29,355
123,39
154,409
179,110
32,638
104,301
89,190
85,146
198,388
148,95
120,162
53,900
197,529
178,54
85,647
191,884
115,465
74,987
144,113
144,712
117,974
33,840
22,576
7,355
75,614
172,592
114,227
79,952
136,390
199,840
12,268
60,418
135,196
95,647
59,275
92,706
181,634
90,706
198,587
87,716
199,933
152,75
145,102
42,874
43,276
90,118
64,406
166,448
29,262
153,365
123,5
136,31
60,751
149,188
4,770
180,87
145,134
102,357
117,180
39,364
38,147
5,977
196,427
98,290
24,129
72,792
17,647
168,771
95,970
27,772
62,712
131,723
183,399
4,628
128,672
50,128
149,513
195,805
52,451
63,291
106,173
15,724
93,401
112,307
90,8
49,73
62,566
198,707
79,179
99,263
22,35
87,568
76,304
14,31
164,178
190,208
102,622
191,501
152,713
54,448
187,688
41,97
41,31
176,468
143,556
78,273
136,610
83,731
164,142
194,818
9,753
197,846
176,407
52,29
179,197
20,977
66,582
11,905
83,359
78,368
165,154
138,448
199,970
57,203
38,189
124,262
22,156
87,902
88,571
198,873
128,257
26,976
87,315
70,624
82,494
6,717
167,230
73,110
26,225
165,256
172,73
47,163
108,248
73,813
110,415
157,852
163,97
97,388
21,965
98,850
26,495
187,868
130,551
192,864
52,736
60,322
41,112
21,712
128,827
64,767
119,814
37,610
31,43
45,883
36,181
81,380
51,337
66,914
166,495
177,345
9,16
177,430
43,911
135,582
129,935
88,401
158,603
89,597
94,186
199,250
168,821
147,337
129,305
165,743
168,241
191,659
71,796
126,146
56,566
118,65
156,456
179,608
53,500
96,546
110,351
197,988
131,514
128,709
132,86
12,443
95,622
9,296
154,83
29,563
179,750
52,523
106,463
107,346
156,420
174,455
121,521
185,53
91,211
130,108
125,181
198,909
112,701
180,762
191,596
87,515
117,270
39,104
56,941
107,358
29,14
32,76
128,108
161,545
181,719
39,815
6,647
95,980
3,340
138,60
58,524
8,927
84,122
169,103
131,680
64,796
125,567
139,18
137,348
93,810
31,670
181,770
42,987
148,457
46,162
54,13
8,761
42,701
10,876
170,504
178,352
181,526
5,435
154,612
83,255
2,590
42,602
103,764
83,259
176,569
99,930
61,290
171,651
51,604
132,391
32,241
98,727
145,297
134,806
197,292
191,262
57,224
35,680
38,274
149,457
79,824
42,542
34,240
172,71
77,387
151,34
110,516
172,470
34,496
143,178
57,375
193,944
41,471
128,401
120,487
12,430
159,233
175,484
51,428
124,999
64,535
109,543
28,148
173,705
61,966
185,536
166,854
107,987
119,212
88,663
101,728
132,78
8,958
23,821
58,373
122,518
186,823
100,815
132,906
8,743
94,651
142,333
122,357
116,71
26,735
143,362
154,874
69,398
66,396
167,451
199,669
25,41
170,626
170,71
153,738
141,326
135,451
25,427
49,555
198,224
70,92
181,219
11,742
191,733
111,555
33,780
136,846
92,293
186,166
1,241
58,345
92,343
65,294
177,118
164,992
142,545
15,416
52,302
123,878
140,913
4,493
122,875
125,503
135,965
163,664
117,184
137,742
100,603
14,539
142,237
27,247
67,790
116,243
116,188
107,293
200,970
18,269
157,303
31,136
45,332
71,166
27,902
76,216
39,816
57,145
31,288
75,822
114,26
41,304
88,121
76,206
52,834
44,393
91,614
58,976
197,365
51,365
34,224
162,364
149,616
195,333
99,4
28,288
59,918
196,873
115,596
139,454
76,849
95,55
44,606
35,38
134,219
10,99
127,895
53,361
63,493
29,854
120,288
19,518
195,911
140,373
68,110
120,341
164,517
166,346
161,620
122,672
23,196
170,884
71,662
1,804
143,999
135,890
12,3
36,195
180,815
59,305
155,976
49,850
137,597
170,290
67,721
127,209
112,462
1,814
91,827
180,140
48,437
32,137
145,387
7,199
198,455
200,287
67,450
94,273
89,721
66,643
24,713
63,735
116,279
41,76
69,341
181,868
4,52
126,456
85,103
35,886
10,344
4,777
2,651
83,736
123,537
154,767
190,300
178,108
160,21
170,947
150,792
62,652
62,480
108,540
183,616
55,795
64,323
85,394
71,610
173,207
61,280
180,159
17,528
166,944
84,37
125,764
117,126
58,748
134,843
120,712
11,726
104,914
59,427
152,121
126,343
174,567
127,597
24,978
42,126
139,271
115,675
134,892
64,83
74,832
123,864
128,564
19,20
175,332
59,612
182,396
38,131
145,464
197,185
161,357
140,687
167,47
127,186
108,711
23,35
24,528
197,559
77,76
30,148
185,168
113,206
157,345
101,674
132,526
103,719
123,281
66,870
23,324
42,741
62,866
117,723
109,96
126,2
35,976
145,485
150,763
103,661
176,454
64,626
39,262
72,14
186,459
54,921
57,211
38,284
88,929
5,6
106,728
87,795
129,418
194,252
70,840
85,99
126,392
90,29
174,874
187,791
89,243
68,108
102,655
106,955
179,711
130,590
60,22
197,417
80,115
167,290
140,697
161,769
197,255
26,80
172,102
85,495
163,700
29,629
13,81
95,263
146,581
62,759
129,493
187,88
99,52
33,12
105,735
84,948
138,382
199,603
16,494
42,470
14,412
132,316
191,343
146,764
198,418
164,734
186,943
119,672
134,941
119,417
169,326
162,32
147,281
137,978
14,255
158,946
144,528
15,447
149,951
69,107
65,356
43,814
125,820
88,807
61,912
91,314
158,463
113,781
22,586
37,99
26,402
108,103
141,130
63,435
144,61
9,427
169,742
151,54
139,309
8,152
107,913
116,136
144,354
36,738
27,542
160,305
32,237
72,544
30,926
42,507
107,953
192,449
185,559
180,27
141,177
170,274
94,752
114,902
128,713
1,656
190,695
44,605
170,818
138,474
46,158
101,303
31,37
165,871
29,795
41,230
80,268
112,418
99,471
42,699
133,622
25,46
163,456
148,514
57,209
156,940
135,852
145,69
197,981
133,802
73,329
168,259
27,761
187,274
132,684
51,52
25,769
139,344
128,786
64,789
19,738
12,14
113,998
142,195
43,476
197,5
122,187
68,544
89,424
102,676
28,874
31,712
159,233
38,607
57,830
134,108
175,163
137,920
112,640
102,199
200,897
165,820
68,405
35,285
147,801
129,453
148,543
38,211
69,747
169,67
125,252
198,562
72,100
167,651
73,512
83,190
37,360
163,434
181,701
185,674
99,437
19,686
47,309
127,351
86,356
9,251
161,410
110,588
21,638
73,612
157,682
165,495
165,977
63,419
195,328
124,808
26,436
189,287
172,624
118,595
78,271
43,133
139,503
124,500
37,387
56,460
25,5
185,842
152,336
149,136
5,615
95,135
131,433
74,441
1,860
54,889
182,384
67,742
62,553
142,675
92,32
18,321
170,309
72,972
183,619
200,613
191,669
27,445
46,40
132,432
198,242
105,252
1,436
162,202
193,684
152,832
151,427
77,468
64,852
38,365
115,980
169,453
197,839
109,297
176,419
160,317
143,937
193,131
19,749
22,666
120,689
48,577
134,78
69,759
110,685
174,911
39,688
135,965
2,124
108,205
183,829
118,364
8,568
82,541
70,369
41,396
119,877
29,947
154,435
129,888
55,457
86,736
88,234
161,319
171,229
27,864
118,102
74,241
78,244
27,765
197,662
197,121
14,753
173,633
94,971
24,583
139,430
96,771
155,856
174,392
167,712
26,898
20,528
103,515
153,366
137,490
81,705
61,400
149,524
167,606
44,320
100,79
45,509
17,665
76,812
46,526
78,541
166,918
11,907
128,539
9,627
160,222
6,358
157,248
86,310
42,196
171,577
144,652
136,639
118,877
144,392
60,732
131,512
181,132
75,976
141,679
193,292
158,325
10,904
104,811
60,476
165,916
96,303
154,940
136,454
21,387
38,334
169,462
154,10
61,409
59,641
28,49
183,474
77,215
101,872
146,387
194,549
17,455
98,429
33,299
41,662
32,653
145,25
9,221
167,480
150,329
78,718
16,411
190,825
64,278
196,27
183,764
28,532
137,893
122,519
160,611
10,827
91,341
57,122
140,195
73,650
94,532
95,235
7,251
75,110
12,707
179,497
128,171
101,795
149,270
68,223
37,228
46,910
82,686
115,541
28,706
108,900
82,512
76,798
34,788
173,40
191,89
2,627
24,529
30,360
122,385
24,93
145,53
8,467
109,607
118,972
91,951
185,287
102,832
57,156
102,459
156,12
63,185
189,318
4,148
132,218
95,735
199,128
19,443
186,578
166,944
172,878
154,168
103,692
171,912
81,981
75,28
96,158
54,370
32,170
83,488
199,670
97,605
33,369
124,639
131,964
176,447
163,550
112,287
192,132
10,969
158,929
87,680
178,635
150,131
39,822
156,398
135,451
200,157
80,729
77,578
7,697
175,523
121,451
106,971
4,265
40,572
97,894
151,758
113,133
62,838
36,15
180,319
46,869
193,310
187,370
113,194
110,406
159,784
2,659
161,786
111,422
140,249
160,618
42,985
141,745
144,247
11,473
170,920
113,819
76,98
145,835
13,51
83,481
143,347
21,594
118,316
140,719
144,971
36,806
72,846
195,687
118,43
193,47
130,470
140,576
125,531
2,52
143,226
115,336
77,180
35,666
103,139
168,858
102,873
140,578
162,585
93,524
93,498
81,41
19,725
97,273
149,357
12,924
163,978
164,368
149,926
16,331
169,586
141,3
25,404
154,991
167,873
60,321
200,105
189,645
123,880
109,296
112,129
194,561
123,385
79,722
146,171
114,30
22,155
137,805
119,456
61,691
9,410
66,614
114,731
99,469
142,735
125,58
101,575
93,762
149,951
59,957
20,924
161,186
115,557
120,296
114,780
138,872
54,898
16,76
91,340
116,996
28,215
75,720
159,119
55,486
40,940
73,118
159,540
10,692
130,798
121,248
51,42
45,60
146,286
189,616
43,709
71,867
73,403
192,812
125,410
54,104
160,524
76,214
180,653
146,180
89,159
25,265
184,726
194,769
10,680
46,693
170,649
125,941
118,568
80,757
82,176
129,586
98,151
96,704
98,922
26,92
161,809
166,171
38,338
109,585
42,1000
145,36
47,267
58,873
178,799
98,600
192,955
67,853
83,171
1,1000
157,607
145,753
64,163
157,723
120,728
181,69
49,850
49,209
157,961
195,383
188,118
181,658
29,807
99,335
127,187
125,798
6,623
98,128
54,246
118,524
66,179
35,768
138,34
87,928
192,348
161,464
101,849
176,495
1,331
29,788
48,640
111,843
29,238
58,229
63,792
45,442
103,483
28,980
96,608
198,289
185,351
170,519
12,809
193,290
162,827
94,30
9,733
197,670
43,131
125,827
71,40
144,329
143,499
52,796
59,364
14,947
170,73
11,15
10,607
47,231
189,414
128,426
185,195
161,190
34,847
41,80
69,576
120,538
166,581
187,697
128,799
137,47
97,658
144,776
97,200
158,824
154,378
108,576
160,580
62,267
110,585
132,488
140,501
123,339
28,14
174,821
49,523
11,451
156,249
144,108
74,415
149,349
74,485
1,565
19,364
200,315
178,658
156,549
29,848
2,831
14,608
57,191
190,431
190,681
181,720
147,236
186,302
52,821
2,46
16,663
172,909
19,65
52,234
184,792
120,388
173,399
129,578
96,152
19,737
169,975
61,145
60,179
155,579
189,301
165,371
25,211
166,45
157,463
132,767
30,140
114,257
73,751
32,437
161,152
7,773
40,99
19,413
111,817
45,375
15,291
88,505
149,281
134,169
6,34
2,935
145,542
30,155
168,310
120,563
35,283
165,961
69,516
35,851
85,107
141,383
50,804
161,22
28,595
155,123
178,351
14,429
122,520
63,447
40,718
20,367
140,637
95,115
167,993
83,54
49,322
146,939
60,235
47,477
144,556
70,640
129,230
66,258
1,680
18,469
110,337
79,300
61,775
80,713
105,483
187,209
188,85
1,630
181,761
12,41
78,247
34,449
178,389
65,510
130,989
161,19
103,27
74,972
119,602
159,406
126,776
117,989
66,587
134,625
70,121
12,504
153,846
63,884
9,610
172,385
200,269
159,887
139,273
114,306
23,112
197,753
166,438
172,471
38,501
25,150
89,482
119,362
184,336
161,761
67,629
138,409
128,930
187,190
58,408
11,854
47,978
3,104
62,739
103,925
49,883
38,606
196,516
175,974
58,621
117,231
57,480
24,273
117,10
96,873
190,856
105,244
179,33
187,465
130,852
32,916
102,765
79,385
39,483
97,655
182,364
192,885
41,407
14,921
112,692
195,59
44,981
152,137
136,538
48,606
151,107
190,365
82,909
93,144
91,277
110,137
49,371
13,486
119,528
81,542
74,62
145,925
83,879
49,526
127,174
38,342
43,539
174,298
98,296
191,226
181,187
126,111
78,677
185,934
117,883
177,938
63,543
3,427
16,662
132,572
114,966
168,926
181,69
97,960
133,102
121,23
76,460
163,29
148,834
196,309
95,840
85,284
75,14
139,256
179,271
79,231
133,881
183,397
13,197
123,616
161,328
129,533
144,394
65,422
147,618
21,711
127,517
81,983
63,526
89,632
180,610
35,961
18,592
65,71
47,88
61,614
67,187
79,85
16,709
121,924
112,360
95,420
166,768
176,278
44,610
49,638
155,198
138,8
175,64
27,11
33,754
165,632
29,502
83,990
90,972
112,554
166,371
13,120
26,519
48,344
62,156
104,322
25,48
155,465
33,312
6,29
65,962
86,638
161,330
98,573
88,77
113,151
40,541
196,267
176,835
31,586
63,814
53,301
52,566
63,703
174,698
111,252
168,653
175,493
133,254
70,146
110,136
66,815
19,182
36,148
5,395
21,244
54,16
14,727
151,452
172,881
35,702
86,860
13,980
118,35
133,264
154,756
115,385
44,306
60,468
36,390
40,372
106,109
143,992
81,881
122,507
52,304
35,279
158,729
29,936
129,45
130,869
194,471
65,590
129,786
38,786
190,551
45,881
153,374
129,928
68,884
60,61
70,776
21,998
37,585
146,701
90,893
85,942
146,544
5,390
130,430
143,189
184,640
89,827
163,424
158,197
167,800
152,530
181,433
43,400
118,761
10,173
148,623
134,145
49,782
142,139
169,385
148,797
126,825
109,534
65,156
65,744
194,462
44,610
181,327
126,493
81,986
5,607
9,642
19,708
126,847
139,690
151,687
173,309
182,481
29,674
155,206
19,399
111,519
188,704
176,258
142,993
141,397
178,883
29,340
42,841
5,109
184,921
46,537
14,702
114,907
20,698
196,756
131,58
135,278
184,243
49,423
96,846
7,965
157,354
177,667
16,737
37,455
76,374
129,561
69,100
119,103
15,668
87,543
115,935
171,995
69,751
118,63
73,857
166,421
1,907
71,635
185,400
184,524
61,570
16,867
39,298
196,38
15,63
78,672
81,824
25,907
114,965
78,181
38,620
85,12
13,482
20,766
83,337
139,263
183,713
23,946
98,922
6,134
122,71
97,869
52,149
65,420
182,985
167,394
147,341
38,582
99,168
87,845
126,730
3,14
64,598
23,599
23,391
106,905
79,341
40,786
92,861
49,704
195,313
17,807
141,678
187,845
26,53
150,70
72,60
75,205
154,586
95,324
6,625
84,481
190,758
120,759
78,414
197,941
107,617
35,8
49,95
156,340
58,322
12,842
187,256
73,221
85,1
123,930
48,961
56,323
111,384
134,423
96,251
96,547
70,873
194,951
149,255
41,844
144,778
40,623
70,327
65,809
10,579
54,760
91,648
29,136
37,599
193,440
120,745
172,5
83,148
5,862
100,618
178,999
94,540
26,190
119,300
179,618
161,802
100,197
15,891
41,129
79,859
96,409
144,393
182,764
57,558
93,675
132,445
62,832
76,827
24,379
154,47
98,960
113,782
13,187
159,876
106,954
29,586
2,852
191,18
40,41
59,30
179,565
90,708
196,881
124,890
84,914
94,627
47,562
35,695
168,98
6,673
13,674
75,770
154,862
134,13
50,726
16,10
145,674
46,79
64,339
83,570
17,719
200,494
1,513
9,60
111,516
78,982
40,216
110,589
188,761
140,372
192,5
25,343
3,473
63,974
9,512
123,811
93,344
128,162
155,920
11,735
85,588
20,342
26,357
159,259
169,949
142,846
53,993
138,533
165,254
83,642
35,487
82,378
59,21
64,652
113,430
159,633
145,290
153,423
28,754
125,563
83,839
198,860
73,467
53,646
165,649
5,957
64,364
192,667
125,625
23,940
69,558
163,262
113,417
187,132
105,905
99,912
92,578
84,205
166,509
44,798
145,880
30,906
115,871
109,149
34,5
53,827
106,960
164,443
182,379
45,893
114,579
91,322
110,558
12,951
168,412
101,862
171,774
49,406
200,576
45,306
33,466
153,990
154,594
15,596
33,723
153,93
126,509
42,841
10,588
18,634
11,75
138,975
189,848
30,820
42,223
66,668
98,999
112,994
42,410
76,147
28,902
15,658
36,375
198,679
175,242
48,679
190,396
63,568
111,717
90,842
116,903
92,190
148,42
70,923
186,376
47,773
166,532
79,252
128,888
168,993
91,671
88,751
42,817
175,902
58,828
70,947
132,634
89,104
127,837
194,761
74,226
181,641
139,521
176,895
81,702
144,962
61,479
23,606
187,897
177,141
154,318
75,934
123,245
45,19
15,585
124,200
130,217
103,25
149,885
36,23
126,363
6,345
166,77
158,838
173,168
178,983
107,181
122,985
3,620
180,512
33,954
4,357
64,134
198,865
173,568
113,981
32,585
40,456
76,319
89,936
200,498
102,561
41,772
63,792
129,351
181,242
141,845
174,503
109,233
120,621
166,410
125,637
102,909
20,906
121,898
78,835
65,487
170,979
58,902
136,998
81,727
196,770
38,799
177,184
127,444
115,597
180,596
2,130
193,108
16,806
76,549
133,312
45,21
34,269
54,441
185,208
101,281
88,791
127,653
43,709
29,401
103,464
38,695
10,455
162,292
199,776
4,243
152,354
194,65
175,731
116,975
60,487
111,697
192,539
188,160
86,797
50,464
116,270
95,207
155,549
6,763
172,774
147,938
105,490
69,355
128,21
66,277
135,646
77,20
42,615
87,368
140,983
161,568
196,236
75,380
123,37
100,124
92,975
138,79
125,267
166,133
100,322
27,324
183,640
50,691
65,200
55,458
51,134
57,786
16,237
34,153
102,157
141,605
134,279
56,510
29,185
127,955
70,823
24,121
200,376
48,873
24,989
93,611
67,521
137,327
152,353
128,678
31,652
140,87
187,723
185,197
110,923
14,244
51,399
88,884
103,816
128,881
130,707
122,779
174,222
11,280
149,668
134,747
66,662
83,20
166,157
49,81
126,122
165,928
29,469
115,453
144,957
148,885
25,725
138,884
108,468
61,618
183,232
50,62
124,37
176,388
2,588
76,919
117,611
78,393
159,914
184,858
6,79
174,315
80,598
95,940
38,769
89,898
23,252
34,603
79,21
4,57
112,47
46,499
33,381
180,326
73,63
3,582
58,491
140,658
18,249
120,864
146,712
45,923
63,724
61,353
106,898
129,417
125,177
146,939
125,764
135,305
59,180
136,730
129,708
38,699
125,202
47,615
162,621
111,534
126,27
137,256
188,584
142,273
161,15
117,674
80,84
154,73
183,579
134,433
116,65
166,911
124,879
66,197
187,619
141,115
13,611
136,457
60,116
164,343
84,723
133,482
1,270
172,55
161,959
79,2
170,422
50,410
153,453
172,642
179,21
36,273
39,740
189,591
95,440
102,589
51,303
103,529
178,725
179,135
24,916
153,450
106,602
190,811
125,427
116,556
41,494
139,773
175,68
184,37
26,352
108,709
120,860
197,481
64,276
67,640
10,397
87,646
193,972
75,644
140,451
64,963
179,537
120,37
62,401
144,781
32,703
39,834
196,972
161,178
90,472
190,183
12,290
106,983
124,514
71,714
92,514
40,448
5,153
127,174
99,188
60,522
39,311
124,988
99,208
87,689
146,946
77,841
139,752
75,679
11,383
147,868
135,581
11,609
104,187
140,9
100,170
70,707
120,578
145,478
14,175
153,947
106,872
188,291
110,527
181,598
94,57
60,774
5,988
18,781
76,484
141,959
69,96
93,5
183,23
97,438
176,302
5,474
31,296
69,878
83,553
97,616
75,83
116,797
91,60
122,816
94,307
102,535
134,389
1,515
38,808
54,384
199,692
167,462
168,491
123,206
68,95
197,734
160,72
117,287
46,426
3,801
82,804
71,323
135,508
21,6
102,127
187,667
185,247
199,989
13,445
150,394
43,390
30,825
106,798
102,704
31,995
82,537
53,707
40,319
197,286
143,522
77,486
189,739
94,621
170,470
137,52
7,148
76,490
120,766
19,123
35,615
86,517
112,956
116,998
161,763
124,918
176,709
170,79
47,713
8,678
133,156
102,772
15,388
120,63
11,31
199,992
193,191
164,497
163,149
82,737
46,8
184,542
52,518
98,537
116,533
41,95
42,466
66,349
176,119
111,805
18,975
124,818
163,300
116,984
193,797
37,711
188,937
132,1000
182,612
58,856
91,840
135,607
70,107
156,170
159,356
168,409
85,17
22,667
68,556
118,909
172,905
179,542
28,365
105,619
123,392
82,26
69,155
98,247
64,236
52,496
185,183
199,672
89,572
196,29
82,461
90,630
56,686
190,679
106,846
44,873
181,796
90,479
9,874
75,356
188,732
148,483
97,342
127,656
125,831
26,361
37,21
146,110
127,465
189,658
36,382
43,865
137,645
171,577
154,199
142,265
30,312
181,177
178,435
80,190
79,699
143,21
104,321
74,542
120,666
156,981
169,628
5,522
66,457
163,71
51,364
122,61
34,155
2,448
3,944
83,822
33,416
144,169
61,562
190,734
141,298
166,918
134,729
185,460
76,784
35,79
85,345
184,304
128,896
110,639
19,980
112,780
162,972
107,347
196,80
1,952
148,300
171,894
196,729
97,678
15,401
98,252
153,492
172,815
14,165
178,811
4,106
107,356
112,930
161,343
32,328
15,217
72,159
9,23
42,849
178,381
101,381
29,495
76,359
73,950
51,606
91,159
108,405
73,288
94,875
54,126
54,572
105,422
6,966
46,861
37,992
5,42
50,572
98,954
111,497
15,107
29,230
33,822
96,418
189,692
141,443
167,583
20,792
26,580
21,161
150,852
60,222
196,472
10,997
47,939
198,747
84,443
58,85
187,205
161,33
184,210
107,495
163,561
113,912
152,930
115,222
72,795
184,597
90,794
130,445
194,449
89,749
55,396
6,425
88,332
173,884
166,762
89,528
166,929
174,164
194,166
180,842
185,902
139,542
85,592
50,17
154,511
182,820
149,415
68,986
79,795
26,655
63,254
67,797
56,636
90,510
13,95
132,971
15,803
42,238
99,728
17,732
142,536
54,848
60,902
37,597
164,287
51,221
107,591
193,656
102,725
38,9
193,472
131,777
90,506
178,606
144,783
27,735
97,426
148,621
182,324
132,965
174,420
94,962
163,850
189,821
196,903
49,520
180,30
20,170
63,731
64,630
17,490
7,23
7,101
36,394
109,873
148,266
10,170
107,850
9,307
188,781
80,619
24,307
197,91
113,655
19,792
19,444
192,530
48,619
65,169
115,924
164,730
138,689
1,196
107,861
108,829
171,202
41,846
75,232
100,409
117,246
49,185
94,171
152,181
115,289
120,407
108,247
191,733
95,901
1,5
50,446
86,19
37,29
22,892
70,884
102,600
134,547
110,778
173,905
45,768
104,987
119,514
81,750
200,742
59,334
151,545
127,177
44,112
86,112
172,609
36,422
5,630
176,807
95,626
66,814
83,64
28,958
41,446
137,151
8,179
179,86
109,802
180,701
87,237
150,747
6,782
112,512
27,266
115,574
182,772
197,403
107,750
90,745
200,978
50,162
121,594
34,478
54,541
72,303
94,148
28,837
21,150
171,766
121,33
196,657
17,909
182,854
127,463
41,914
194,240
131,643
43,601
57,794
128,293
174,300
100,284
198,5
120,501
16,471
18,323
22,103
63,354
158,757
5,811
8,963
106,81
34,829
167,965
124,332
62,194
76,596
41,863
78,144
104,846
109,763
116,841
123,681
12,177
80,236
101,973
95,424
129,984
141,802
139,305
20,356
29,850
71,757
196,941
153,450
165,794
133,386
184,132
121,82
91,392
111,774
132,761
9,425
90,627
186,195
23,720
173,793
89,514
101,641
25,334
147,907
179,572
33,151
7,723
89,569
97,614
137,960
124,303
189,100
15,310
58,750
80,349
199,616
36,367
84,920
26,152
142,258
54,796
83,503
114,37
165,251
16,773
113,668
48,817
40,979
89,461
97,324
31,406
145,425
176,208
37,158
152,268
31,313
78,592
56,899
47,963
47,442
169,843
102,318
145,795
52,110
134,383
94,282
37,732
40,553
175,365
190,835
123,780
186,999
21,57
87,247
184,822
120,517
64,489
64,819
121,480
20,429
72,11
190,426
88,171
171,681
185,914
33,139
10,565
54,644
82,501
144,287
42,545
165,46
39,913
21,829
17,71
120,360
36,954
110,932
131,574
27,902
52,666
159,213
42,243
142,543
169,636
95,405
12,2
135,112
64,398
86,675
118,670
10,147
13,420
106,732
36,240
46,379
112,75
91,165
183,621
41,77
8,710
55,590
123,282
36,486
71,715
105,375
57,12
10,341
134,4
1,574
161,531
34,990
119,239
153,906
128,62
107,848
60,598
100,324
43,176
53,962
129,487
54,786
191,187
124,880
34,6
195,177
125,117
20,316
140,155
56,121
77,439
50,765
75,938
166,698
187,604
194,150
164,259
117,861
72,397
186,20
75,262
84,372
26,991
114,698
27,836
38,980
23,823
92,849
130,926
168,28
92,317
90,11
118,873
186,976
55,732
39,610
88,722
130,498
162,97
26,880
146,244
132,191
162,406
157,306
22,973
15,441
140,725
138,998
100,995
87,861
34,296
112,746
99,878
185,447
107,351
127,65
82,280
91,996
198,840
109,801
47,386
69,247
33,610
159,599
37,193
171,189
26,960
33,264
132,726
185,104
88,570
182,931
62,867
68,428
20,88
133,643
101,449
55,298
118,43
46,387
34,910
119,586
69,149
195,209
161,142
103,948
59,33
130,707
55,282
94,227
112,367
53,256
37,515
56,556
129,357
55,823
178,543
118,908
135,419
145,3
70,198
176,69
8,987
193,837
76,472
45,575
100,899
129,986
188,150
148,901
44,930
33,884
147,568
13,672
177,118
129,495
179,17
157,299
44,722
170,81
31,840
98,778
90,54
55,507
24,398
29,657
117,966
133,477
162,915
36,567
138,300
7,835
88,226
91,226
165,125
181,860
11,835
89,578
173,878
132,14
166,155
161,120
128,623
25,410
141,340
69,713
30,821
134,221
86,987
52,31
78,646
9,686
169,919
158,1000
119,454
189,540
181,764
156,160
183,954
99,791
191,102
145,526
87,727
90,234
104,665
194,96
119,482
117,383
58,985
200,844
197,150
57,103
147,754
126,913
143,572
73,186
190,660
153,791
174,215
190,412
63,402
99,700
21,111
6,364
185,838
42,807
101,185
78,166
119,675
167,798
41,228
180,389
23,393
81,227
33,104
191,631
152,596
79,862
74,396
49,720
152,30
24,771
20,887
89,392
185,378
1,840
200,198
18,671
120,487
94,895
178,647
30,740
196,883
136,774
147,960
33,773
184,977
197,64
132,125
90,267
170,533
66,917
128,523
102,904
135,554
159,575
38,921
130,374
65,78
104,982
15,939
21,179
119,878
186,945
111,290
7,293
131,52
81,847
54,234
20,742
66,653
118,783
157,752
9,102
85,280
155,700
131,440
124,755
40,713
35,282
132,709
56,543
23,521
106,947
75,178
32,186
197,496
141,457
3,466
40,871
66,709
14,312
115,79
140,808
27,56
8,681
29,132
167,899
41,755
42,833
8,163
110,381
122,796
51,664
78,115
17,696
160,51
67,573
26,357
125,628
18,921
83,670
26,425
126,415
145,358
98,488
88,349
28,586
95,538
25,427
105,226
100,140
6,555
160,719
117,476
178,733
29,520
145,495
24,801
88,301
99,995
177,40
120,855
141,509
78,968
35,548
102,255
30,95
43,385
109,529
119,868
15,65
65,520
38,829
5,734
48,820
57,436
46,815
28,10
30,403
64,63
60,825
121,208
33,603
168,849
2,650
43,191
166,699
55,385
200,646
155,675
114,518
118,768
146,692
95,736
125,521
76,169
78,843
3,383
118,823
168,552
20,424
116,279
169,132
83,61
35,412
128,288
139,653
160,515
185,909
95,799
107,303
122,832
92,602
102,228
188,31
37,81
18,265
184,33
36,688
129,326
134,750
11,423
33,978
156,599
78,845
94,257
28,548
53,481
64,307
82,682
195,270
196,667
89,212
183,523
102,682
182,522
167,700
12,68
137,873
113,547
172,178
117,544
88,732
112,753
70,240
59,388
180,585
188,794
154,999
192,523
57,355
75,914
89,864
162,702
21,6
154,683
199,775
2,740
140,418
142,731
159,108
185,408
102,478
79,525
121,200
149,115
59,431
15,614
92,74
92,798
74,448
48,919
65,551
113,831
85,591
28,236
40,181
183,504
51,631
4,597
60,658
164,230
63,516
22,665
177,320
1,600
105,203
117,387
72,178
18,434
192,90
7,366
149,819
87,513
34,836
190,588
139,95
82,914
7,374
21,696
145,179
134,357
21,164
31,440
194,151
135,234
32,776
127,842
112,565
110,954
150,252
53,785
61,700
134,735
125,963
194,897
138,962
72,510
195,639
113,622
22,619
48,197
178,700
74,6
60,281
44,355
179,72
127,345
20,55
169,114
143,437
80,621
122,856
28,785
36,986
153,645
52,494
145,237
120,362
189,43
129,914
168,816
132,266
172,128
126,430
118,743
133,834
145,25
113,243
9,882
103,936
81,108
18,313
162,922
115,929
55,94
57,23
60,771
200,332
23,79
83,723
126,794
107,307
135,389
153,108
71,192
116,81
28,425
141,958
94,620
134,79
163,58
72,22
113,307
18,433
142,249
162,718
16,591
104,313
145,312
114,936
137,717
44,611
64,431
198,208
83,42
48,634
49,678
26,567
15,586
142,148
50,152
173,239
120,684
157,395
82,30
99,861
168,493
52,565
68,30
44,176
184,742
117,240
57,574
139,98
89,987
150,378
23,651
37,515
60,774
42,996
27,684
66,419
111,793
184,315
20,109
80,752
184,415
13,908
60,643
193,376
45,661
24,695
178,73
187,23
86,351
154,661
37,921
15,198
54,529
152,906
105,948
185,954
188,658
163,966
161,183
27,802
140,100
126,86
15,526
103,480
113,298
49,592
102,648
78,267
67,474
42,999
65,850
194,834
63,987
46,175
102,259
166,227
155,381
126,522
61,356
17,819
52,102
114,600
99,170
2,439
98,562
172,154
61,920
122,633
127,258
191,606
144,610
60,242
23,142
127,344
41,443
156,922
190,256
137,651
87,425
163,57
131,261
181,917
171,427
96,221
55,209
95,683
57,312
165,263
84,482
34,470
178,921
12,389
131,356
20,519
129,394
83,950
21,770
194,331
77,466
54,376
124,705
63,49
34,762
64,58
154,489
45,262
105,691
49,804
33,900
90,222
58,18
159,197
91,808
27,855
143,596
106,920
20,575
181,339
108,816
9,989
183,488
5,27
72,67
188,400
149,641
97,805
75,67
112,486
5,986
140,347
152,447
149,306
81,186
171,855
59,642
187,852
80,655
101,348
192,469
13,499
153,908
41,173
196,942
92,263
164,624
94,377
193,88
164,922
195,944
126,894
178,57
184,398
4,395
141,294
76,144
22,458
132,113
38,522
7,529
114,210
169,441
167,228
1,23
102,137
104,488
111,101
156,213
166,675
12,61
155,724
68,429
176,989
29,245
140,192
34,568
29,290
183,648
27,546
147,431
92,286
108,670
122,912
78,294
5,156
117,96
181,991
189,937
6,368
142,954
177,714
18,92
184,445
182,27
17,626
74,696
12,487
123,208
88,428
157,329
194,329
48,540
30,643
63,799
149,560
115,533
56,750
66,584
139,244
189,510
28,785
139,581
138,192
200,306
72,353
73,709
47,297
186,296
23,345
157,22
183,775
136,865
45,243
133,271
49,853
102,687
74,912
127,375
139,310
74,542
76,104
56,174
141,373
160,456
52,947
127,944
37,160
197,496
62,199
143,139
71,337
160,382
149,122
162,556
52,552
57,250
72,329
39,449
199,218
124,239
147,900
47,246
171,362
137,625
147,368
163,843
101,531
51,34
164,210
73,911
24,207
94,345
134,407
25,319
34,953
171,553
152,513
108,647
142,414
86,163
4,165
149,528
189,174
80,286
133,73
157,484
26,439
126,640
55,288
63,742
53,827
140,377
110,11
135,130
127,543
41,180
29,137
86,248
16,885
106,459
142,984
27,97
158,906
36,3
32,822
115,557
44,904
73,713
43,697
63,635
100,615
108,677
156,197
27,223
8,81
91,241
145,458
191,894
161,988
114,615
169,97
66,118
145,625
3,523
52,711
32,278
94,753
66,812
17,624
100,723
184,190
62,66
12,605
173,50
69,794
116,401
148,435
156,942
27,585
2,980
137,955
55,520
38,301
60,639
161,91
96,985
186,824
24,944
18,237
1,670
39,506
74,693
189,339
54,353
55,995
125,985
69,824
125,278
134,151
188,173
33,369
19,190
106,643
36,463
187,842
197,784
150,821
69,560
89,304
10,48
123,39
24,895
147,704
105,100
91,503
31,561
108,683
14,931
4,527
15,61
147,610
88,624
67,55
39,341
70,690
67,37
115,86
164,755
120,245
171,243
130,854
181,313
53,126
118,199
142,712
97,230
167,380
104,73
167,6
84,137
25,655
159,236
161,490
69,237
197,871
44,160
127,260
102,690
159,260
60,443
63,287
185,493
41,553
13,284
134,250
175,558
40,117
81,361
142,9
131,547
186,227
60,211
53,743
62,900
121,498
15,515
170,552
122,278
170,118
61,325
81,693
98,200
42,124
80,102
178,775
147,301
70,94
180,483
161,323
77,61
98,235
69,85
14,430
178,419
167,268
100,224
187,918
7,766
198,58
195,323
113,683
22,240
147,635
145,415
4,828
181,18
169,601
15,206
93,746
136,932
103,608
134,495
24,408
57,390
190,410
115,850
83,549
104,626
174,121
154,111
97,373
163,396
200,801
172,19
147,27
54,611
3,693
34,258
138,713
134,470
105,11
140,426
21,43
29,349
180,970
35,223
28,254
68,586
17,489
49,552
165,684
43,676
18,881
9,722
47,411
87,648
200,524
155,596
112,376
37,147
116,828
170,210
37,986
16,48
191,716
80,557
150,300
170,158
94,191
98,593
36,909
108,431
98,662
129,698
197,31
194,582
92,188
107,237
106,242
91,897
6,694
161,323
102,954
67,723
196,964
25,503
174,707
11,493
175,290
64,492
15,297
197,194
132,304
1,76
94,85
182,15
105,940
56,584
76,694
80,755
15,826
190,713
11,744
117,351
111,102
117,872
44,926
168,779
94,678
25,945
61,429
179,340
32,817
107,4
69,48
119,932
200,968
145,256
138,615
74,380
166,176
100,661
90,847
173,866
47,626
172,523
177,121
93,607
79,746
122,867
54,87
131,944
53,121
107,925
52,64
4,638
172,988
155,450
161,261
131,761
35,715
94,393
145,763
40,930
65,576
155,746
172,280
62,749
79,387
42,160
114,478
40,90
36,10
147,25
14,696
184,54
13,981
93,797
43,389
187,707
145,229
110,762
51,145
8,468
19,781
24,737
45,931
158,510
40,125
64,508
102,583
99,897
9,991
45,311
95,564
150,503
46,96
28,193
172,237
96,40
74,873
129,496
95,891
123,668
12,621
1,924
14,918
170,856
146,207
106,245
197,475
152,220
97,900
82,916
39,271
16,129
73,641
58,728
177,793
194,209
191,750
168,643
82,412
119,395
177,987
116,427
23,54
176,81
166,309
21,217
143,788
192,831
164,420
95,237
191,882
152,749
47,182
22,107
11,407
135,21
91,93
116,660
81,242
125,627
103,214
54,634
178,6
30,491
99,222
113,215
180,897
27,812
52,288
61,414
72,691
92,62
23,843
39,702
90,719
48,686
79,455
174,3
53,348
69,352
33,932
105,590
121,244
30,231
86,515
147,280
113,684
155,29
23,436
11,413
126,882
19,670
113,44
31,989
168,223
89,806
41,237
129,527
167,330
58,705
128,554
48,700
194,940
185,207
39,272
24,417
189,877
184,370
16,10
44,43
156,984
25,492
126,777
9,324
78,105
139,221
149,471
121,205
146,295
23,865
54,427
7,918
64,15
79,195
158,243
159,533
20,34
198,646
179,51
20,315
73,638
80,417
32,41
95,923
181,698
151,55
139,461
60,374
139,112
101,696
111,306
155,413
102,284
14,400
93,790
23,460
119,242
146,138
105,549
153,308
61,546
155,612
29,634
62,323
197,401
160,744
87,813
56,121
20,869
179,538
119,770
31,245
51,574
184,467
184,240
69,11
156,327
166,314
17,292
126,544
37,949
36,752
152,698
140,107
106,930
176,90
95,98
96,490
159,854
109,110
120,38
68,836
126,698
17,985
79,547
123,882
94,727
138,541
52,856
7,865
88,919
94,640
26,616
130,9
145,605
148,200
41,177
75,339
141,612
88,795
80,442
160,521
89,77
24,794
42,768
16,114
29,475
57,53
19,974
200,172
130,180
183,278
186,927
96,511
113,950
6,720
41,884
198,223
196,404
165,300
179,945
148,105
197,905
91,836
142,997
21,644
42,560
58,130
102,937
169,366
187,283
4,930
34,543
127,395
89,55
88,924
2,435
13,60
14,732
146,654
48,460
134,709
55,702
63,732
85,855
128,387
118,522
153,773
115,567
116,341
192,130
147,173
170,144
188,469
148,191
116,131
172,108
96,497
71,592
59,71
152,688
103,101
78,516
63,414
21,893
10,706
126,415
36,146
6,9
117,880
42,761
93,961
190,529
13,257
62,455
156,579
130,339
138,676
11,359
147,61
150,361
53,727
167,326
94,976
160,838
146,763
12,906
134,375
98,665
46,451
100,446
87,61
190,715
28,464
28,742
177,330
7,157
34,76
147,196
71,697
37,326
6,188
184,438
102,982
85,568
148,721
165,118
154,44
184,582
127,478
35,602
7,954
196,719
110,953
53,478
34,510
22,83
40,59
22,298
10,43
27,762
120,664
198,653
168,648
147,696
166,459
75,246
6,860
187,244
2,291
195,498
64,434
27,335
89,371
18,315
141,68
81,655
78,679
179,205
180,331
38,916
141,842
160,605
95,17
89,81
109,368
8,599
41,601
165,130
28,80
57,15
182,102
154,946
200,354
91,894
44,519
183,231
31,559
112,35
89,477
39,646
16,259
95,59
103,879
12,540
44,10
11,35
44,349
68,889
20,768
21,445
37,85
56,976
139,1000
48,149
165,81
181,605
96,111
137,578
115,111
27,216
23,289
113,31
24,355
187,277
178,13
11,727
113,476
109,10
66,19
100,779
88,765
153,309
195,643
32,734
62,280
62,680
148,912
40,883
149,809
15,458
126,508
179,837
142,7
91,919
17,281
185,822
105,990
19,333
63,31
166,604
98,365
7,410
153,843
152,3
197,60
148,871
164,299
124,629
41,361
161,195
63,934
115,35
38,442
191,157
88,355
158,716
4,627
176,460
75,307
182,813
186,478
50,860
91,130
59,139
127,235
109,272
77,557
48,374
24,347
7,170
152,434
173,212
127,177
11,242
32,489
194,891
176,131
103,267
21,521
51,728
181,263
24,46
71,228
135,947
77,700
25,288
83,157
8,232
52,91
115,72
196,205
134,16
121,531
198,249
6,145
44,625
117,35
142,693
23,277
98,40
43,568
85,880
111,227
18,268
88,228
86,11
46,822
191,77
118,928
62,69
33,452
131,422
187,143
91,196
186,133
95,4
100,641
19,219
118,256
98,581
158,567
155,384
44,230
178,467
151,359
199,924
29,294
33,51
13,101
55,103
72,462
148,88
65,982
86,382
17,965
83,85
130,278
52,612
129,913
106,350
105,698
36,263
17,36
8,145
45,955
134,299
142,577
66,547
51,497
60,6
146,319
170,859
187,873
72,838
122,992
95,854
103,841
162,644
154,739
42,399
182,46
158,645
190,16
54,506
103,771
60,923
45,774
1,163
198,407
164,620
64,966
119,832
123,641
72,651
102,1000
21,475
57,15
138,745
121,874
19,135
41,608
102,982
65,399
149,859
188,339
170,747
12,593
114,979
183,793
155,470
99,704
103,977
93,254
196,628
175,885
48,18
116,171
27,41
155,890
75,77
80,744
123,950
36,551
4,195
20,528
104,224
167,4
21,690
185,659
91,900
19,100
149,96
19,958
21,736
82,114
53,150
85,907
38,162
152,761
99,116
45,164
34,644
29,356
62,856
81,588
134,24
195,204
15,899
180,581
54,488
58,695
117,322
25,9
56,271
40,272
30,42
97,596
94,299
85,972
125,390
83,148
110,154
35,649
86,112
165,967
95,340
173,86
20,464
98,245
177,652
135,329
132,985
125,122
35,489
98,846
60,56
169,467
32,401
130,806
175,401
172,154
54,632
115,789
82,672
143,444
118,481
146,346
163,242
148,77
181,848
140,541
45,279
70,127
49,139
164,251
64,451
161,938
152,42
69,710
128,233
150,307
78,165
9,407
144,178
193,298
100,848
197,394
7,521
149,883
111,133
7,172
54,196
156,600
197,310
127,126
179,98
120,438
135,899
10,295
94,176
122,138
55,630
79,479
51,753
109,516
105,887
36,649
25,897
168,190
162,399
20,813
184,146
172,706
125,955
115,514
102,708
62,963
92,695
30,302
48,334
77,643
161,585
178,299
165,808
5,127
112,396
168,501
116,138
20,12
11,66
197,861
88,416
20,630
71,656
91,617
64,639
80,642
190,582
192,347
84,529
141,769
190,256
60,718
158,553
54,88
175,872
134,883
47,602
135,648
23,166
89,198
65,963
2,106
84,848
30,923
179,756
85,313
9,537
59,651
53,714
15,903
76,215
21,501
52,78
168,80
117,876
91,237
130,891
71,103
163,257
102,922
94,721
177,912
135,176
53,59
12,831
200,849
70,539
71,672
54,76
115,131
161,393
36,499
146,992
149,204
176,976
122,973
199,412
109,298
145,55
61,89
70,550
154,966
146,77
52,619
162,836
50,207
123,477
100,349
143,113
18,455
82,432
86,299
134,268
122,41
40,131
150,935
51,717
76,319
135,100
60,238
81,588
33,265
74,210
101,880
105,801
43,338
51,306
3,860
22,808
197,104
145,45
160,343
14,436
120,213
162,849
187,480
98,115
123,600
103,587
90,148
135,503
24,520
105,222
187,34
18,608
42,411
171,181
152,5
194,5
180,497
53,332
14,277
67,704
156,341
61,953
116,803
187,601
110,698
169,784
163,62
116,331
80,769
25,461
5,805
48,909
167,88
85,242
106,256
97,648
102,888
104,943
17,427
98,504
137,311
94,103
38,550
159,878
186,97
12,567
195,675
136,778
61,968
144,733
177,753
167,422
51,250
23,287
33,9
135,145
109,976
137,674
48,789
132,730
140,307
83,199
174,820
93,491
138,87
67,483
28,873
138,961
83,728
91,140
135,875
100,234
77,809
52,290
110,986
42,579
174,491
62,386
12,965
196,544
188,742
4,365
93,492
107,477
39,377
22,56
112,240
76,646
121,764
5,669
171,98
107,501
178,753
91,188
168,105
17,960
1,655
170,875
16,630
166,571
195,788
169,733
134,869
34,168
122,282
29,633
85,571
39,234
28,160
21,812
129,106
198,929
188,385
167,456
149,971
155,788
22,935
177,811
11,192
58,55
112,472
53,174
119,359
81,324
61,56
45,862
189,203
164,330
15,53
77,450
96,828
8,560
153,360
198,650
115,848
56,18
85,766
169,76
133,932
169,967
132,331
6,828
74,349
193,841
123,641
71,714
92,992
136,275
105,692
185,328
52,369
3,688
118,654
111,292
18,699
107,324
186,777
87,951
29,563
162,395
174,393
189,889
86,603
126,504
101,514
133,902
198,700
49,292
70,660
107,390
24,236
7,866
93,617
155,315
129,96
170,791
29,469
160,42
97,224
97,904
6,69
76,700
167,868
58,792
72,759
1,719
67,842
190,588
117,213
20,39
20,567
123,286
111,799
135,789
5,635
153,769
18,737
15,28
100,545
113,65
16,839
61,179
109,166
113,811
177,41
45,80
127,204
88,365
137,400
85,236
160,851
56,943
40,875
50,859
113,587
111,528
75,928
55,159
20,85
32,958
124,794
178,390
88,506
199,321
38,355
133,820
13,809
187,866
100,789
99,431
46,737
133,434
156,656
83,395
24,781
149,598
90,560
8,95
12,562
27,625
107,343
156,21
127,555
80,93
111,870
15,650
146,628
200,844
196,156
148,443
35,583
4,383
76,494
102,303
191,924
119,375
141,172
179,282
80,541
68,520
13,659
93,92
131,773
96,276
148,779
155,719
181,42
74,531
23,299
147,593
149,889
132,804
75,943
82,980
13,433
179,37
146,820
107,918
165,844
197,721
125,849
149,700
30,848
79,428
113,216
175,142
65,694
198,829
90,243
43,941
53,558
134,633
61,695
121,836
160,693
106,775
59,943
141,234
62,598
106,943
66,362
149,1
19,346
193,314
113,494
22,220
140,768
37,545
80,678
157,368
66,832
23,540
173,531
61,546
195,698
128,707
73,481
75,818
93,20
145,242
36,725
110,193
18,885
101,951
89,429
46,149
131,166
93,45
110,558
113,149
189,292
46,304
103,405
164,360
21,579
6,106
27,993
5,786
190,136
32,251
55,824
128,887
139,784
74,410
189,612
104,652
13,992
52,972
90,233
143,41
92,757
22,410
13,973
135,314
175,856
15,797
177,678
151,815
116,548
103,571
75,762
72,145
171,807
190,89
157,137
156,754
21,62
109,653
25,74
86,670
22,949
88,558
89,418
169,509
173,362
34,384
121,619
62,174
29,510
126,842
126,288
25,7
192,133
191,325
157,812
151,608
141,413
58,994
28,335
134,791
113,315
161,435
191,39
3,811
33,398
117,248
59,718
112,41
91,343
135,559
73,462
3,372
101,441
79,865
70,894
31,890
58,825
101,2
9,423
69,840
134,989
133,146
115,569
6,441
192,854
154,211
122,280
54,211
78,624
163,516
160,627
106,765
153,713
133,730
105,416
17,358
99,513
125,994
14,180
167,527
178,63
113,170
38,599
75,566
72,21
6,512
104,125
126,835
198,83
42,563
144,378
84,786
63,160
75,833
2,36
140,405
106,185
153,907
129,61
139,502
174,717
89,19
157,564
48,712
65,597
144,541
186,699
117,266
30,333
54,923
169,697
135,472
179,119
53,619
168,242
182,63
45,907
46,200
154,355
9,101
9,824
84,427
53,538
80,272
75,726
52,941
198,931
31,132
73,130
157,672
106,566
93,652
107,927
106,520
80,931
187,179
20,551
10,768
53,171
144,421
65,710
132,685
128,331
113,882
31,223
100,622
144,453
50,838
79,170
80,76
71,597
28,36
47,591
54,392
119,554
154,138
151,728
185,341
179,625
26,799
151,827
114,934
38,902
8,794
79,326
39,229
167,721
33,825
66,161
49,778
139,167
77,680
171,694
71,275
184,147
16,121
197,486
168,227
174,929
53,800
115,566
60,572
148,275
102,388
13,949
160,22
177,411
58,480
66,699
5,944
78,574
95,52
147,114
92,449
71,928
145,5
35,108
141,513
105,35
161,249
187,886
119,86
27,73
98,679
24,422
57,513
85,181
74,365
82,28
184,848
85,194
110,637
5,460
127,957
67,353
65,73
50,704
120,597
21,638
71,7
14,943
36,83
200,277
152,279
10,155
2,499
31,936
9,192
60,842
25,581
160,480
24,361
11,145
162,764
83,518
122,603
130,409
148,982
28,591
20,362
19,287
103,70
196,431
13,482
61,607
189,234
145,160
84,520
183,422
84,920
37,585
102,930
66,319
108,32
72,292
138,202
196,552
56,19
66,383
197,160
87,891
96,832
163,195
120,601
182,898
105,151
51,295
114,823
153,962
101,331
14,94
89,381
38,253
196,252
192,69
49,437
136,351
187,310
178,848
126,383
54,369
188,21
103,714
116,215
173,109
95,66
191,386
18,710
178,715
113,569
164,962
66,298
55,380
171,755
136,803
104,753
143,315
3,843
90,967
32,752
188,632
58,672
166,807
59,264
115,484
176,573
23,51
181,34
118,179
64,887
113,938
129,122
103,169
128,488
54,428
182,662
180,479
44,245
61,812
174,491
171,980
134,358
109,18
47,626
33,662
146,417
109,527
26,26
95,461
1,17
141,638
165,386
54,711
71,308
55,986
117,261
79,461
107,610
55,558
162,517
200,81
162,502
90,751
62,439
150,419
12,416
136,997
41,964
65,270
57,902
193,728
119,390
11,826
174,362
40,420
137,249
177,764
121,221
43,763
158,310
106,41
37,45
92,479
18,585
151,956
118,399
21,843
24,733
184,107
3,816
193,899
1,32
72,480
27,746
168,374
115,432
118,774
139,64
106,39
103,372
52,384
163,934
70,716
116,623
32,323
55,755
64,913
136,39
10,929
179,921
167,474
78,774
195,48
136,151
146,923
121,836
30,225
73,585
138,740
23,435
197,624
130,261
30,722
159,389
89,700
109,347
16,432
96,996
3,47
131,325
68,359
50,239
87,14
23,699
11,602
108,830
31,580
138,309
33,150
69,843
195,265
79,856
117,463
197,829
19,682
91,607
67,365
118,455
184,67
181,631
41,302
151,358
155,900
83,845
23,635
157,917
127,191
22,753
50,1
92,834
169,982
66,123
44,783
176,489
84,368
137,133
124,179
90,816
128,461
177,647
192,496
34,160
3,444
40,813
9,20
133,888
131,135
199,150
150,309
41,331
167,14
153,793
121,744
122,631
97,887
45,17
10,261
152,853
27,668
177,480
42,852
144,366
175,685
14,171
158,645
186,767
66,166
21,97
30,448
181,11
10,827
164,544
104,694
155,715
105,455
144,345
196,450
83,633
7,127
42,888
176,270
66,495
184,776
188,279
186,535
33,363
126,646
25,821
189,789
5,238
50,9
89,402
26,541
164,8
102,474
127,872
25,189
169,308
37,728
31,763
183,778
89,309
193,753
112,777
109,174
24,162
108,504
1,958
50,878
81,307
6,427
21,694
137,577
54,733
100,28
178,524
1,160
189,412
41,474
35,661
179,465
164,433
50,145
24,610
57,789
96,362
168,805
150,731
191,227
64,58
113,129
136,500
96,54
30,772
174,357
96,519
152,201
44,384
103,997
96,774
95,731
74,985
141,616
62,39
4,20
121,995
4,198
57,528
129,216
61,913
185,558
178,733
199,454
93,600
129,930
78,541
118,669
2,526
31,654
112,74
48,874
53,19
109,886
124,974
186,387
176,769
174,72
1,927
73,361
20,255
24,527
4,593
57,103
64,287
112,429
52,14
62,171
125,166
79,778
51,915
49,657
70,631
48,535
64,561
49,988
159,774
98,217
42,446
173,389
106,314
172,743
113,809
93,167
164,364
150,841
182,386
85,416
121,306
130,581
191,38
108,213
52,389
34,952
44,420
39,380
33,373
133,3
122,511
177,541
146,130
73,144
133,261
150,204
116,881
77,720
89,721
167,643
92,329
101,564
130,625
114,876
54,407
127,227
12,809
110,222
48,752
8,864
182,75
140,298
14,71
180,596
54,740
104,126
62,738
132,44
12,303
94,614
40,887
29,317
155,787
121,172
108,829
99,930
47,780
148,400
2,817
78,775
155,291
85,929
6,52
99,866
172,136
127,727
11,120
62,323
64,327
102,279
108,568
192,967
199,175
183,40
178,562
79,274
98,304
43,662
72,51
78,217
93,310
128,695
190,861
82,722
200,586
62,635
118,627
97,790
45,875
25,357
138,252
168,998
179,634
147,461
17,767
68,540
181,768
199,260
50,106
140,58
59,773
121,733
117,202
61,197
14,247
77,933
94,492
10,554
51,393
61,250
180,334
122,634
39,470
42,236
15,14
62,589
138,635
133,42
87,966
154,464
53,907
86,198
158,549
72,319
81,482
126,233
115,816
98,439
50,58
145,581
113,574
4,287
90,893
41,767
115,77
152,518
170,59
78,289
145,986
120,380
77,738
181,806
134,57
153,550
30,110
98,645
198,938
178,81
120,695
32,370
93,565
95,6
15,482
195,635
87,808
148,411
52,731
107,342
93,726
75,291
87,216
58,628
195,954
99,599
122,460
38,869
126,46
61,413
64,769
135,103
158,22
129,647
51,301
109,929
122,794
71,214
134,284
35,378
43,957
117,5
137,989
82,405
200,645
25,860
34,672
179,855
106,979
104,371
61,690
8,599
35,888
84,954
131,83
84,545
151,291
11,969
99,523
118,470
32,252
134,652
162,361
64,255
24,647
14,588
187,826
49,278
13,665
153,909
111,633
41,677
52,110
66,463
46,975
14,427
67,287
185,30
106,131
100,250
133,600
31,477
6,266
138,318
95,746
72,705
16,474
63,797
150,150
2,130
82,236
58,77
82,97
46,778
45,917
169,973
138,774
189,777
16,814
67,849
67,288
118,775
53,183
51,739
56,145
182,517
39,652
68,559
185,403
194,639
93,746
54,371
12,570
10,292
36,100
79,743
157,153
177,48
95,274
143,987
68,956
135,261
88,437
122,513
5,547
167,193
58,513
191,531
86,240
107,580
150,985
13,579
117,266
76,950
189,585
111,816
178,931
120,605
134,63
194,735
186,968
157,720
7,114
109,679
139,51
135,19
38,839
101,561
136,452
40,286
79,494
51,692
56,800
136,945
70,814
131,682
115,137
158,846
155,348
38,943
54,576
84,151
110,376
115,102
15,939
105,867
47,189
102,735
158,659
165,658
151,873
117,678
70,35
111,701
89,947
11,322
112,714
21,962
146,630
132,750
182,550
158,833
181,847
67,590
74,245
9,55
65,448
167,348
95,294
109,385
176,201
196,455
199,393
112,472
14,203
41,438
197,872
21,305
137,961
46,226
178,609
200,660
196,579
1,73
90,381
171,7
60,687
172,785
140,70
55,12
4,878
192,120
166,796
23,220
11,772
72,917
91,32
132,708
72,247
103,117
193,427
120,797
25,434
75,340
120,699
35,644
153,677
51,518
77,126
156,473
62,76
51,932
160,543
19,407
130,170
113,78
192,955
83,153
125,959
182,788
46,847
96,337
144,789
107,361
176,526
143,956
55,991
45,638
32,987
74,551
149,954
169,171
69,473
49,201
187,891
81,472
197,67
96,596
74,737
28,556
150,342
139,554
200,564
79,742
137,992
91,130
167,288
3,572
16,944
65,434
111,230
99,223
80,407
145,146
27,540
86,513
98,576
40,723
154,502
47,733
4,148
176,135
162,35
167,410
48,828
49,634
106,116
24,353
179,987
45,439
178,668
12,232
169,739
166,767
90,12
152,280
125,275
45,315
32,403
79,487
165,826
46,761
187,577
116,165
88,503
120,991
109,786
150,84
172,637
28,672
61,478
94,516
114,785
176,482
130,351
71,332
23,675
53,220
117,739
121,501
10,373
131,698
194,725
8,948
115,183
190,158
155,904
31,863
162,696
63,831
14,476
166,247
54,899
20,307
151,399
105,650
197,698
192,281
118,932
171,882
106,404
90,76
131,562
50,893
6,933
88,866
166,635
25,699
57,429
192,834
149,522
103,589
187,143
139,483
57,534
56,586
61,700
71,463
44,661
144,470
104,97
29,494
67,237
68,730
159,590
139,199
23,701
160,472
194,343
200,860
176,354
42,210
90,669
128,247
185,70
58,75
21,957
63,410
139,751
172,579
174,243
196,464
98,658
126,27
158,756
55,398
148,89
37,689
136,840
8,206
32,294
167,441
177,238
164,602
145,234
168,789
93,383
48,11
144,39
52,666
115,298
132,52
154,282
155,749
160,628
90,369
153,637
177,28
132,902
166,618
128,409
90,632
77,85
170,666
114,290
113,177
52,230
18,455
4,264
69,671
157,117
51,810
21,53
198,775
34,335
47,881
86,487
117,542
126,691
185,820
151,204
179,795
73,170
64,409
88,598
177,440
148,413
57,680
46,374
193,215
36,563
112,172
167,938
191,236
137,684
101,645
57,672
33,266
88,163
120,128
32,19
90,946
121,752
103,446
68,279
166,482
142,955
85,495
35,158
134,298
111,436
2,403
34,582
159,878
134,483
22,503
169,194
191,942
196,829
26,718
94,993
49,97
111,542
166,207
118,170
135,838
118,523
58,547
187,88
5,67
197,395
175,278
29,825
96,89
64,136
157,812
152,647
185,885
22,893
152,660
148,80
147,502
187,992
93,322
41,419
116,579
78,860
154,306
97,706
140,271
37,396
192,286
134,704
96,170
53,554
108,119
143,239
71,553
161,78
45,525
191,811
164,886
118,263
42,843
184,306
2,887
67,226
94,633
51,634
25,778
192,124
163,142
89,667
28,931
126,997
150,829
96,831
145,83
29,463
21,730
44,405
113,716
123,269
49,53
129,827
189,48
89,808
102,772
64,580
141,856
7,694
145,210
19,197
7,651
46,7
50,501
150,600
97,346
178,13
171,211
35,417
36,948
132,372
125,304
136,702
126,423
29,686
40,690
72,58
142,149
153,84
21,967
133,973
131,549
58,552
87,696
19,157
105,394
32,504
17,248
166,50
49,854
141,443
81,759
158,721
69,982
44,271
41,234
130,433
44,109
31,497
107,936
149,160
74,394
193,721
88,908
48,811
163,493
95,782
166,558
74,988
13,158
98,918
33,913
157,453
197,399
106,292
50,77
53,999
96,91
146,900
147,909
61,911
4,518
7,993
109,685
114,427
33,131
29,19
184,759
183,519
188,871
98,536
176,847
77,686
8,955
199,995
191,476
87,816
194,248
91,130
86,735
150,624
179,778
54,175
5,932
156,329
192,145
5,958
15,114
27,440
180,175
50,185
96,715
59,445
153,251
183,819
123,435
150,599
62,879
179,289
12,792
142,596
178,663
192,981
11,13
89,288
185,201
163,444
17,569
10,225
108,702
3,533
18,294
171,243
155,179
47,252
111,956
149,581
73,640
61,879
113,706
69,987
125,354
109,361
133,882
109,977
195,898
167,479
71,693
63,611
86,110
60,260
150,421
31,912
185,857
154,742
131,100
139,80
45,845
54,597
130,806
198,606
52,228
181,133
68,42
142,570
14,666
16,279
172,265
168,896
167,266
127,276
156,794
157,185
114,484
79,334
90,944
177,350
101,992
22,75
33,951
183,747
183,77
194,913
190,201
55,617
75,465
165,633
140,533
197,521
181,872
59,107
78,614
58,230
119,621
170,541
198,404
178,241
74,681
167,886
171,373
56,719
128,184
85,906
118,758
57,585
169,510
110,315
46,343
194,397
27,216
151,623
40,63
188,190
74,944
113,417
178,354
137,55
35,311
20,264
31,535
84,786
122,1
100,439
44,998
109,850
164,50
132,773
132,878
16,920
102,293
25,850
193,423
40,171
110,720
30,734
66,810
22,253
32,104
152,222
67,324
54,90
22,54
136,372
146,261
87,786
107,677
108,360
139,778
108,219
185,82
4,118
58,503
53,385
114,567
138,52
168,149
88,338
170,999
75,129
164,264
12,282
79,235
130,675
127,486
69,208
30,249
188,470
177,232
45,439
1,667
11,417
58,378
13,40
193,290
118,120
187,211
170,586
12,546
3,700
15,737
178,636
76,203
27,946
159,60
99,658
99,678
24,805
67,16
180,680
60,6
190,464
187,248
120,67
135,891
32,570
41,630
155,601
58,941
186,817
90,764
184,269
76,797
131,797
200,195
13,900
47,977
77,163
111,994
115,769
34,543
87,799
81,668
175,154
196,319
14,831
162,272
13,453
35,557
72,424
193,910
43,711
83,799
43,706
60,391
169,88
141,290
8,570
153,294
26,968
88,674
30,566
76,967
26,89
7,986
68,725
72,571
149,388
51,356
30,36
3,231
63,567
1,945
13,488
131,67
195,141
47,397
129,175
19,822
148,680
40,27
100,613
173,859
70,692
21,478
65,253
107,308
69,929
39,877
118,332
36,447
168,580
27,955
37,693
44,120
55,708
51,715
52,654
43,589
184,571
157,799
150,744
175,261
117,416
185,785
200,413
3,555
76,946
6,225
169,583
139,953
19,647
10,949
180,933
89,53
109,21
143,634
195,294
112,342
13,858
152,201
139,377
135,44
154,491
28,954
82,937
132,970
32,552
20,924
49,191
38,339
21,579
160,458
82,608
151,675
95,631
35,929
181,396
139,177
149,762
159,874
132,187
22,786
194,119
171,695
151,192
37,309
57,574
38,802
179,508
35,633
94,792
105,932
190,128
90,703
101,902
13,460
9,565
90,667
114,945
169,331
20,761
59,174
151,939
89,618
193,550
108,308
153,830
196,485
15,32
116,68
79,265
123,957
193,382
51,581
188,553
79,963
28,184
15,462
119,42
136,497
147,895
129,778
52,560
19,962
50,158
98,129
182,847
49,932
148,154
145,844
9,328
195,740
144,813
21,805
196,174
144,120
39,365
75,758
196,858
123,286
41,246
156,843
79,489
55,742
76,89
38,127
146,801
186,114
187,185
110,960
40,157
186,424
135,501
109,600
135,86
92,971
191,96
13,354
59,628
79,157
160,733
128,38
187,929
98,432
175,824
16,522
153,55
46,888
119,269
188,533
150,706
122,175
8,680
6,80
194,329
6,346
149,613
72,507
131,638
199,305
100,769
46,647
176,750
179,847
10,336
116,321
112,847
53,882
49,12
22,27
62,969
64,160
90,603
4,308
70,419
133,491
170,507
29,946
172,229
184,664
192,567
153,821
32,283
6,442
182,847
109,584
142,842
97,924
59,917
133,413
173,233
7,154
3,339
135,83
65,666
136,543
121,381
128,263
118,922
118,412
37,886
89,990
72,338
142,222
8,676
126,60
114,108
122,529
168,730
49,592
109,429
118,397
52,242
8,852
128,638
5,497
133,393
130,426
115,776
11,816
160,539
117,600
14,756
175,878
160,378
168,225
80,59
160,551
198,65
24,825
11,136
89,116
82,663
49,934
124,561
27,217
71,73
81,752
22,147
28,685
26,934
138,998
170,343
178,409
38,637
86,501
52,710
142,482
66,409
49,273
13,489
56,803
142,174
24,589
191,120
182,939
184,165
26,998
80,444
37,180
136,829
81,556
18,606
54,174
56,105
140,280
184,433
185,358
92,16
162,52
136,365
16,556
40,19
137,527
103,905
67,261
106,881
24,137
178,507
139,55
114,27
195,501
156,894
49,192
49,703
45,160
103,417
20,685
93,281
155,673
167,811
58,231
119,513
89,224
171,544
110,559
147,133
52,346
155,890
22,491
151,166
160,41
146,864
75,713
117,360
56,922
94,763
181,147
31,108
43,282
62,530
129,400
40,682
131,117
128,654
74,331
114,474
27,431
30,498
128,41
200,811
104,317
40,316
43,321
103,928
119,438
132,70
86,273
95,737
112,838
117,133
10,408
171,296
117,84
22,264
132,25
68,707
113,620
187,202
189,796
187,680
32,694
15,416
164,773
135,344
130,896
133,272
52,352
142,509
162,441
50,512
114,941
164,963
40,491
175,236
109,820
85,598
149,40
24,3
3,997
193,785
29,765
158,202
128,408
148,405
40,896
158,22
158,415
44,974
75,305
77,362
169,435
35,446
146,987
155,595
47,215
182,820
94,109
19,49
62,773
158,155
100,907
107,268
161,851
162,715
10,119
193,524
166,61
20,691
105,781
165,752
57,174
143,996
171,923
39,338
50,221
85,182
119,864
45,135
178,172
135,782
36,83
56,879
53,754
130,511
122,161
41,617
177,165
175,111
79,786
43,898
106,578
108,457
67,94
84,125
145,366
84,578
59,815
40,873
110,731
163,421
185,364
160,552
165,165
45,356
77,963
80,447
105,99
158,296
15,441
183,594
119,472
38,501
18,865
41,725
167,485
193,117
99,109
103,162
142,599
26,300
157,431
197,591
85,523
83,404
48,102
108,524
114,23
86,466
23,712
104,25
22,1000
72,752
45,713
27,793
145,574
50,232
36,489
31,998
56,410
187,649
186,422
73,977
18,532
140,957
57,935
97,956
114,31
91,588
94,550
160,297
187,786
49,822
4,695
178,643
89,274
197,501
25,177
48,981
3,272
28,205
11,786
59,606
194,242
69,670
135,882
149,143
123,470
29,907
87,313
84,402
32,112
75,544
194,484
30,12
104,463
65,460
29,345
93,960
21,288
89,323
130,680
112,503
164,846
105,737
23,755
23,23
157,128
69,266
180,152
20,891
9,880
144,435
102,937
197,879
51,57
70,240
115,457
131,943
195,184
64,308
82,20
185,980
46,717
14,222
41,624
181,911
8,996
110,475
23,129
98,483
65,559
109,82
171,917
167,154
182,361
143,403
68,364
25,685
121,209
92,886
149,316
199,923
184,484
101,767
48,460
106,407
118,867
154,526
70,805
14,702
50,778
119,934
19,999
2,932
156,4
36,802
114,371
107,883
91,262
167,776
72,537
76,261
66,907
79,547
193,517
126,781
134,94
14,618
128,259
22,27
139,208
126,573
23,771
116,646
127,688
79,516
8,47
53,715
64,684
150,481
29,203
38,281
184,618
198,431
6,244
50,412
126,498
146,560
38,784
125,88
60,32
76,560
122,201
153,609
141,736
88,32
181,33
147,342
188,898
91,376
10,348
95,886
55,806
69,751
34,489
141,927
43,69
106,326
173,958
151,403
12,339
194,713
53,840
159,894
89,961
167,614
32,479
158,169
138,394
99,776
78,874
20,311
181,33
180,299
15,158
60,419
116,866
166,116
62,504
23,969
200,496
65,521
86,206
160,933
154,552
19,470
62,642
168,358
20,28
69,522
20,371
8,588
36,85
27,415
92,562
60,75
54,287
141,336
39,925
149,951
55,680
81,395
36,46
175,740
196,688
36,678
72,353
190,268
95,112
99,400
69,911
116,746
124,705
64,338
137,161
130,816
111,531
18,431
103,904
95,605
157,511
2,560
133,396
32,503
37,108
5,675
29,968
22,327
133,169
159,47
27,718
188,518
38,97
153,920
20,375
120,464
174,679
168,130
75,342
125,881
6,68
15,170
25,834
140,534
30,845
21,26
135,328
122,865
7,671
49,726
43,509
47,366
147,259
120,485
164,872
128,872
63,877
102,415
6,227
200,159
12,400
31,174
8,663
25,973
39,246
118,334
132,793
152,47
186,671
188,769
179,813
98,375
42,655
130,965
34,735
75,427
122,179
101,589
193,651
159,719
186,571
185,409
197,848
51,813
184,907
168,521
87,844
50,420
66,255
11,923
46,908
147,315
153,370
21,998
52,971
57,48
170,76
37,932
156,130
54,919
87,485
57,999
192,581
155,105
48,282
54,697
54,202
47,517
143,773
39,409
92,867
139,428
128,104
6,553
174,553
158,278
46,277
128,937
79,851
182,638
6,144
154,482
146,572
37,515
103,766
17,357
167,949
121,737
185,275
129,769
119,675
54,2
27,956
192,750
68,342
14,662
157,940
28,887
5,85
180,240
108,218
134,278
164,259
161,520
144,194
126,321
148,755
64,201
91,601
152,515
191,567
82,688
80,109
200,344
84,563
116,946
172,603
184,194
91,783
145,719
29,69
122,271
82,314
89,974
42,492
76,464
169,168
117,81
108,195
187,347
23,497
126,227
180,608
69,7
103,368
127,253
91,43
192,108
71,807
76,48
181,314
43,567
42,921
31,894
19,33
161,393
181,990
41,517
29,75
87,418
146,857
11,653
60,819
4,95
141,303
52,894
134,93
177,321
107,374
93,846
101,525
75,625
77,237
52,220
158,485
162,126
145,406
94,694
39,394
64,652
51,999
112,39
104,240
11,444
31,525
141,389
87,402
59,21
68,306
158,454
83,910
10,968
130,381
10,276
175,612
104,163
38,416
119,802
100,968
70,792
188,64
92,552
86,135
184,16
147,24
128,368
120,522
48,558
58,814
135,159
75,808
126,551
9,911
126,352
181,695
13,699
153,222
111,678
90,833
163,35
139,312
97,353
46,765
176,414
25,94
170,865
131,601
41,361
196,703
174,690
12,815
171,179
35,312
164,312
45,399
141,123
160,873
22,379
126,634
53,283
31,572
63,700
81,709
133,267
61,569
190,60
67,530
38,919
152,958
146,13
10,469
29,235
109,640
125,269
118,877
184,34
177,964
95,530
192,225
187,616
105,606
125,619
163,161
4,574
7,545
38,989
26,745
103,61
29,682
115,729
129,116
88,378
45,63
164,798
89,426
192,680
193,311
2,592
101,103
40,114
100,665
81,756
61,949
12,136
123,319
70,121
128,387
133,282
179,848
181,850
129,181
110,595
95,954
115,546
182,37
44,835
9,888
35,692
67,557
181,655
176,790
118,519
15,296
81,317
194,413
156,368
92,349
8,6
83,749
176,771
142,176
165,296
44,135
66,236
51,149
84,48
96,225
46,104
52,166
28,448
99,795
27,465
167,665
116,45
189,611
146,303
141,239
12,658
189,162
158,923
165,567
115,531
3,175
113,441
179,305
158,92
32,320
106,18
64,86
136,363
81,227
81,919
149,600
10,37
48,59
173,92
188,589
126,592
29,276
163,402
122,166
153,622
101,335
180,783
7,593
172,658
98,445
176,940
12,250
125,575
139,459
151,574
166,217
187,412
32,417
12,588
74,847
13,580
139,755
63,52
56,837
199,929
103,819
197,648
200,53
108,934
146,778
112,997
173,441
167,968
34,356
15,791
65,733
180,438
59,752
182,443
132,840
161,99
185,734
196,794
191,844
73,787
139,836
85,637
100,275
72,535
193,651
150,423
135,408
66,848
10,763
1,944
176,69
15,197
15,842
35,684
157,854
169,574
133,373
43,392
180,504
57,722
26,794
2,242
118,619
125,22
178,61
108,471
58,33
83,363
8,46
55,121
188,906
31,306
41,112
95,119
109,247
66,265
175,511
200,540
22,394
194,661
83,487
200,843
137,751
80,323
112,283
42,183
143,800
62,90
180,786
146,491
99,684
167,372
119,470
146,347
119,655
195,304
57,900
132,180
26,617
56,430
52,412
185,238
168,118
97,633
186,942
53,489
64,840
8,150
178,689
124,93
197,717
194,774
33,431
180,567
117,126
79,780
130,777
28,518
40,976
150,699
53,758
125,12
78,470
15,820
121,330
89,597
107,183
57,751
30,927
180,982
32,547
133,305
145,402
43,594
131,287
84,169
150,559
22,219
142,721
8,981
166,182
78,733
118,734
192,120
62,598
186,868
56,451
21,209
56,607
165,745
158,482
115,801
19,25
171,221
123,686
98,978
15,639
171,498
90,983
25,798
167,631
176,718
126,185
134,806
59,687
62,490
80,637
183,914
96,114
89,25
160,656
131,217
153,865
118,29
102,123
60,903
190,267
168,939
143,994
148,491
14,132
81,900
45,208
15,90
33,848
71,102
160,175
63,153
95,749
65,896
68,163
16,498
115,785
136,823
167,502
74,300
13,676
53,304
182,827
85,773
101,307
136,176
106,905
87,934
53,722
156,171
178,625
141,477
103,346
24,852
50,856
137,70
71,37
182,364
193,48
60,533
116,517
102,923
115,18
16,74
149,300
146,905
82,547
32,25
56,738
112,624
88,287
62,791
31,39
92,333
105,387
119,372
171,884
173,816
107,496
85,514
112,796
90,224
118,818
139,702
82,251
24,341
24,459
81,12
150,355
191,536
195,556
151,722
155,188
169,643
160,591
166,864
186,322
48,209
13,34
85,513
194,551
112,973
145,713
71,968
74,178
61,449
142,568
174,287
93,712
61,348
74,645
1,530
106,112
6,427
82,416
133,255
74,910
103,126
47,545
75,794
166,980
178,612
172,715
109,888
160,153
99,383
131,900
76,398
68,177
132,557
132,606
41,598
87,104
189,849
187,266
154,181
153,762
124,812
105,289
160,848
109,159
113,52
50,909
173,856
188,524
40,276
41,721
126,194
61,804
64,70
173,579
38,864
130,950
176,476
157,323
164,829
166,507
126,222
132,504
16,241
111,506
100,137
74,108
149,424
71,222
36,658
34,960
171,929
102,749
59,190
100,491
80,634
81,676
115,473
70,408
28,301
44,425
39,871
120,198
175,658
180,232
24,850
21,631
114,435
105,577
158,847
79,437
3,149
92,662
71,543
118,458
28,865
88,388
38,489
51,496
126,829
55,989
184,371
6,556
82,550
165,715
72,705
54,691
111,563
12,526
21,400
102,283
77,234
59,57
194,149
182,210
145,127
197,159
117,232
183,611
104,160
8,765
197,523
77,576
89,671
127,689
12,15
97,248
108,808
131,557
163,543
174,25
146,898
157,38
4,482
6,99
89,59
154,642
193,26
1,537
74,140
5,397
82,622
105,126
68,893
12,926
15,863
129,998
189,226
158,583
37,530
90,145
32,271
128,673
41,459
3,880
51,25
32,960
70,277
56,556
158,425
14,954
116,504
108,177
195,8
169,407
10,219
88,980
178,895
68,427
47,910
125,954
4,417
105,184
51,534
13,512
120,509
88,704
108,711
101,332
129,967
74,74
124,501
184,477
151,923
63,81
190,572
158,199
87,96
119,336
60,16
7,399
121,58
120,481
142,920
117,279
178,127
112,244
43,917
174,674
122,505
94,316
38,288
188,283
94,45
106,587
80,360
104,228
134,245
141,344
86,659
98,899
200,461
110,413
97,221
160,531
153,349
61,371
46,652
26,833
88,315
77,301
69,74
192,788
154,273
40,103
175,624
194,431
66,783
196,60
173,674
117,548
43,149
34,730
85,2
12,922
86,458
65,209
184,429
53,1000
16,673
58,265
41,66
150,396
91,92
17,374
188,2
4,929
126,278
113,291
111,993
145,699
117,402
142,169
41,162
14,735
47,614
90,725
47,933
88,157
15,304
39,377
159,842
87,474
36,732
82,929
15,56
28,111
41,179
89,87
31,850
166,184
75,458
60,482
150,896
2,604
143,506
88,309
148,331
13,811
9,317
156,860
194,595
103,505
143,967
161,487
61,617
61,589
5,113
90,814
91,237
196,547
55,757
108,355
171,813
87,487
7,848
71,544
113,643
174,225
193,427
134,586
15,345
155,435
67,503
66,232
123,628
97,395
26,622
126,699
2,999
13,664
177,370
36,76
81,994
160,575
194,542
12,111
79,139
79,209
154,76
177,144
83,333
119,193
166,994
128,932
184,815
164,786
181,73
111,979
59,655
63,319
49,92
79,497
35,823
59,802
26,86
34,590
25,769
6,550
182,35
86,92
17,426
41,457
173,511
22,474
177,94
89,426
78,944
101,486
43,8
129,330
188,82
180,836
174,258
58,56
108,975
6,308
198,327
110,264
22,826
110,435
116,511
73,508
98,648
171,251
18,399
125,602
67,473
16,996
68,225
177,860
28,181
66,704
171,160
21,259
96,359
93,585
115,667
35,236
40,840
186,676
164,208
86,676
9,559
151,762
33,275
91,317
111,720
30,971
120,890
29,560
153,540
36,285
168,366
104,533
18,323
185,918
9,375
149,190
102,828
188,413
139,858
66,9
102,467
145,336
101,919
152,498
101,550
76,330
104,706
182,419
71,481
164,804
191,815
117,671
46,731
32,507
4,702
194,264
131,490
35,23
13,745
50,555
93,609
60,148
11,798
130,575
196,216
74,131
27,166
39,986
24,347
7,811
136,832
184,133
164,341
19,593
117,661
194,684
21,251
127,216
51,504
123,849
69,259
200,333
11,155
145,694
130,677
173,106
39,60
75,416
84,168
69,455
189,403
159,433
166,830
23,291
65,895
109,373
123,172
14,666
182,968
197,663
68,617
56,823
83,34
116,764
191,445
180,176
49,110
115,442
154,431
52,607
154,641
80,529
169,521
26,271
24,395
22,385
88,781
135,716
183,119
155,384
55,780
125,53
145,315
130,314
157,998
185,59
183,333
80,558
112,290
197,155
17,965
76,473
142,849
9,151
94,542
18,387
64,424
181,846
158,309
59,848
61,688
27,410
159,179
13,100
36,888
158,819
5,326
178,13
19,506
59,564
55,43
2,12
173,512
141,714
167,652
131,177
28,894
47,130
53,524
87,122
84,511
31,989
66,33
91,490
195,654
100,665
132,26
109,518
122,10
175,285
89,153
144,996
118,94
194,977
17,959
4,973
77,816
197,932
9,760
139,282
20,256
10,385
110,891
153,484
160,41
91,771
55,555
58,525
186,569
39,558
184,92
21,284
191,697
176,334
82,537
122,750
195,470
43,578
49,679
149,895
67,272
197,266
151,531
44,438
133,231
66,365
91,508
22,139
155,389
40,283
123,681
94,80
96,316
121,226
174,369
134,298
199,221
122,415
56,47
43,919
62,560
14,73
19,440
119,731
107,232
143,668
7,369
117,376
190,350
80,541
190,501
26,966
98,765
16,652
190,820
188,482
72,202
55,120
116,761
156,842
158,496
40,974
180,870
152,989
20,63
59,866
99,316
9,725
173,372
191,383
142,856
39,801
189,991
147,213
179,509
175,942
187,827
37,481
34,198
102,761
86,410
151,341
184,99
2,509
78,32
181,282
114,388
38,609
124,109
15,667
140,999
44,227
16,670
73,88
177,63
12,665
92,671
119,861
169,69
119,44
129,209
117,155
160,241
122,990
193,667
116,480
171,744
163,86
143,585
143,915
97,289
8,488
36,41
186,437
150,173
90,274
3,595
170,984
73,162
125,592
95,33
63,159
199,823
55,596
93,193
34,687
42,481
146,32
173,54
99,822
196,500
42,132
93,151
36,675
51,620
163,558
195,640
98,314
37,329
5,943
14,480
113,584
36,507
177,642
110,709
89,342
171,969
75,496
112,39
57,812
105,844
23,640
159,966
179,51
8,379
16,474
19,28
177,562
105,987
160,955
5,411
166,689
166,639
175,361
74,359
34,499
79,149
3,450
157,236
101,896
55,161
49,241
47,457
187,866
88,238
179,584
136,445
27,383
78,194
141,246
133,75
180,326
155,121
72,17
142,713
65,323
80,879
94,175
44,951
137,555
50,804
18,114
60,921
26,819
62,932
125,393
195,432
72,457
189,754
44,946
167,470
168,191
15,897
59,434
6,576
54,909
99,387
66,971
29,112
37,514
138,552
121,386
30,729
150,572
10,863
106,324
27,91
22,458
4,482
53,620
52,908
14,405
40,565
64,573
61,250
198,124
149,516
169,311
140,582
159,743
42,903
85,978
132,4
110,791
36,288
77,691
47,686
131,65
22,660
157,718
87,732
126,802
167,764
176,947
100,624
44,634
149,354
156,702
188,152
153,346
180,655
128,277
125,307
47,346
134,754
132,401
35,693
72,170
80,778
65,615
119,512
87,281
79,759
159,86
41,483
54,657
67,861
104,192
125,840
24,409
8,846
171,685
25,180
183,292
167,468
166,970
81,83
122,518
195,773
47,103
4,746
102,296
171,789
125,443
19,990
39,185
130,898
179,467
110,571
139,728
103,436
3,894
197,762
24,99
146,727
44,60
159,20
24,685
200,913
26,816
1,42
12,878
56,500
99,813
192,382
2,716
200,56
23,332
158,975
188,630
43,277
115,986
186,897
172,116
172,918
199,570
72,766
134,422
47,987
23,525
107,975
28,238
3,764
60,312
102,990
199,464
192,383
3,706
129,912
67,48
6,736
134,573
148,295
14,222
86,653
197,304
184,24
101,181
189,44
121,259
56,58
59,172
91,759
180,360
70,342
189,817
102,258
166,218
53,587
100,805
132,468
34,402
16,539
119,20
128,943
103,607
182,369
19,389
84,959
30,526
55,67
188,506
92,470
51,456
166,415
17,156
73,495
49,909
193,951
74,362
62,315
175,329
2,383
92,125
162,802
147,226
60,312
63,178
67,397
109,456
153,572
10,123
43,109
20,97
6,508
11,251
200,238
82,518
74,468
98,424
90,197
177,296
28,989
11,489
106,167
25,830
191,84
69,162
171,508
76,750
162,44
175,4
164,148
76,9
140,828
198,107
128,733
48,925
136,942
73,214
75,331
21,669
152,696
8,633
174,433
74,291
59,957
86,97
113,346
152,113
93,425
168,4
6,112
112,572
171,809
12,240
82,507
97,393
162,325
151,640
124,262
5,804
38,69
189,619
44,820
108,560
126,928
197,533
60,666
57,755
133,970
142,68
17,240
172,242
173,400
96,507
94,524
102,773
70,807
82,488
171,610
132,782
193,738
74,912
70,544
38,671
125,918
181,937
25,41
150,846
101,958
84,646
29,756
189,922
12,131
192,491
88,865
25,20
200,893
104,40
5,310
199,302
148,578
123,169
78,129
137,242
83,855
29,570
112,422
47,247
156,794
67,823
30,697
77,860
197,452
26,915
75,601
124,48
197,37
159,144
63,444
51,782
18,353
13,697
47,187
200,30
64,23
134,674
198,311
82,220
90,290
90,788
62,51
93,434
155,713
91,402
64,368
60,321
195,405
5,140
104,705
130,205
138,718
2,163
82,139
38,974
111,389
95,209
128,708
95,591
66,662
47,134
143,393
149,811
168,179
26,7
128,295
35,597
5,193
22,548
84,589
183,953
74,800
52,870
172,28
80,917
140,734
155,208
66,664
45,139
48,959
120,882
128,650
71,365
124,469
192,499
25,688
59,870
19,39
43,251
90,374
170,34
59,48
36,243
150,484
149,742
142,177
172,43
71,453
21,260
183,857
7,156
142,918
188,902
34,281
138,932
182,635
15,892
116,279
94,451
31,264
28,275
114,221
112,879
190,5
134,745
40,122
120,585
121,126
163,752
149,873
135,8
40,16
68,224
31,702
191,674
141,807
132,712
55,905
63,262
44,145
14,825
101,782
162,108
127,37
185,568
111,683
135,234
101,366
118,269
111,30
36,919
193,117
5,380
71,854
106,851
116,373
169,795
131,643
143,781
5,947
36,336
36,594
32,874
199,657
177,57
135,610
154,600
126,826
70,906
96,255
29,556
91,18
108,35
158,828
3,723
77,47
184,196
32,968
96,996
180,648
199,730
172,660
82,486
108,862
79,939
190,289
165,449
46,727
87,218
5,390
92,646
152,63
93,440
132,596
174,282
121,720
130,245
191,804
11,996
115,402
167,745
165,985
27,868
146,19
184,499
159,219
189,478
75,608
55,173
104,794
164,593
127,176
2,297
161,897
14,629
119,255
123,330
187,552
87,863
43,925
56,75
58,709
198,827
114,753
1,161
19,879
193,15
58,242
168,913
125,806
135,747
105,791
57,301
66,945
8,121
121,110
177,785
171,512
17,979
150,961
9,352
42,102
109,684
26,263
135,817
72,541
162,308
96,393
147,829
196,902
187,206
19,31
42,919
157,846
88,633
10,869
178,993
28,30
172,511
119,239
62,364
119,872
123,371
94,191
68,467
146,196
183,969
36,646
41,640
38,649
149,525
181,164
5,56
29,791
192,684
33,23
200,518
98,92
18,896
139,514
139,288
138,765
182,101
16,22
36,435
180,473
112,958
2,196
17,719
76,531
11,111
14,559
139,58
174,441
15,139
154,138
72,396
163,213
20,557
129,351
149,477
143,154
113,626
166,96
14,32
64,12
90,291
130,55
56,31
146,474
121,108
158,644
28,881
162,48
79,692
34,459
196,471
170,365
41,493
87,112
34,873
36,240
35,491
2,315
5,331
160,457
186,744
108,24
58,967
120,742
180,512
142,371
7,376
151,697
162,631
82,13
58,468
108,35
101,501
88,143
19,394
105,929
43,354
23,563
108,428
79,163
158,890
63,883
118,811
143,272
34,314
75,396
195,463
29,15
167,650
99,877
75,67
2,825
150,640
151,606
89,334
94,533
190,543
90,611
167,547
82,199
173,304
53,667
85,29
6,521
147,190
120,562
7,172
137,537
58,80
189,71
188,110
67,73
77,758
44,18
137,787
38,773
153,565
29,279
36,752
92,223
51,730
122,977
128,101
56,566
142,775
95,892
172,274
145,153
174,498
35,863
43,540
97,935
11,174
132,341
44,828
124,409
25,352
67,803
51,230
73,997
187,236
137,195
194,395
95,927
56,814
10,554
58,170
172,596
136,566
53,896
80,905
76,723
42,623
6,513
175,90
19,118
80,208
56,751
194,39
29,983
160,297
183,231
42,929
21,326
82,611
2,882
28,299
101,340
74,874
54,437
49,198
36,494
15,520
46,680
148,501
27,513
128,570
114,954
94,483
18,457
70,594
40,478
7,727
161,446
62,552
29,652
156,866
108,259
24,71
109,907
139,864
41,986
124,46
14,999
175,652
184,255
72,568
17,967
10,642
66,687
61,276
95,672
16,490
78,376
89,447
58,375
80,477
79,588
52,709
88,213
176,507
119,365
18,723
111,524
72,106
42,658
39,587
78,691
4,178
116,46
67,129
179,58
22,387
48,412
130,849
130,445
96,513
25,585
87,188
113,199
163,314
47,85
116,868
160,128
80,452
128,334
9,111
92,677
105,802
123,891
148,71
28,588
95,65
147,478
102,630
139,64
75,501
168,656
41,261
134,937
7,337
32,835
4,118
69,72
114,609
67,2
171,277
119,15
110,244
158,668
70,611
149,32
148,408
169,940
143,933
162,329
104,856
24,471
3,440
135,541
184,414
130,334
4,683
96,937
194,891
29,555
64,52
200,737
83,645
4,20
73,843
178,58
17,274
144,490
53,599
35,362
3,509
10,870
152,452
153,774
83,524
167,400
89,679
114,803
180,961
152,409
73,19
114,642
49,747
38,149
41,955
34,432
27,325
146,685
9,419
68,864
50,954
160,351
151,818
14,622
40,193
30,335
14,664
99,169
6,926
12,389
173,301
161,746
190,214
36,374
39,433
85,891
61,674
119,15
112,959
44,111
42,639
180,182
10,295
184,251
93,717
112,848
96,851
172,947
181,152
166,313
177,176
98,600
95,276
150,955
11,640
90,429
200,997
4,784
4,131
128,716
141,512
9,683
117,687
155,178
15,785
174,108
124,157
41,157
53,367
63,867
148,654
74,481
25,253
152,559
98,878
180,264
118,364
147,400
135,845
186,142
6,969
159,680
150,647
53,586
195,778
1,189
189,922
132,218
72,584
131,487
140,490
169,780
98,75
172,522
165,99
69,262
59,859
172,541
81,327
181,557
125,575
4,834
66,284
80,739
21,618
196,128
158,633
55,582
158,560
178,660
190,885
9,769
126,764
79,3
61,216
54,473
118,533
7,934
174,624
92,174
125,984
84,94
99,369
107,800
64,784
19,223
37,399
55,91
162,50
18,840
155,912
75,506
192,630
162,488
14,636
177,229
89,383
99,624
16,764
141,753
58,702
130,444
22,861
177,598
76,416
153,395
78,237
167,864
32,108
11,579
125,168
83,758
147,316
2,939
178,756
98,289
61,689
116,188
14,136
13,833
26,757
51,149
76,729
126,381
190,876
45,292
198,441
188,316
82,511
184,607
67,588
5,3
135,479
179,115
94,818
21,253
59,715
114,328
43,983
126,187
164,821
22,200
24,46
146,311
17,624
31,176
170,838
56,75
180,416
108,359
89,357
5,667
30,8
131,705
60,616
43,366
83,339
85,729
67,265
52,102
151,654
128,887
9,430
3,500
60,176
198,580
66,412
35,80
44,691
57,533
16,432
183,822
2,658
195,527
172,312
9,650
167,663
94,553
4,187
197,361
11,601
183,884
130,623
188,602
153,531
53,40
68,914
151,977
97,251
129,206
62,945
102,960
78,734
59,241
42,42
166,707
143,405
26,387
79,394
63,549
40,612
58,37
57,147
189,394
179,784
130,528
25,526
131,796
75,178
107,777
111,957
19,403
117,588
94,387
106,65
84,228
46,250
28,909
91,596
189,837
82,94
2,583
112,699
149,87
30,785
68,870
118,15
127,866
166,875
15,264
194,770
139,175
134,276
115,31
171,752
8,151
6,216
143,315
17,922
159,527
17,948
50,274
83,335
48,384
142,815
184,616
182,7
11,453
185,821
18,949
189,92
193,671
134,27
47,777
103,628
67,295
199,497
152,852
30,223
151,800
153,551
125,640
181,849
15,757
174,359
153,18
92,628
188,629
141,360
198,296
74,682
166,498
141,342
176,549
128,797
77,16
199,932
63,785
35,102
53,770
150,338
184,141
121,694
96,950
115,105
154,97
112,455
174,58
194,13
67,524
87,968
158,356
5,613
164,22
95,189
193,913
173,500
18,863
6,123
43,164
158,25
153,40
13,119
65,129
178,667
105,582
179,367
138,875
64,455
93,894
105,495
196,709
41,50
89,921
83,520
111,462
199,963
136,879
42,499
69,152
88,876
89,689
142,290
76,479
185,343
126,998
138,824
79,78
171,300
102,400
145,738
156,208
134,7
67,831
177,522
46,117
181,958
111,269
65,241
196,651
122,812
177,774
141,941
49,153
107,507
35,124
62,927
58,161
141,786
119,282
88,597
186,653
71,724
62,560
128,160
143,453
194,581
96,879
114,253
185,948
113,524
97,956
12,897
90,706
12,665
77,938
37,419
97,971
13,754
121,489
114,713
169,196
129,377
36,936
69,148
132,856
21,838
190,47
140,1
116,616
52,805
32,305
54,308
73,786
48,782
182,644
175,199
49,868
119,296
26,677
137,688
22,68
79,301
171,786
14,868
43,971
36,281
124,450
16,399
159,604
29,693
114,149
190,667
91,267
28,609
170,470
160,526
16,582
173,498
40,42
135,237
48,256
16,405
73,484
8,268
179,928
143,697
130,102
53,595
60,450
136,637
156,498
42,162
177,197
110,873
13,188
125,645
81,669
81,799
128,87
74,727
154,208
198,838
23,231
5,344
72,817
115,978
132,509
122,291
48,373
73,724
172,951
114,878
15,956
18,334
148,511
164,620
186,592
159,387
182,455
95,349
14,855
139,150
85,89
178,277
151,365
49,385
55,153
100,5
33,197
28,821
137,779
126,294
173,727
93,408
44,797
69,498
67,44
57,558
31,792
78,315
177,43
92,335
139,661
192,588
97,293
88,985
90,112
128,568
140,965
93,469
104,486
87,353
121,339
193,273
92,372
130,191
115,320
48,862
190,259
127,794
196,758
186,918
18,296
34,32
126,94
69,684
197,162
48,925
137,246
17,923
108,486
106,603
110,2
112,558
111,149
97,853
18,612
53,764
164,889
82,825
158,865
65,882
143,989
139,424
36,795
166,322
58,980
64,374
122,429
53,781
15,569
109,261
168,875
139,783
94,994
156,58
27,733
45,978
185,522
115,37
111,119
92,230
100,529
18,421
34,740
63,241
197,902
100,830
162,63
196,699
39,481
127,767
36,994
78,418
153,745
67,168
90,671
120,490
57,944
111,403
174,767
25,818
76,821
186,915
8,671
117,718
67,412
10,220
58,160
127,264
135,964
166,993
19,290
91,55
4,912
99,994
151,617
5,942
129,601
103,935
146,764
38,974
114,561
31,492
199,756
51,466
48,765
133,293
85,451
185,462
155,343
73,309
28,512
68,270
15,935
113,822
88,506
80,589
177,605
47,640
1,625
145,257
12,974
90,2
168,940
40,701
103,227
57,216
18,595
193,47
140,799
165,522
73,105
82,378
2,881
184,790
180,333
69,317
116,48
114,943
81,48
43,890
190,600
133,463
81,706
175,536
26,806
87,78
131,669
11,503
78,810
60,976
192,811
23,902
19,918
46,958
189,171
150,951
40,411
111,403
197,956
184,369
54,796
152,94
106,957
193,765
141,274
61,560
109,135
140,185
177,94
19,645
55,784
161,401
167,124
11,879
50,538
138,341
46,628
5,405
181,827
97,300
116,792
57,392
157,993
105,890
101,825
29,262
7,657
96,467
101,1
159,293
36,127
7,95
116,942
143,448
86,356
193,290
106,14
169,256
169,510
71,375
5,478
110,523
166,237
51,998
177,803
35,816
148,933
17,495
150,146
162,841
140,923
11,983
34,996
39,72
21,931
76,862
158,299
123,137
22,1000
105,631
35,801
62,972
137,376
189,301
91,574
165,315
169,330
127,868
142,994
192,991
189,532
15,617
33,659
197,532
154,855
190,419
196,393
40,289
178,737
41,568
169,657
111,464
28,237
107,916
198,942
145,714
51,47
82,883
75,655
132,235
29,635
195,9
60,628
110,561
70,826
12,623
119,196
35,861
144,577
23,644
117,704
31,693
12,976
54,587
46,427
108,252
140,83
115,147
44,337
121,290
30,474
95,314
129,305
8,837
80,922
168,361
90,609
115,753
7,568
18,543
70,821
163,109
11,923
75,575
94,23
4,101
7,299
24,547
62,584
63,389
105,573
36,619
30,769
101,477
101,641
196,966
166,354
98,8
167,925
195,532
138,982
72,73
37,934
36,117
44,233
7,2
157,653
25,547
54,822
148,446
121,692
156,260
91,993
134,377
105,115
138,481
138,424
29,283
138,34
59,511
116,497
21,105
182,492
121,722
157,492
3,290
158,68
88,54
66,567
184,263
86,37
101,339
74,213
11,695
50,159
185,11
82,21
185,500
187,71
188,343
131,96
48,749
116,608
131,62
21,262
80,56
84,67
54,87
195,48
77,537
27,173
119,413
125,555
34,867
138,921
113,650
148,958
55,210
50,254
180,22
71,542
151,731
5,444
138,824
71,322
22,815
37,414
151,11
1,995
83,562
96,93
89,205
174,94
167,355
48,883
135,809
33,616
85,673
158,211
132,880
77,881
91,239
157,949
88,226
79,606
135,194
144,672
162,653
132,288
113,627
40,370
89,636
26,28
55,663
15,38
189,416
26,298
63,892
160,893
138,591
33,830
152,103
2,130
99,978
15,937
124,13
17,627
177,86
131,302
80,623
100,323
14,122
88,259
117,630
39,569
48,547
171,745
54,622
168,81
85,449
73,17
123,905
71,92
194,160
103,881
190,614
84,35
56,394
66,931
97,28
99,548
51,851
15,827
90,960
85,239
153,904
177,134
172,428
137,287
73,745
88,224
78,597
40,9
37,771
57,620
94,191
150,785
159,33
85,458
175,759
111,52
73,301
128,863
1,166
47,402
130,413
82,681
77,565
25,616
30,546
45,908
2,245
72,469
129,458
5,179
42,599
99,71
131,499
57,41
78,834
144,621
58,795
127,799
151,552
89,426
47,808
99,398
3,744
184,13
104,43
32,750
2,413
22,789
171,169
164,90
136,667
137,821
173,346
128,140
83,787
138,749
54,14
113,823
158,177
180,500
50,407
91,183
154,401
151,409
20,142
195,378
73,338
144,429
104,966
24,603
150,189
176,238
196,206
70,410
38,414
31,778
76,548
13,805
152,12
107,827
166,780
90,335
119,625
57,443
115,575
182,140
9,619
144,591
4,127
190,893
92,116
154,882
1,727
22,91
167,395
161,771
104,919
80,607
183,843
97,130
158,397
158,328
104,488
71,779
149,115
99,733
155,978
3,164
115,583
39,419
183,431
140,441
108,357
117,385
37,322
98,729
170,195
65,89
190,200
129,44
57,703
96,466
51,380
109,825
82,909
20,883
182,914
8,567
54,104
192,345
61,338
183,162
198,730
160,628
124,164
172,567
120,327
76,568
181,347
35,92
83,235
23,328
66,798
60,43
184,700
112,240
163,825
91,23
171,409
93,47
181,439
81,758
98,399
87,689
175,937
129,767
108,186
164,790
184,477
147,849
198,262
47,140
74,389
159,734
24,962
32,71
107,761
10,955
183,110
81,25
150,279
140,414
77,973
43,699
155,720
82,213
31,759
142,481
40,301
66,203
64,157
125,335
132,440
196,48
59,817
114,19
189,639
83,395
90,61
2,449
108,520
179,876
109,973
12,329
64,174
86,910
128,432
10,941
54,754
151,930
178,302
152,616
15,569
52,191
66,250
158,831
178,743
82,904
164,277
46,951
18,651
10,249
39,317
103,426
82,347
179,942
143,826
56,886
77,741
113,116
45,785
14,558
80,793
58,793
86,254
161,247
102,801
120,184
106,419
82,156
130,994
171,173
85,964
12,465
61,551
110,277
154,60
129,319
3,625
92,394
176,890
97,482
24,131
56,4
198,274
95,667
141,969
56,83
180,38
174,551
39,333
143,657
198,37
51,130
195,145
108,60
70,219
141,70
119,379
41,262
150,914
80,61
196,436
7,749
51,945
146,98
92,650
84,972
155,164
61,588
145,41
130,113
46,64
40,719
118,695
136,126
146,514
128,426
32,236
99,874
34,47
157,99
65,610
190,33
127,561
58,669
85,479
133,107
159,760
68,398
197,596
194,367
180,779
105,97
181,473
175,829
152,233
133,743
97,828
189,633
82,389
79,484
56,147
179,42
167,791
158,341
43,605
158,505
195,366
29,201
152,65
1,985
128,29
187,298
30,686
50,363
99,469
175,359
116,531
22,820
134,853
31,707
79,647
25,258
170,306
32,619
13,633
94,911
132,465
106,224
198,478
65,477
29,462
29,197
95,564
179,714
180,442
70,484
121,175
138,953
157,564
120,978
54,651
178,524
5,785
142,778
87,298
16,107
123,585
93,273
75,609
74,848
105,760
16,50
35,898
149,420
156,13
164,681
111,688
151,969
200,352
57,983
165,299
68,117
179,375
85,795
51,960
63,788
37,394
170,461
156,482
149,697
194,282
56,131
140,913
124,223
54,3
154,678
158,658
82,486
114,276
96,817
16,544
69,644
121,883
1,966
56,212
79,868
102,368
15,956
12,395
2,944
14,155
6,41
66,412
196,303
99,163
169,598
130,837
28,579
47,267
186,585
28,436
55,218
173,190
35,615
134,540
187,590
13,275
176,864
107,395
116,175
30,646
24,413
103,28
81,949
200,937
25,184
88,899
189,799
26,222
198,394
46,741
143,461
83,873
147,662
156,183
125,841
59,340
177,957
185,330
188,928
192,783
105,467
162,227
93,911
15,786
31,580
109,859
174,564
55,568
160,789
196,766
61,211
11,455
114,842
132,943
171,274
70,606
164,242
130,920
162,794
87,17
193,140
14,239
57,530
174,966
136,201
132,779
192,893
26,78
142,896
134,754
132,660
99,120
192,192
36,993
85,306
35,366
31,761
85,921
35,719
65,761
41,701
135,68
7,814
25,217
63,711
138,852
68,618
84,966
146,127
110,727
48,261
19,817
131,873
139,168
25,98
111,393
92,590
118,327
97,724
56,769
8,137
30,487
38,259
69,695
182,686
72,826
39,655
9,369
75,700
152,911
80,456
101,571
140,271
61,820
148,118
113,290
99,631
198,524
110,399
167,808
183,267
199,240
158,416
157,574
21,571
8,801
33,728
197,477
147,96
34,627
77,397
128,279
174,646
113,870
192,732
12,688
120,369
62,55
130,691
82,182
91,891
68,609
143,500
188,354
103,460
48,611
199,739
125,37
87,955
59,546
176,416
84,744
56,873
100,425
129,763
94,448
106,294
147,505
69,494
120,275
146,628
69,902
19,563
35,415
119,315
29,372
160,608
48,194
136,636
97,52
191,14
118,288
156,56
129,178
172,268
122,403
107,313
35,667
151,201
56,212
161,521
141,191
144,324
66,60
19,667
117,151
155,399
53,878
176,37
116,63
68,373
42,518
19,416
24,529
77,872
95,418
12,34
22,436
153,826
94,931
158,664
183,54
110,84
146,784
94,420
6,237
177,654
187,632
43,369
176,960
138,41
196,736
192,266
66,932
63,418
179,774
115,428
117,772
58,128
10,740
10,231
147,790
158,556
152,695
71,512
194,502
106,222
193,836
172,115
84,427
162,368
156,1
73,497
144,682
130,909
111,646
151,537
176,703
148,271
126,974
13,411
124,653
150,395
123,653
108,603
125,530
139,83
165,569
29,685
33,355
22,764
80,288
6,233
16,789
36,588
129,123
22,163
35,903
129,808
134,20
88,130
169,720
190,380
125,417
168,795
72,459
194,472
70,999
51,741
168,715
108,580
6,815
164,557
149,886
85,170
84,817
29,617
52,825
2,677
91,521
138,346
68,826
65,371
164,967
96,96
65,803
166,351
92,952
77,968
145,320
17,659
12,941
127,358
24,600
76,215
30,521
3,695
198,689
33,803
76,882
11,465
159,440
161,817
14,267
12,380
1,25
156,738
194,970
80,577
35,122
59,468
125,77
126,743
3,535
26,912
80,58
190,693
89,986
125,679
46,329
104,19
153,336
86,919
45,919
161,789
126,162
20,384
159,29
133,398
135,189
107,860
160,441
23,89
109,77
89,271
16,388
96,984
130,100
41,523
146,912
40,139
27,692
85,895
178,78
189,212
76,724
145,120
39,99
29,783
197,766
97,728
114,342
51,536
133,243
26,63
156,893
61,856
157,841
159,409
92,802
73,166
83,134
18,592
124,73
186,964
43,140
27,460
172,278
184,67
84,445
141,451
52,581
110,868
92,873
159,136
171,766
113,658
49,667
70,777
87,743
99,75
6,604
37,249
91,300
6,41
186,749
46,58
87,13
114,714
29,991
136,858
49,119
93,783
41,217
63,849
77,82
158,161
81,661
184,440
104,352
186,454
187,868
32,714
84,553
182,568
188,880
177,445
185,443
168,657
7,650
164,88
150,956
72,645
199,553
92,591
54,527
171,967
18,958
126,374
134,690
121,249
33,484
11,173
137,810
161,272
184,770
138,20
162,579
150,370
3,238
137,292
1,528
198,436
196,624
136,461
132,712
67,870
15,138
60,476
82,881
124,991
38,994
41,210
74,906
175,463
165,550
110,81
141,969
73,39
4,301
155,735
73,680
160,176
15,628
72,936
54,201
146,35
187,150
88,979
43,959
64,94
26,945
156,619
42,911
179,192
46,241
126,970
52,116
195,258
1,212
74,649
136,118
190,898
82,380
185,609
189,826
3,895
67,80
24,123
22,844
59,110
141,430
143,84
87,775
183,87
112,192
35,552
15,690
113,916
8,210
21,434
104,778
116,941
135,910
78,802
75,870
134,635
118,590
72,673
107,783
30,988
21,591
85,589
177,489
46,805
138,554
40,787
62,456
23,488
36,749
73,654
36,241
91,56
56,163
73,528
162,614
101,811
12,561
80,952
121,352
124,359
41,12
153,854
61,131
76,476
29,520
85,34
116,970
14,568
35,260
141,386
96,639
2,770
133,57
86,247
103,239
87,130
22,540
149,570
40,937
77,768
81,93
176,806
89,467
64,859
103,499
69,505
130,156
143,4
155,307
30,661
34,290
193,72
68,798
120,252
143,458
16,485
168,408
113,61
54,76
30,484
48,585
185,552
128,566
92,141
173,107
101,318
126,504
177,301
191,965
17,860
97,33
46,667
21,458
160,490
112,832
148,256
23,287
117,119
102,896
164,920
51,562
3,485
76,35
22,298
27,749
136,545
71,10
178,147
38,30
101,405
196,41
43,925
185,978
163,260
130,462
84,979
89,221
30,497
6,895
8,930
78,62
139,812
50,614
118,556
116,694
198,989
166,656
71,516
175,360
2,135
106,548
74,720
89,461
86,675
20,462
198,623
145,390
27,496
31,507
169,592
79,653
1,845
55,739
106,745
165,172
166,699
142,502
115,61
61,91
193,913
181,144
21,104
166,758
114,499
25,391
144,602
175,359
191,533
96,956
101,801
137,547
45,262
195,484
6,939
78,257
146,895
54,464
88,899
159,740
92,4
118,559
130,499
145,528
17,694
73,908
31,542
174,44
5,724
39,726
9,371
108,924
67,558
122,651
71,405
199,221
36,438
45,962
114,254
176,119
153,366
141,657
86,163
44,152
87,719
111,589
70,408
156,822
82,490
5,207
100,906
177,561
80,992
92,147
57,259
26,991
73,902
62,491
177,742
133,122
63,932
25,99
116,490
87,175
96,174
65,509
117,4
184,246
169,930
47,308
118,872
43,69
165,310
156,468
174,448
5,464
106,345
113,134
57,684
68,390
30,452
168,511
30,868
200,902
168,541
99,867
66,56
58,498
74,407
53,988
5,194
104,239
30,557
199,386
195,270
147,97
118,790
38,131
74,760
126,560
159,600
54,7
68,460
21,967
169,646
88,23
75,825
11,764
2,952
44,138
105,501
109,795
48,532
188,404
146,368
60,924
57,368
18,894
82,712
185,42
171,59
37,686
85,663
65,270
103,802
190,293
121,867
28,443
57,616
175,929
171,406
33,126
173,149
155,513
11,602
40,968
31,900
171,948
194,882
66,711
56,201
187,519
57,404
54,545
69,459
89,32
2,568
17,493
95,568
101,166
199,354
187,824
126,534
53,898
76,453
175,673
35,382
91,874
162,54
93,598
181,947
93,768
154,132
74,62
188,303
10,260
93,403
78,624
27,487
31,159
81,104
27,88
110,331
59,153
47,411
162,80
24,180
97,354
47,51
8,209
84,389
105,36
119,437
174,812
134,36
89,790
150,535
139,342
106,372
63,350
154,532
109,703
93,938
64,82
26,50
128,592
32,315
119,793
14,545
4,627
81,797
119,742
172,139
187,479
16,436
71,768
96,534
11,393
46,133
14,852
49,268
3,676
33,665
147,249
174,636
126,189
66,408
150,220
167,774
125,25
24,840
77,496
198,809
128,226
129,190
58,190
82,812
72,5
6,888
107,495
21,453
84,293
141,350
157,819
116,469
129,139
16,759
135,245
88,470
83,425
185,1000
187,935
147,18
97,417
88,438
189,97
151,710
198,150
180,568
93,830
36,834
22,550
148,697
163,585
55,345
145,714
186,587
8,470
76,990
9,375
159,789
1,627
152,966
33,555
190,918
76,798
56,465
120,379
172,379
36,256
62,252
32,171
73,90
13,227
151,242
175,238
137,126
174,353
52,307
107,236
121,950
30,311
41,776
23,653
129,567
100,838
187,933
135,36
102,659
69,561
26,76
88,22
98,870
11,81
198,682
65,303
72,784
13,29
144,211
41,893
151,752
90,597
160,9
35,462
14,673
114,51
143,719
41,406
47,251
168,83
64,748
184,80
55,361
156,186
181,208
27,597
90,702
14,161
4,980
70,144
96,833
185,606
71,329
66,196
180,825
168,959
120,958
16,614
32,700
97,897
104,771
12,207
133,150
20,915
83,651
106,591
181,397
66,283
6,301
89,312
162,149
121,76
77,563
173,83
124,662
198,859
71,823
3,908
106,57
42,536
1,527
189,970
170,666
126,315
162,227
60,568
69,571
23,462
64,97
178,897
146,927
13,276
105,523
5,803
153,765
187,537
150,15
132,759
50,2
3,709
179,386
163,901
113,258
108,415
193,480
66,393
45,933
71,375
135,410
85,545
43,830
124,755
47,696
33,369
13,97
179,650
14,218
110,500
169,293
123,651
7,706
199,795
39,948
127,606
163,245
174,623
127,727
161,728
49,945
116,172
17,275
30,239
75,201
133,875
168,595
48,579
29,197
173,482
104,112
101,41
123,530
163,623
95,61
180,334
176,60
40,865
17,243
20,684
64,628
72,964
141,845
92,883
13,549
123,620
106,549
29,778
83,821
101,495
69,920
197,553
108,226
49,873
143,353
88,290
177,672
80,996
46,692
127,381
192,890
132,513
138,381
197,431
11,868
111,645
5,192
175,534
33,298
134,941
41,862
106,363
98,798
79,809
98,905
59,465
129,43
96,96
68,755
157,100
49,832
21,243
178,576
102,314
79,464
149,575
50,505
140,136
118,821
37,366
72,970
47,233
190,832
179,785
104,207
69,517
4,96
77,482
19,887
61,32
76,232
31,89
40,467
13,360
45,890
66,992
47,525
147,980
177,368
36,503
26,885
76,362
149,374
68,342
18,12
198,463
102,553
112,266
157,274
25,703
32,947
49,9
187,973
112,492
21,648
163,878
96,234
168,914
120,530
164,832
34,80
74,981
166,535
20,14
137,199
10,721
58,938
30,836
35,738
126,26
181,984
168,580
183,221
53,927
104,86
75,683
45,207
25,791
143,858
62,813
71,260
80,14
180,14
47,99
185,878
124,867
169,230
57,519
25,238
181,71
146,618
118,715
128,661
128,78
41,499
183,689
88,878
156,177
171,799
162,850
18,311
13,281
144,725
1,568
168,702
28,21
121,444
167,788
6,222
136,243
193,358
176,729
122,574
33,369
163,910
137,309
174,90
100,922
60,806
60,483
69,686
122,395
66,592
41,332
71,30
137,295
67,110
1,801
89,691
188,880
126,554
46,581
193,352
169,137
188,697
17,809
20,818
64,739
128,262
1,989
22,710
160,981
139,46
12,637
123,168
99,797
38,453
132,815
67,810
78,593
197,949
41,847
39,907
136,655
24,796
38,272
2,919
91,470
145,665
132,305
71,245
127,984
187,659
51,149
80,555
38,951
63,943
177,490
80,620
153,535
92,931
21,333
84,398
82,286
158,196
32,993
136,719
33,607
57,626
156,377
70,699
105,225
40,230
129,770
82,357
183,151
96,668
124,835
95,770
91,257
56,61
7,773
191,919
32,189
112,624
63,717
63,500
79,863
35,967
124,106
106,561
87,159
156,540
70,997
90,687
136,287
78,286
152,657
166,744
101,742
144,610
128,849
148,353
82,459
4,665
63,41
196,338
19,874
153,466
20,635
187,601
63,468
83,371
148,841
99,951
104,469
86,533
164,225
152,549
56,712
146,630
6,493
134,119
115,232
175,213
79,137
97,554
17,341
145,629
179,967
80,15
83,508
98,8
149,845
38,806
98,959
62,341
104,471
130,858
155,903
142,354
197,656
183,597
116,7
38,484
107,420
87,104
18,240
165,823
53,852
108,962
75,333
61,889
68,72
18,352
22,278
125,542
47,695
153,202
179,562
19,820
105,521
58,392
34,754
106,577
190,914
11,504
70,27
81,310
20,883
157,555
26,365
23,94
86,122
86,314
119,250
38,254
10,811
168,436
70,781
100,523
102,490
175,181
127,798
69,679
154,927
17,532
120,365
153,523
71,816
103,749
55,471
34,420
89,81
6,550
189,462
193,509
86,561
81,721
20,231
101,76
150,282
132,45
66,273
155,182
130,623
189,111
192,135
197,652
144,888
169,524
75,364
41,664
177,751
195,718
29,115
196,131
24,933
187,853
54,184
55,52
114,691
77,595
51,854
31,861
197,798
149,797
53,70
23,4
151,901
16,65
108,245
180,612
77,323
8,949
27,617
38,333
54,757
140,364
103,387
144,200
125,33
174,192
190,379
176,675
117,970
192,299
66,497
56,876
178,595
153,556
80,890
118,295
16,568
140,58
54,494
48,513
164,346
12,787
62,674
5,74
141,547
80,153
90,233
116,14
10,378
163,207
190,808
198,553
168,840
146,503
121,831
107,553
199,261
32,527
74,178
167,993
179,481
130,25
54,561
151,947
42,979
142,639
149,713
178,754
17,436
31,304
125,636
158,891
9,560
170,31
165,946
175,486
135,457
182,472
3,2
138,980
2,277
115,28
175,908
51,168
25,176
20,987
76,636
3,902
136,364
130,988
194,273
155,819
175,495
68,59
74,41
174,182
184,942
24,161
126,285
119,221
178,849
198,479
45,660
58,941
119,705
114,551
23,710
152,847
106,669
186,838
59,671
112,301
115,210
47,368
105,242
155,783
87,749
183,735
122,658
99,547
166,738
25,8
138,32
28,231
74,872
44,381
100,387
166,951
121,287
83,458
135,202
185,864
96,298
15,834
139,785
74,909
10,442
1,544
197,214
2,989
15,290
192,626
71,367
166,750
130,224
121,682
176,552
15,332
88,252
140,624
143,603
178,840
145,692
95,668
103,712
188,288
15,425
54,424
74,273
59,692
45,339
194,526
137,789
161,113
166,289
113,36
112,326
157,243
8,149
101,137
65,152
22,199
52,523
193,715
62,955
171,722
103,99
103,592
102,572
196,188
152,558
63,881
164,209
94,217
111,275
146,106
164,324
107,62
68,426
51,187
129,455
31,575
181,774
161,52
65,637
196,396
18,180
156,291
198,852
5,126
138,235
168,614
123,534
144,775
178,792
80,399
172,287
147,636
39,701
1,544
140,427
169,856
32,737
28,550
85,148
96,159
7,596
190,679
91,229
183,194
26,78
40,916
53,974
127,239
18,52
88,115
170,949
78,151
33,473
83,157
171,54
4,55
34,275
116,114
188,618
174,555
167,718
196,857
21,356
19,935
137,787
192,342
15,390
12,925
42,964
42,751
59,781
44,34
69,936
128,506
15,319
134,801
6,392
106,798
111,569
120,233
65,288
197,48
74,721
116,713
145,55
84,528
43,904
159,289
177,229
151,119
42,308
56,850
62,954
171,755
150,677
91,3
31,778
189,331
194,125
140,338
39,93
198,849
143,873
99,99
150,481
188,146
159,73
16,259
56,54
42,83
10,234
153,624
61,328
45,391
155,56
50,618
143,304
190,77
17,727
42,6
143,850
121,261
135,93
158,605
65,462
25,866
109,678
88,120
162,888
28,747
155,320
69,939
4,959
46,713
48,54
109,122
164,967
86,176
170,393
14,221
42,806
13,21
3,606
90,614
48,287
106,821
94,792
108,577
35,209
135,804
88,862
120,778
161,183
152,629
75,744
150,317
124,276
67,336
110,721
71,250
54,911
62,693
144,850
2,972
193,106
9,588
121,125
124,887
79,372
110,144
64,911
122,961
96,291
24,200
39,107
111,397
4,338
89,812
54,135
34,997
168,132
9,520
43,489
10,193
195,104
181,328
15,737
29,241
190,285
189,317
190,499
176,711
74,944
91,732
23,517
83,106
68,757
179,418
154,716
150,915
4,652
22,91
105,980
75,255
38,513
198,311
17,671
11,466
58,113
42,912
47,296
105,40
19,223
94,233
157,533
175,488
26,981
118,19
66,949
36,993
26,716
184,232
161,956
79,638
18,15
62,486
27,566
156,578
72,451
154,580
193,437
17,584
157,868
111,92
124,300
160,737
70,845
83,767
168,402
126,123
110,388
87,906
145,195
23,678
40,482
86,207
61,182
128,130
50,2
186,850
135,38
102,826
109,154
88,236
7,557
121,736
14,442
88,536
155,427
47,898
26,792
84,147
198,188
121,774
125,203
106,133
31,199
43,969
85,776
123,84
189,625
131,473
151,275
106,642
163,897
60,5
19,462
61,72
95,298
113,111
138,691
128,231
191,904
160,729
148,93
117,145
120,365
98,739
30,508
104,516
125,798
90,608
178,876
113,916
6,466
84,352
55,529
23,648
181,481
45,751
17,526
26,766
188,285
95,333
129,755
106,348
6,139
177,714
44,611
134,510
80,400
82,283
101,865
122,202
127,746
18,999
24,44
141,920
71,35
85,653
34,880
139,497
5,862
175,797
194,469
37,961
59,113
80,527
1,806
133,488
62,631
194,136
13,343
184,912
198,779
59,761
32,650
116,516
179,56
128,300
80,237
155,539
41,645
23,789
137,131
168,27
184,893
7,885
32,82
110,741
151,157
186,598
46,442
161,654
4,142
125,456
1,470
120,654
122,885
164,217
143,203
130,840
165,116
58,120
175,359
69,802
130,475
28,504
96,34
183,605
56,925
179,267
190,565
192,28
41,205
149,458
126,887
8,827
172,370
147,167
23,663
25,630
36,724
110,704
10,196
179,426
121,462
163,608
49,533
183,722
68,686
30,291
94,614
80,840
96,119
9,489
9,482
143,4
165,891
138,410
178,91
3,583
84,118
135,391
39,918
135,279
141,549
183,523
76,539
127,820
130,717
68,660
140,570
54,702
167,479
126,348
196,255
1,657
5,64
169,958
192,107
149,868
174,479
172,95
136,947
76,784
158,590
97,797
117,688
70,490
43,99
103,327
139,750
107,109
101,556
75,762
14,50
41,909
63,254
54,295
84,703
37,957
75,600
122,606
98,276
112,917
144,41
116,360
176,730
73,794
80,627
200,339
121,164
190,89
175,400
53,646
140,45
116,367
28,739
40,622
124,193
52,142
21,737
181,164
121,174
90,880
175,410
190,292
25,872
148,604
108,786
152,146
164,944
184,941
22,547
18,542
177,849
135,832
128,478
89,114
114,293
4,739
34,795
51,100
69,652
81,692
34,666
173,323
23,121
35,516
56,882
135,871
115,253
155,792
71,14
5,7
112,482
143,478
163,316
109,577
123,500
177,308
72,146
198,53
197,426
115,955
132,543
133,850
8,812
77,795
194,588
84,485
160,362
34,806
81,498
62,864
114,727
180,390
142,509
125,72
44,255
181,23
2,965
171,88
189,993
117,752
48,493
96,780
35,256
69,961
17,976
131,620
199,992
120,263
29,411
103,414
152,337
193,799
21,195
145,914
18,501
170,291
108,624
123,529
50,362
41,793
180,720
70,708
33,199
187,150
85,129
200,61
23,145
175,239
105,191
81,227
188,419
72,684
89,714
18,677
88,939
63,281
85,823
193,264
95,370
15,43
107,2
123,864
88,360
33,208
78,570
168,416
55,964
3,104
120,133
190,489
33,986
193,584
91,165
144,997
182,497
172,257
161,902
31,450
139,899
39,711
193,318
183,292
149,548
39,64
176,286
111,660
156,574
47,505
116,137
102,591
188,479
2,334
52,292
153,832
30,43
62,702
73,47
158,425
94,979
42,510
62,944
26,494
67,123
32,25
142,58
157,352
181,991
73,792
119,705
167,516
86,286
199,416
95,536
46,523
46,353
47,981
59,943
52,809
65,102
166,160
118,739
184,526
2,319
174,541
75,380
191,797
180,652
182,570
15,788
162,151
17,294
158,73
166,620
174,761
113,232
188,559
163,148
45,115
67,848
147,413
24,647
155,798
94,552
66,813
113,835
192,486
44,306
69,4
178,836
92,215
65,317
8,350
24,694
160,829
30,565
92,840
78,886
51,817
92,457
197,587
162,966
12,27
8,793
150,482
136,442
178,760
186,153
129,817
45,653
127,553
69,249
10,263
85,803
60,114
15,533
7,712
186,946
101,453
42,179
24,727
182,155
187,680
178,924
167,682
25,737
55,238
161,554
163,462
47,341
190,85
174,389
106,931
18,126
70,896
61,809
76,269
51,753
79,969
69,583
154,62
32,749
67,933
62,764
72,376
18,706
173,81
46,335
200,127
191,78
177,107
39,383
52,215
171,135
141,74
107,223
65,622
128,840
17,12
163,144
132,744
93,838
181,296
147,305
96,578
50,716
50,764
26,84
131,555
120,494
60,49
24,63
45,13
102,128
128,612
33,485
76,798
154,565
178,696
34,627
73,777
33,675
108,417
132,190
174,496
196,62
73,607
176,155
162,84
31,80
9,15
72,241
199,892
149,870
14,158
7,445
35,480
9,496
155,16
188,105
131,665
80,699
72,352
5,423
139,757
189,503
135,302
75,869
48,98
182,968
43,742
149,574
158,495
67,376
128,225
49,779
21,102
151,649
149,610
149,950
44,768
102,970
134,259
80,632
171,203
182,340
79,35
64,444
103,668
44,304
49,894
152,458
44,857
118,270
124,778
107,365
39,18
165,61
119,952
52,76
169,124
146,847
37,952
119,431
55,608
26,635
80,912
154,486
163,444
26,171
188,749
187,310
43,222
192,179
178,592
150,434
44,729
164,19
36,763
196,22
92,650
107,399
25,470
139,46
59,229
120,731
23,566
104,446
109,550
153,387
113,121
104,438
64,667
52,373
34,803
172,273
64,839
92,445
42,868
41,172
165,341
132,356
6,24
170,145
52,919
193,998
59,540
7,15
101,6
75,793
184,371
160,526
90,867
62,404
27,193
118,635
46,192
97,766
112,284
114,654
152,579
134,447
65,654
89,131
35,41
60,222
186,130
89,787
113,207
188,694
134,217
10,704
37,298
42,502
166,520
188,701
90,449
20,124
97,41
93,221
24,293
32,690
78,826
99,705
53,516
9,769
143,875
177,944
149,177
77,15
15,303
170,407
40,471
162,124
97,76
99,341
182,236
199,860
35,345
107,816
109,878
50,258
79,530
196,332
64,233
83,315
156,407
15,873
122,414
180,262
43,832
129,492
24,32
14,310
14,335
196,165
52,622
43,46
166,682
190,777
55,314
51,559
23,139
26,510
155,301
119,985
83,808
152,410
113,780
99,458
52,898
29,826
155,826
55,26
10,394
129,255
104,476
12,145
3,845
156,321
83,344
41,619
30,739
92,739
200,336
113,612
114,247
93,749
144,686
15,4
162,292
64,959
192,988
83,958
145,744
156,442
170,893
161,527
87,585
23,880
25,260
154,688
175,680
139,182
82,331
122,170
28,615
154,954
7,955
68,861
48,344
51,397
81,34
78,22
199,734
65,608
60,975
116,450
95,987
159,204
153,315
108,243
28,375
156,923
120,939
42,374
52,773
60,897
62,506
40,607
122,942
117,303
184,946
45,136
30,48
60,564
155,647
53,571
58,935
184,111
121,773
105,249
68,154
19,786
164,156
27,821
99,1
142,832
172,643
67,38
66,634
192,140
72,564
18,367
68,308
96,321
34,823
134,828
178,518
6,27
95,602
8,387
21,472
86,749
177,364
94,457
155,919
102,652
114,462
106,720
11,100
165,688
149,566
79,672
78,866
23,538
2,625
16,20
106,727
177,46
13,373
1,411
23,599
38,426
163,749
11,846
94,943
150,404
33,996
165,246
85,245
84,655
158,253
87,277
71,840
28,255
53,338
107,61
44,350
193,657
43,760
91,592
106,230
136,282
98,411
6,284
89,980
160,597
116,942
3,453
45,687
32,469
164,613
13,203
148,589
124,199
33,114
127,917
91,466
161,603
104,591
157,775
102,287
123,513
115,590
134,220
194,716
104,89
65,497
33,892
113,527
148,317
145,264
37,858
194,642
102,722
61,557
137,201
9,616
76,897
101,444
72,565
63,207
6,408
78,79
52,876
86,174
75,819
52,274
164,527
14,960
107,693
44,1000
24,987
88,378
161,219
102,490
121,307
92,96
187,776
127,561
39,124
163,842
43,742
171,134
188,300
2,890
173,621
100,545
37,715
43,778
133,10
15,340
48,570
19,106
15,273
143,107
96,921
152,898
23,887
12,389
98,876
122,44
64,661
102,467
104,509
55,376
139,662
163,697
47,804
115,731
74,823
26,972
68,347
134,932
33,367
123,366
68,621
124,854
154,376
103,954
140,939
85,578
193,257
70,800
7,146
184,105
50,682
179,426
21,598
145,970
144,348
112,985
138,591
79,475
182,928
84,522
110,572
122,1
79,813
191,631
107,707
165,264
159,200
76,120
3,236
13,439
155,240
153,43
164,671
194,262
121,605
87,968
69,382
132,769
175,818
40,507
65,252
175,804
196,300
125,468
103,526
78,973
164,198
172,456
122,460
95,123
51,766
143,897
155,554
145,89
25,415
147,110
50,432
92,96
25,777
43,352
67,73
98,859
159,647
40,23
130,425
198,583
11,382
50,900
85,546
91,356
183,464
194,962
74,814
137,700
174,92
76,826
82,297
50,262
40,885
14,70
167,502
15,525
154,60
14,970
78,440
165,384
132,526
7,487
53,55
183,146
88,522
103,782
28,856
31,52
162,522
143,755
124,191
68,55
107,146
191,244
192,256
176,406
186,124
128,905
68,981
45,225
66,316
172,516
16,277
28,963
178,797
44,613
20,823
79,492
57,214
22,980
2,157
121,59
19,507
199,544
9,223
98,609
49,414
80,401
16,118
157,249
163,855
90,281
131,26
129,22
102,548
162,321
11,99
165,378
151,851
170,252
108,939
88,5
1,937
5,11
151,887
7,504
29,877
126,321
25,417
103,155
136,860
183,9
1,375
152,999
121,991
5,848
169,109
180,403
10,193
44,189
61,630
20,819
173,218
51,975
55,263
107,362
64,755
146,587
140,979
157,272
196,422
17,699
70,221
134,783
186,536
183,372
27,223
20,295
12,731
78,716
16,413
69,605
27,855
186,50
136,40
93,825
118,545
79,472
180,359
105,895
62,24
119,781
143,602
63,918
37,164
111,981
196,608
84,503
68,784
81,259
170,465
185,616
38,474
189,770
44,492
181,611
4,452
85,238
191,469
197,488
56,182
94,854
11,1000
187,212
18,950
159,864
5,236
22,246
161,131
194,867
32,626
7,465
113,642
8,500
91,203
68,256
71,563
178,1
105,572
160,535
89,805
92,829
136,505
2,129
60,66
5,27
119,165
10,122
150,477
32,51
100,128
32,553
27,494
102,509
154,365
195,940
60,810
27,958
132,631
25,806
86,584
154,640
21,953
76,389
105,465
191,652
142,639
79,881
7,477
136,988
154,679
61,498
178,578
58,18
114,441
98,412
129,56
188,285
93,395
161,801
58,533
30,928
166,462
102,565
197,193
162,965
64,784
76,634
107,442
31,12
46,516
111,678
132,475
42,879
68,178
66,534
114,673
183,832
64,871
11,876
197,401
171,101
132,175
83,282
17,634
32,934
148,306
138,569
133,754
91,630
61,573
187,892
129,222
31,469
148,199
22,977
66,113
117,295
48,282
182,682
24,384
176,70
104,61
3,237
189,361
14,881
63,579
123,876
101,906
147,864
64,683
162,417
134,949
33,434
123,329
171,32
86,971
122,13
198,811
44,687
192,556
119,903
122,671
153,960
26,93
140,590
96,674
170,550
166,958
141,160
117,479
116,3
71,272
144,568
190,650
24,610
155,3
89,648
99,735
171,331
71,34
72,846
156,843
10,887
1,913
178,831
187,689
190,980
144,530
117,839
13,513
178,891
84,86
93,379
11,634
153,953
113,655
136,947
99,333
121,362
165,574
191,10
11,301
150,727
127,509
140,985
18,123
66,309
1,498
132,253
138,154
161,284
144,678
101,169
160,483
20,224
37,537
45,246
34,582
45,694
196,956
131,973
122,445
98,923
62,781
168,474
60,713
134,903
48,925
111,369
12,572
31,632
149,763
44,279
29,180
173,224
153,194
31,856
2,828
42,246
94,389
168,795
104,835
62,796
16,4
198,777
118,245
61,589
157,963
117,436
183,424
82,189
16,453
20,66
97,570
20,982
98,360
94,924
165,630
89,720
161,482
46,90
46,916
169,866
126,969
14,340
152,204
19,747
34,985
184,973
158,117
101,331
188,87
96,914
54,761
75,902
138,794
97,593
179,521
1,474
96,522
41,818
164,279
145,237
42,602
19,672
137,347
103,661
151,154
77,894
53,216
36,414
9,587
23,284
98,939
164,802
17,55
123,909
6,657
21,234
100,698
15,35
49,27
53,239
171,589
81,742
170,422
79,500
152,588
59,187
59,365
67,476
56,387
42,50
55,122
41,478
27,258
111,277
102,692
147,772
119,600
118,880
84,676
113,315
124,635
73,910
38,104
104,849
94,312
26,932
4,961
35,592
95,961
85,601
154,673
102,696
44,11
7,608
77,925
16,149
7,662
118,864
110,6
78,312
46,331
70,318
103,419
112,815
118,876
112,925
122,21
134,997
27,887
166,931
58,587
124,546
20,296
59,603
8,473
19,112
136,391
134,857
138,934
109,860
153,13
158,565
30,454
61,150
22,845
176,352
40,128
150,765
93,667
92,364
56,564
159,133
192,319
107,29
151,787
90,800
67,394
184,474
149,128
16,354
170,715
157,120
162,472
34,109
171,736
128,20
89,415
82,237
165,219
149,304
88,981
1,391
117,445
176,916
36,173
93,35
134,93
41,688
131,728
178,699
171,447
178,884
54,545
190,741
146,168
48,612
182,400
196,768
169,33
36,15
129,603
82,318
33,118
57,777
97,708
9,427
45,39
160,923
54,892
86,871
104,92
172,522
70,791
45,652
180,220
79,141
24,914
163,841
1,761
131,224
114,515
155,405
100,525
13,790
111,216
108,122
169,119
104,938
66,102
181,774
193,678
27,824
178,982
90,929
1,301
165,374
159,548
43,740
86,335
128,45
61,33
47,455
40,978
55,23
126,346
157,325
185,281
8,503
94,578
20,860
106,398
82,708
77,824
116,551
47,528
187,426
101,1000
54,648
161,293
128,722
53,906
156,594
140,873
71,5
92,949
3,974
35,978
20,209
137,142
64,763
126,155
117,207
102,437
134,105
147,343
62,887
164,306
33,931
94,364
103,93
14,497
70,966
119,115
142,275
100,287
187,799
70,874
60,681
47,335
75,606
126,770
18,253
46,800
106,961
87,311
131,616
40,280
194,805
133,82
166,385
99,658
43,163
179,122
49,442
12,658
55,432
25,989
7,466
147,918
186,935
15,594
184,621
27,937
154,477
152,585
184,695
157,503
185,944
128,115
52,82
81,700
97,961
148,111
73,795
118,326
3,139
14,389
156,85
98,851
151,576
103,745
193,470
173,40
19,587
79,722
18,101
30,713
181,258
143,214
5,284
137,809
91,931
3,426
19,771
116,783
34,664
16,842
136,933
108,818
176,56
127,237
180,169
190,938
108,619
70,175
186,667
177,662
182,667
185,365
76,934
33,212
77,128
169,65
160,57
99,932
145,51
47,988
177,560
169,709
16,144
78,333
102,431
189,285
74,826
153,403
26,759
110,616
123,723
30,416
47,274
93,202
194,763
96,834
131,123
7,591
20,849
34,885
69,464
160,854
85,867
1,852
140,143
135,802
140,747
61,456
147,478
82,73
151,562
185,927
20,503
165,633
113,795
177,156
161,369
157,923
153,560
47,135
87,854
55,769
98,353
77,550
148,546
20,88
13,479
60,636
116,120
13,891
58,51
123,483
51,237
123,837
54,239
101,879
81,317
76,859
66,188
123,87
105,566
117,94
194,311
4,937
109,887
62,492
141,808
67,60
64,119
91,640
104,607
57,493
149,460
183,216
42,156
155,418
31,354
88,495
151,902
119,718
192,319
14,813
148,314
107,53
99,398
182,598
159,891
107,602
187,96
74,604
153,179
70,30
4,220
97,192
39,739
124,241
123,976
145,275
33,237
48,138
198,588
176,502
196,329
16,573
175,720
32,289
39,820
196,205
170,405
25,267
81,520
81,866
141,661
105,777
32,769
136,933
178,525
3,138
188,909
80,265
153,306
197,372
50,946
142,597
55,528
68,739
121,147
93,510
13,419
163,652
182,281
37,484
39,878
184,164
165,175
199,798
90,452
177,751
15,720
39,510
119,649
165,968
46,222
42,93
153,44
85,650
28,541
95,991
121,562
21,697
105,294
32,295
184,910
90,849
179,646
30,831
118,718
160,296
14,877
162,485
49,425
150,991
177,151
144,482
157,522
85,782
166,837
146,946
186,753
190,899
165,199
127,254
71,656
18,901
115,428
99,221
65,391
194,111
49,117
124,118
143,376
159,974
63,609
47,307
22,96
64,396
178,44
97,744
4,245
19,560
110,710
148,451
81,135
95,724
4,664
80,82
22,313
127,311
140,198
3,780
171,730
121,174
172,78
124,854
63,31
79,613
57,497
37,766
115,742
2,811
74,764
101,141
72,613
96,205
118,793
64,282
67,27
35,200
148,126
133,620
3,675
71,173
152,888
63,241
139,426
174,754
36,524
160,682
73,389
67,116
154,855
52,520
37,448
34,964
93,827
180,610
70,631
139,100
99,758
7,339
35,451
147,718
181,513
114,461
57,100
141,325
182,447
143,398
12,528
198,860
115,918
119,629
192,869
68,25
139,126
162,866
118,940
87,567
143,132
109,805
181,272
148,905
39,203
51,359
197,655
96,755
178,905
136,608
144,196
185,637
174,502
21,338
108,907
7,532
33,25
143,950
200,718
21,968
108,916
64,458
25,727
19,258
94,681
198,414
35,538
22,563
157,432
99,24
191,787
93,910
67,957
119,915
122,656
187,344
122,53
105,183
151,795
170,62
181,953
74,390
162,208
149,38
133,567
37,61
64,67
54,159
43,874
161,772
50,616
141,670
170,649
156,868
136,441
113,765
162,133
162,391
79,295
32,517
88,416
58,906
196,707
130,982
24,875
161,723
199,800
18,243
49,425
144,845
141,770
36,307
130,733
192,979
9,940
57,398
99,616
49,742
72,560
115,947
108,953
77,642
24,464
140,529
10,84
39,794
123,51
187,524
103,934
179,681
189,438
169,420
32,839
85,872
123,362
52,523
153,554
38,134
58,221
104,489
47,298
142,852
113,409
81,723
120,118
194,137
50,45
102,793
28,198
116,221
98,446
73,916
4,28
12,187
96,535
20,130
183,198
155,619
180,395
5,880
187,773
142,483
103,606
66,752
87,716
23,596
189,291
171,339
66,685
145,556
9,169
47,400
69,563
8,695
28,743
98,321
59,7
2,318
149,794
118,767
131,356
48,467
113,7
189,57
187,151
50,436
67,361
89,590
179,94
34,492
121,850
180,285
37,811
152,549
85,27
199,73
172,107
182,235
177,374
82,244
159,540
127,847
96,59
85,361
62,912
147,237
128,594
140,102
20,528
44,50
143,299
48,731
7,364
185,196
24,723
17,34
42,297
91,383
92,423
139,640
148,658
57,948
93,270
199,504
76,660
165,30
40,328
101,979
9,240
4,983
189,315
66,488
132,414
176,135
182,862
174,54
149,36
148,181
188,538
148,388
81,297
193,905
55,631
92,265
17,928
176,254
158,642
32,850
165,577
18,857
90,688
73,667
11,736
6,614
172,551
156,693
6,448
178,318
155,576
44,596
55,992
165,664
46,586
158,984
11,964
147,839
92,962
146,92
138,826
14,203
150,382
91,142
199,875
92,103
179,584
20,248
127,317
137,674
109,917
57,600
170,631
67,801
69,444
75,340
25,454
129,743
100,40
121,738
151,844
177,546
116,3
46,904
126,828
39,428
61,880
153,192
196,550
69,626
7,87
157,86
192,219
104,212
103,908
44,721
164,860
116,213
162,212
69,715
140,941
96,304
52,646
82,238
31,6
114,557
53,876
25,156
57,535
130,497
173,542
109,427
119,725
94,318
118,472
116,761
98,687
107,690
77,145
15,59
138,557
102,339
143,110
152,106
44,687
185,102
189,476
28,259
142,912
191,629
136,882
84,829
184,852
164,925
43,49
11,547
143,386
96,543
154,667
9,338
110,327
178,43
74,862
86,727
20,209
105,658
142,732
196,942
32,493
98,956
88,577
179,359
157,10
147,357
67,180
105,609
43,910
2,307
149,572
134,578
175,756
128,940
44,528
176,175
134,286
168,312
174,175
124,931
7,468
156,733
12,201
146,540
172,569
34,735
200,825
84,53
38,326
86,628
197,213
127,470
15,854
2,527
85,925
109,972
93,344
188,451
51,292
182,945
167,939
69,20
79,972
109,644
15,277
137,733
16,403
15,599
40,22
111,509
53,611
96,117
26,792
174,90
95,567
148,457
101,177
145,353
160,372
121,961
76,700
18,755
73,195
112,186
115,761
108,7
72,299
176,937
100,191
100,960
184,317
50,996
90,126
10,465
16,40
17,588
47,930
14,429
111,65
119,37
59,185
176,385
146,198
118,405
132,525
88,257
114,71
160,692
143,368
167,568
66,642
22,608
83,651
181,548
167,420
194,739
21,201
177,203
194,701
67,328
124,557
52,700
10,971
74,114
57,815
152,711
121,186
145,428
145,703
195,588
160,438
38,608
105,69
144,925
12,147
73,847
115,855
88,159
73,42
168,779
145,146
100,890
63,792
123,790
97,625
124,823
168,134
153,328
116,631
144,857
55,851
83,902
179,612
188,829
78,840
105,888
44,242
24,622
75,275
186,766
117,906
62,235
121,609
3,546
61,705
50,253
45,70
96,653
3,838
99,432
35,158
39,968
199,52
148,489
55,177
167,936
110,935
49,753
80,95
26,174
121,716
25,581
5,787
26,164
192,667
142,867
80,793
144,354
21,974
189,998
52,894
115,920
89,777
11,591
20,680
144,588
70,430
63,781
37,594
25,140
64,785
128,420
74,632
182,62
129,990
22,612
187,571
118,464
143,93
146,959
51,764
199,98
84,385
138,188
199,961
125,293
191,752
171,698
134,597
50,373
159,571
58,518
137,168
44,659
186,112
124,970
43,650
139,141
162,999
45,793
42,465
195,565
144,944
121,100
130,167
46,39
153,539
7,331
192,838
82,27
11,728
116,147
180,706
83,148
173,227
124,272
59,940
190,988
27,115
89,504
46,673
127,330
164,305
16,136
98,799
3,636
136,771
194,129
57,573
148,423
143,103
124,612
44,251
189,341
34,53
91,878
104,637
6,899
31,717
176,16
45,459
134,75
79,120
158,650
107,928
143,528
195,601
17,839
93,546
182,405
1,872
85,667
105,607
170,24
9,800
125,586
14,955
41,63
51,396
173,71
191,592
130,738
63,33
79,434
82,728
137,315
198,398
55,143
164,165
20,885
6,224
84,987
180,248
53,541
173,536
104,29
19,420
5,259
123,304
65,144
111,202
198,400
57,107
58,686
60,24
196,665
140,592
44,71
33,806
53,44
152,355
75,75
95,262
180,343
86,57
1,62
140,666
26,170
37,175
191,322
185,442
97,551
149,752
35,889
101,194
155,597
92,51
24,896
32,360
138,620
198,775
42,779
55,581
105,346
17,449
141,512
7,322
193,326
80,512
103,391
98,259
126,452
102,69
83,313
196,400
199,815
174,263
155,127
133,444
142,885
168,76
70,977
145,268
33,230
105,886
3,855
15,944
188,303
59,803
115,463
133,507
146,764
114,50
20,459
94,480
181,194
181,184
17,276
192,253
31,873
144,207
180,506
132,220
193,518
21,560
179,998
119,539
66,563
170,238
46,265
164,731
41,643
88,574
160,977
190,641
157,520
22,519
114,506
179,845
57,888
37,678
60,398
45,419
80,529
30,842
6,454
17,673
60,894
39,213
32,865
23,695
21,919
102,554
118,570
183,358
56,595
196,59
99,817
6,515
129,485
2,786
179,382
2,831
131,133
90,453
139,588
76,384
187,154
55,697
106,201
119,153
182,134
73,446
17,602
144,860
7,134
53,96
115,482
4,648
35,46
153,394
77,522
6,1000
45,658
188,589
174,561
76,393
92,766
193,829
67,472
173,949
135,588
59,672
173,969
196,920
64,422
122,671
40,312
72,556
4,173
15,446
10,368
10,968
108,956
82,474
77,228
183,216
191,48
14,608
121,798
104,871
109,931
65,613
96,724
2,332
146,621
42,193
118,390
195,137
176,320
79,31
10,37
59,372
96,131
31,642
55,86
66,279
157,34
188,842
98,503
133,589
124,897
163,25
195,783
169,118
195,800
3,744
69,335
191,107
109,541
191,409
198,603
45,243
1,953
95,359
60,608
179,606
101,627
55,835
94,879
58,315
113,71
42,72
86,699
28,104
93,771
28,150
135,252
82,65
79,741
42,665
165,508
108,964
145,105
120,544
151,385
29,965
169,595
174,466
196,102
15,828
105,685
39,66
122,143
11,403
133,685
100,776
134,428
17,785
178,371
115,687
115,339
28,91
164,694
79,278
86,53
30,163
158,754
179,121
136,965
172,741
108,768
184,679
72,781
157,420
112,605
182,18
102,494
152,883
52,809
12,328
76,157
80,374
190,520
2,573
55,671
187,967
146,307
174,714
100,540
23,482
38,921
139,673
69,15
45,965
109,348
43,871
187,204
176,414
150,849
187,189
164,797
55,874
76,323
3,385
27,221
73,314
185,948
193,460
170,496
15,315
155,975
1,880
92,904
16,167
187,744
85,918
199,218
33,597
94,936
118,158
45,925
159,364
10,216
184,132
96,249
60,608
75,386
86,299
63,239
38,401
191,692
52,261
99,468
191,426
33,433
62,948
97,95
45,607
77,323
129,431
99,191
119,614
79,246
51,211
71,12
36,848
28,983
28,487
145,631
121,43
25,428
32,295
15,821
113,742
154,300
81,532
180,74
55,327
107,823
39,703
14,951
49,948
89,553
65,677
75,416
84,288
68,639
179,990
69,762
101,610
101,747
51,500
113,489
61,398
31,38
99,187
54,221
172,302
42,531
81,400
176,10
58,284
196,849
152,682
171,642
61,564
58,818
166,448
118,296
179,762
180,506
17,629
187,386
146,389
13,126
168,324
23,930
21,665
40,295
71,730
181,706
140,532
33,284
4,144
104,275
156,12
145,391
112,761
23,757
63,744
200,980
22,70
116,642
76,601
196,2
178,610
43,980
48,450
27,31
99,282
198,462
69,731
2,678
34,875
39,414
42,500
147,991
154,460
19,195
195,768
54,329
42,93
5,126
39,906
41,81
17,882
87,337
160,385
159,754
160,676
3,335
30,43
59,752
12,185
81,313
108,58
181,294
136,10
36,830
54,869
84,781
93,68
37,544
44,560
67,123
34,728
115,869
55,243
161,267
42,54
150,78
188,608
68,537
110,67
181,727
76,808
104,806
33,730
8,758
4,168
66,22
58,491
151,446
146,825
103,711
178,668
27,438
64,639
33,279
179,729
9,409
48,950
48,719
176,629
193,228
91,563
187,141
188,505
111,1000
113,648
153,490
72,905
160,161
175,150
82,242
185,223
131,601
117,551
128,618
192,545
131,454
86,641
15,193
58,512
197,948
156,515
112,662
175,581
165,874
110,64
111,549
98,629
136,779
152,668
110,111
53,505
149,318
22,214
196,382
144,369
56,109
166,27
114,890
87,625
30,921
32,612
125,406
67,671
138,553
161,248
56,913
146,793
12,286
33,367
26,873
51,160
25,726
25,92
193,780
125,249
144,491
28,713
88,951
118,714
91,650
190,403
194,373
124,524
180,59
168,424
156,734
171,507
196,799
104,589
143,835
122,487
160,260
79,135
29,467
101,252
8,477
178,879
196,301
102,584
111,276
89,292
26,53
196,101
175,302
27,395
166,946
19,782
114,978
179,434
9,147
143,413
79,593
37,668
108,804
172,694
38,589
116,644
144,722
104,218
3,754
142,17
41,439
38,488
54,902
13,352
153,586
103,595
95,732
101,54
25,674
200,460
2,746
34,177
170,932
52,731
153,667
122,246
80,202
137,189
187,357
101,196
154,661
102,291
70,35
175,362
111,841
43,216
76,585
70,490
119,35
172,846
129,310
7,471
46,85
83,255
64,737
49,840
104,234
165,506
176,731
47,985
63,779
57,601
46,269
31,351
87,208
46,866
101,293
13,459
32,853
171,868
159,623
125,229
98,741
76,910
166,555
28,69
18,662
19,686
35,889
47,181
50,538
166,424
195,155
180,354
6,512
197,725
127,132
122,141
69,170
93,993
146,671
34,425
171,244
101,135
170,49
181,144
92,249
192,958
153,101
173,119
60,456
85,138
191,283
62,93
95,61
72,3
193,677
59,176
164,408
155,854
130,446
125,725
179,263
144,357
127,849
129,572
121,505
163,555
179,443
95,52
74,117
25,393
13,205
199,983
7,271
146,649
125,458
73,990
21,383
67,897
36,822
141,815
188,192
100,286
115,620
31,76
183,433
135,843
71,582
140,69
21,759
92,43
191,647
105,486
29,457
74,80
176,953
60,31
188,665
97,164
179,6
136,754
169,754
135,363
164,588
46,321
72,526
133,476
16,194
55,141
105,122
143,980
164,594
100,879
38,529
164,231
3,489
136,635
97,440
172,747
115,214
124,364
133,155
109,182
30,295
188,915
69,592
153,390
15,958
88,835
171,737
50,829
192,525
14,98
106,148
154,968
111,623
193,635
200,205
27,244
114,465
164,889
175,501
150,472
102,229
84,632
14,711
34,37
172,2
179,680
68,889
192,379
109,182
43,672
4,306
50,992
52,87
157,775
37,512
47,38
28,997
173,808
50,316
45,49
150,894
13,995
109,518
41,649
156,795
109,468
25,476
100,362
88,92
37,232
105,31
115,542
130,733
163,895
192,244
133,952
31,666
37,896
28,12
104,939
58,641
103,82
188,52
2,481
44,101
107,820
190,244
131,625
170,637
57,179
85,42
32,580
133,402
19,83
50,446
55,87
82,568
180,308
148,434
2,844
48,239
157,11
156,754
139,825
2,943
20,977
13,833
111,45
75,148
195,588
48,553
144,890
172,364
116,285
6,553
189,124
80,783
99,192
87,379
118,494
47,501
178,183
108,558
178,612
65,851
56,664
53,700
152,643
97,359
146,135
124,282
190,286
118,794
134,477
113,96
194,635
172,214
44,709
173,29
198,821
16,428
93,633
39,914
12,42
164,182
72,55
198,241
92,225
133,214
38,953
76,217
177,274
180,936
3,90
129,424
131,642
179,998
47,765
139,25
34,212
117,513
194,150
136,254
158,222
169,792
75,467
4,234
18,741
31,607
131,553
94,941
29,624
80,813
15,802
106,319
160,886
81,413
136,15
155,561
99,611
179,491
161,158
124,976
30,424
121,22
106,956
90,669
22,109
119,955
197,925
46,614
97,680
1,580
125,635
130,542
145,987
199,968
131,658
38,254
52,91
52,163
105,464
75,417
41,709
49,846
70,188
121,684
5,147
67,11
63,278
164,184
31,165
102,809
44,459
118,778
99,793
66,652
168,966
136,77
192,452
94,16
40,998
50,344
154,370
31,50
166,203
179,580
22,717
135,950
94,717
11,835
189,548
32,767
124,152
101,773
64,388
9,663
32,554
166,506
57,289
33,428
150,602
7,921
68,848
39,939
152,865
44,351
55,354
64,634
13,951
48,136
81,656
41,395
83,319
191,458
4,705
35,154
111,443
101,83
42,924
145,178
116,637
22,348
5,577
63,401
29,971
149,783
106,649
118,274
34,127
134,386
137,934
40,801
62,931
54,664
153,85
169,579
11,646
43,167
3,249
183,328
76,141
176,393
38,553
140,731
133,215
118,426
177,673
38,577
91,935
60,933
39,711
174,996
194,800
183,869
44,100
125,590
82,518
118,466
85,940
38,963
146,295
3,700
39,601
60,131
49,943
110,421
174,817
42,451
180,80
118,645
124,142
55,791
31,413
120,281
3,339
16,256
98,973
200,50
23,834
20,881
183,963
59,478
45,843
14,846
26,431
53,644
70,503
44,850
143,647
189,10
9,402
70,924
127,915
195,51
12,160
194,480
82,701
59,630
170,408
9,191
130,236
74,605
9,445
182,234
10,83
32,310
95,16
92,848
15,723
98,999
192,232
196,357
123,581
197,323
23,730
40,731
78,976
103,252
172,292
146,134
167,91
174,765
188,294
35,554
193,74
164,457
62,731
45,52
69,138
88,306
42,496
89,682
196,195
1,542
35,435
32,625
127,247
9,410
185,959
124,797
120,505
11,779
118,821
160,123
7,671
124,876
198,626
139,664
57,623
199,407
177,138
1,492
141,408
90,569
173,469
88,161
119,248
140,476
118,86
71,669
41,701
162,18
71,61
148,840
112,582
142,14
37,634
88,193
34,710
88,364
76,464
71,589
177,594
191,227
197,694
61,858
104,866
170,204
197,913
144,536
173,566
189,809
76,163
100,204
20,931
65,524
111,999
137,264
8,477
103,319
125,377
169,642
169,511
192,529
59,234
107,427
94,66
62,159
176,723
26,322
17,193
22,966
163,844
172,875
100,272
154,119
38,102
108,329
130,812
174,902
171,303
188,752
175,4
82,198
130,809
7,458
177,210
169,48
66,643
180,245
154,956
24,51
109,251
177,303
157,967
5,17
47,720
104,543
94,393
7,830
57,829
127,283
72,384
113,168
133,52
21,565
132,738
54,875
181,642
128,32
138,815
189,133
164,723
189,223
84,821
11,722
161,907
115,318
146,278
144,440
164,671
155,275
159,79
194,223
103,584
62,572
153,244
152,735
132,235
181,720
15,744
147,781
154,549
32,572
136,826
4,821
43,501
8,907
200,834
118,706
195,217
31,288
193,728
181,248
46,706
192,787
185,52
11,695
59,183
53,398
133,942
133,207
10,792
23,962
57,873
36,371
39,456
197,36
25,244
153,565
107,619
24,75
176,872
170,360
37,513
54,284
163,366
115,187
123,388
95,123
16,599
116,142
115,808
25,73
188,393
157,200
133,417
132,824
67,399
15,248
63,240
171,425
105,985
110,217
123,888
92,915
45,293
87,442
14,688
5,902
162,981
123,293
167,725
19,508
22,573
128,185
69,768
143,25
8,248
154,473
107,852
187,739
70,796
79,418
150,456
17,711
102,197
147,516
44,445
27,841
142,539
138,436
91,738
111,568
198,358
68,671
180,382
51,917
125,534
39,312
52,582
129,477
35,252
1,835
173,99
161,890
194,220
183,488
40,808
189,441
146,828
66,297
66,419
114,439
139,537
47,749
109,605
54,277
3,905
70,426
173,425
82,906
140,699
124,60
64,610
27,476
13,984
151,498
48,83
68,286
53,191
187,590
71,85
107,857
135,84
89,739
37,863
182,906
93,476
95,990
125,932
124,20
83,625
140,79
78,691
55,797
128,597
161,142
100,416
85,240
2,248
20,286
3,800
120,720
163,91
81,781
26,928
123,186
72,943
32,853
122,475
57,361
88,596
113,70
200,627
56,284
84,415
45,528
95,863
33,995
88,276
27,399
197,884
19,846
56,451
177,80
18,358
63,940
191,895
90,280
161,971
197,99
102,819
178,376
11,836
124,980
113,931
25,603
189,427
30,787
178,447
130,271
22,100
194,667
13,511
147,579
81,757
51,775
40,10
27,363
94,180
16,591
15,417
95,633
168,888
167,526
72,824
144,132
123,106
95,167
65,136
148,648
82,607
144,93
153,450
184,957
98,23
131,558
147,711
193,915
166,148
145,457
163,831
133,75
83,146
135,976
30,111
3,997
191,129
93,802
156,478
194,760
57,643
58,524
115,314
138,302
139,72
21,563
100,531
12,712
134,295
93,458
136,83
102,144
98,754
47,393
9,888
143,525
40,510
4,738
84,476
95,6
157,477
86,46
168,27
190,803
62,222
44,100
52,196
83,985
198,218
53,922
78,772
174,532
80,730
71,297
24,608
197,17
113,841
135,887
12,854
44,140
80,388
34,68
168,737
111,75
129,489
11,389
76,500
132,410
143,475
102,465
7,973
118,144
87,918
187,87
174,316
55,228
69,769
168,607
114,537
32,573
8,185
149,464
171,582
199,596
151,512
47,942
79,393
126,262
44,660
106,482
156,543
24,304
127,118
89,278
101,332
151,577
4,946
89,105
36,913
86,271
104,997
125,541
66,339
19,870
143,122
13,808
16,206
87,657
92,507
59,943
19,116
13,108
162,594
8,607
35,742
97,811
148,260
66,167
52,610
83,217
113,873
19,909
78,749
153,244
195,27
139,745
62,782
15,901
148,374
101,794
152,504
50,29
94,518
60,683
176,998
45,296
59,846
62,218
9,173
183,167
134,150
160,476
134,272
180,666
8,516
1,234
193,120
40,831
96,803
124,219
110,420
154,408
15,473
25,571
38,380
83,524
51,423
175,995
71,65
138,390
35,333
11,311
154,311
198,407
66,370
45,739
5,364
50,517
100,702
123,52
61,746
195,581
37,419
172,886
137,941
24,179
172,563
101,560
56,346
167,131
194,487
123,426
75,563
112,767
171,795
163,964
35,962
52,187
194,261
17,484
78,917
4,549
199,58
102,653
27,70
180,311
157,95
35,972
188,572
74,54
58,174
119,598
156,231
194,543
178,70
176,566
11,42
128,243
163,846
195,688
24,409
60,161
110,455
2,326
36,595
167,431
6,604
142,812
66,217
52,674
111,252
162,539
42,510
168,835
125,204
165,447
62,862
45,818
69,30
90,586
12,238
56,290
114,512
180,251
137,777
35,875
77,771
150,324
109,11
85,112
68,95
67,926
82,900
11,949
138,248
61,395
30,581
28,178
57,4
139,404
63,355
20,238
53,609
135,858
161,848
76,909
90,106
63,436
39,318
55,789
95,770
141,970
175,838
67,748
175,64
79,996
51,610
12,279
185,484
37,275
1,122
73,679
103,141
25,782
164,16
39,9
100,727
109,407
78,908
46,547
175,730
23,243
195,353
3,397
24,82
117,608
152,31
59,30
19,734
75,68
87,161
144,920
81,24
66,942
10,610
41,507
23,845
87,341
140,737
83,371
174,356
85,967
103,688
36,202
7,617
117,265
120,46
62,47
31,200
26,315
91,51
134,940
32,313
11,53
149,640
19,118
111,520
29,675
117,480
51,175
73,221
81,449
108,777
184,633
86,685
96,871
177,962
194,191
47,314
6,550
120,294
34,211
153,796
130,63
15,285
143,612
45,615
115,299
161,507
171,606
64,951
63,877
93,393
71,838
126,910
87,994
73,427
179,889
90,897
178,323
30,143
159,666
49,337
83,421
4,800
186,203
177,890
147,424
146,904
167,31
112,423
80,480
46,940
22,391
200,358
48,437
100,383
92,166
85,181
21,891
150,675
162,588
130,485
114,656
184,909
18,120
152,248
154,353
146,647
82,689
190,220
89,713
39,894
16,841
147,130
92,960
163,797
174,323
179,226
49,415
15,60
120,382
121,830
80,192
80,646
108,292
92,43
158,482
1,925
67,567
6,584
82,816
9,720
14,884
42,444
71,734
166,408
172,477
167,734
154,597
164,113
97,280
148,481
19,416
129,135
181,883
115,415
132,87
151,599
186,258
6,935
82,350
4,790
179,295
68,355
161,910
199,339
141,427
39,315
25,947
56,597
65,78
98,92
51,864
79,466
75,813
83,5
17,332
121,348
97,545
119,806
169,79
61,802
17,604
164,390
135,188
11,380
8,250
64,780
104,950
143,606
94,168
128,489
90,354
179,885
98,41
162,78
91,697
50,743
60,687
99,193
129,911
51,828
15,213
157,540
160,300
19,842
78,703
11,799
115,806
175,867
147,649
161,520
169,708
185,132
11,184
8,971
21,661
156,571
125,732
35,665
79,683
189,453
167,291
69,365
11,953
33,240
144,467
118,486
32,628
113,728
116,68
130,539
160,701
12,229
63,807
68,436
107,489
39,265
69,335
160,94
102,301
118,170
76,585
155,115
101,821
114,626
172,667
58,677
99,545
18,577
189,649
131,734
99,398
161,192
165,105
120,534
124,411
4,258
28,235
115,928
91,244
133,795
196,722
161,757
61,248
147,26
100,25
189,427
101,60
159,834
161,556
66,854
189,116
79,601
13,565
172,336
93,248
141,236
65,767
178,418
61,435
70,937
200,10
9,501
198,9
165,506
29,168
100,445
34,431
57,431
145,460
148,984
77,3
135,60
58,317
111,363
25,863
32,26
22,882
13,357
124,117
138,364
17,213
128,225
136,320
151,563
7,455
195,884
74,126
184,707
42,763
71,38
170,127
69,547
120,111
191,24
82,92
111,213
60,879
175,961
176,127
13,566
20,354
47,912
170,241
46,409
123,24
25,271
174,403
127,205
120,108
139,740
75,820
131,585
191,493
139,918
85,37
113,306
147,819
74,859
122,114
60,359
182,380
83,129
168,766
47,920
72,299
155,341
148,112
30,62
7,193
104,340
105,92
169,981
82,379
83,373
150,591
73,592
104,155
11,455
40,809
67,527
147,290
149,517
88,319
157,391
131,341
179,164
147,723
163,444
23,412
117,409
196,454
59,38
18,1
90,162
119,384
146,144
193,241
134,914
51,647
177,284
140,973
153,188
119,365
143,873
35,678
16,648
68,14
105,26
94,896
182,314
136,763
86,587
8,790
136,878
30,945
146,393
171,247
117,824
83,84
75,715
177,45
103,408
56,232
4,90
190,624
41,61
8,249
123,176
9,715
87,342
121,481
123,992
92,494
117,428
65,284
66,455
185,242
24,421
142,403
189,801
3,10
128,528
93,478
199,669
10,60
90,148
31,176
184,396
55,915
163,647
127,238
59,564
135,318
90,542
155,68
14,706
165,583
51,813
93,633
101,752
42,126
82,917
22,815
85,213
44,675
133,627
71,581
135,332
153,885
104,505
148,802
29,115
28,312
187,849
95,955
51,992
94,932
15,548
184,725
80,732
144,22
30,447
145,666
178,514
111,484
168,325
7,173
192,379
119,370
92,289
56,946
159,358
46,925
85,738
10,767
83,85
72,876
136,374
1,232
27,44
139,259
116,528
24,87
136,303
16,184
1,214
192,121
77,805
167,519
167,85
164,298
70,494
6,39
3,674
157,356
9,34
59,664
48,205
149,795
122,350
44,85
120,403
111,89
43,737
106,77
132,698
98,339
179,76
38,510
191,162
33,817
27,864
156,913
146,968
188,210
115,202
96,484
159,931
89,639
20,784
108,426
92,474
97,772
143,507
60,60
68,455
196,667
14,83
172,217
157,729
24,361
69,531
150,652
70,243
9,697
47,159
70,230
121,505
155,675
68,666
132,248
59,684
92,57
82,353
50,213
113,612
194,832
96,945
59,804
194,51
129,34
45,5
19,177
175,586
177,932
5,637
58,906
50,9
173,160
55,465
8,6
17,103
20,703
101,637
54,631
128,212
193,329
108,970
199,320
34,980
123,903
173,172
169,814
154,602
147,291
61,836
29,291
2,533
167,219
190,910
145,788
200,653
132,598
178,667
191,317
89,567
128,495
53,935
137,234
4,513
160,142
60,844
200,22
136,826
26,600
77,832
64,922
96,695
124,856
1,374
163,221
155,565
164,272
165,651
72,972
32,242
99,820
37,899
9,768
200,898
132,878
132,85
189,362
138,280
25,621
33,200
85,533
39,929
23,248
119,732
27,133
103,460
195,388
200,144
125,542
1,977
169,756
44,423
41,77
105,45
15,885
153,9
104,794
1,928
178,940
198,400
49,171
89,281
127,179
163,898
83,21
22,294
21,544
29,230
3,539
38,568
144,566
96,964
73,900
174,162
75,487
124,951
194,60
66,364
126,706
2,549
194,639
168,250
153,739
67,959
145,204
101,348
15,529
144,272
156,417
111,229
70,76
188,329
161,131
186,17
194,872
163,88
161,196
170,12
79,429
129,152
171,893
116,229
130,237
163,762
178,173
38,963
13,384
46,783
167,872
130,162
155,962
184,64
26,523
50,55
161,927
56,299
40,925
63,267
177,739
132,780
137,463
37,842
154,833
93,515
2,923
84,856
146,634
14,152
195,611
39,283
41,969
44,538
83,589
39,358
52,969
122,454
101,36
49,460
81,179
171,94
21,827
1,486
66,743
163,963
122,585
142,949
124,761
135,896
146,223
51,357
110,193
122,922
41,262
186,287
177,943
200,509
189,59
158,933
73,826
39,927
71,30
28,124
104,348
145,459
61,594
132,957
116,534
3,99
110,554
149,172
197,569
135,931
169,629
147,971
105,942
95,741
171,959
185,820
52,867
111,801
111,903
24,776
111,248
73,629
20,986
169,150
168,369
1,898
57,849
168,840
68,791
167,223
2,907
142,881
152,677
128,788
94,583
96,536
140,361
102,342
28,776
198,105
14,816
175,182
3,15
123,247
117,690
69,580
165,215
78,859
170,961
69,892
168,2
161,50
19,832
141,608
143,178
130,670
94,362
64,334
117,768
62,914
33,332
106,530
46,47
136,324
78,871
117,333
90,742
149,178
32,532
82,587
54,659
144,73
27,497
184,545
11,150
69,970
16,719
195,398
10,895
57,385
142,754
159,675
1,147
66,673
26,50
62,450
40,91
180,450
117,529
85,829
170,781
125,251
87,140
28,88
96,674
89,946
2,6
21,617
84,874
11,577
123,415
111,344
137,26
74,737
135,340
169,882
27,775
117,743
184,500
35,43
53,688
92,745
40,698
109,497
146,271
65,207
90,986
91,927
160,114
130,681
3,888
2,179
138,77
39,32
140,702
131,446
27,366
18,269
24,253
90,541
200,869
51,347
19,191
122,843
167,229
6,663
38,875
154,253
125,174
131,753
167,248
134,526
178,735
79,306
109,11
191,882
44,130
180,499
117,514
173,404
103,795
155,925
10,28
72,998
53,310
87,714
54,724
63,529
124,2
157,687
54,664
181,72
140,725
138,3
94,371
43,338
121,950
58,477
155,547
149,342
52,904
82,21
163,374
85,476
195,715
57,43
106,222
174,621
87,724
79,628
105,571
7,364
149,489
177,563
185,676
158,275
107,823
45,815
70,342
105,649
37,970
139,243
142,329
78,858
84,864
197,419
141,547
94,438
135,146
200,245
120,797
163,935
183,264
34,260
28,306
59,332
138,285
154,238
162,272
167,812
35,126
48,849
167,656
50,316
83,469
148,106
189,541
2,458
43,422
9,484
115,994
22,665
70,706
179,350
129,130
189,537
9,190
86,417
12,705
21,589
70,980
88,714
195,528
98,628
58,378
170,849
187,536
166,223
51,978
18,965
127,372
80,204
9,377
45,595
27,901
182,774
32,792
142,814
108,354
147,485
97,724
60,804
56,633
173,604
186,615
6,321
84,638
80,877
106,730
199,692
140,171
64,903
32,404
18,731
48,133
154,494
24,209
166,875
16,674
181,806
16,491
25,992
65,652
106,694
66,301
192,678
116,342
5,481
9,254
91,403
68,977
73,16
93,935
128,69
188,922
52,499
13,62
196,264
120,32
91,381
109,761
48,930
34,355
48,574
128,390
191,198
32,959
76,971
180,592
97,31
80,473
178,645
86,503
31,844
119,832
75,770
88,414
159,931
109,412
42,761
105,776
3,132
15,907
7,179
143,197
116,624
67,545
21,92
163,9
107,258
38,897
48,636
137,370
112,947
92,214
160,874
85,662
107,14
95,985
185,705
158,805
58,174
98,725
130,330
57,388
128,332
30,772
85,13
143,140
57,549
169,126
123,249
25,299
2,291
142,535
76,568
125,444
129,530
188,970
138,637
192,47
142,615
136,439
99,835
105,724
98,110
194,218
193,415
179,276
92,314
36,3
167,659
199,196
26,106
120,533
139,318
36,45
165,192
171,248
82,357
38,492
180,521
104,359
47,149
102,637
100,609
61,409
191,40
140,241
59,30
25,143
175,36
10,311
49,17
85,46
180,439
107,170
28,238
20,165
94,938
26,259
124,689
80,343
176,75
10,189
41,500
110,618
40,666
127,247
17,250
181,30
173,204
162,460
20,948
52,654
96,539
92,464
100,656
199,132
1,141
176,350
101,6
30,354
69,869
81,90
177,939
36,530
87,646
42,838
153,479
119,898
154,752
152,11
12,686
93,898
63,870
13,180
107,68
172,976
40,31
161,392
107,107
37,130
115,999
116,802
169,107
178,333
160,3
169,750
54,329
25,509
185,61
14,313
182,430
164,789
70,913
95,860
5,703
179,334
116,324
17,179
114,141
132,456
118,364
99,853
188,894
194,663
41,583
23,726
24,145
117,534
181,481
195,163
69,590
90,775
118,586
69,282
18,576
33,271
89,977
194,446
198,348
33,301
190,845
187,467
58,875
181,70
32,171
119,272
58,793
47,616
197,708
131,596
130,703
99,679
44,19
69,79
16,784
105,111
39,11
49,167
17,475
146,467
160,669
177,824
65,308
119,211
139,139
53,993
159,185
104,944
93,980
138,977
64,557
18,605
37,302
124,623
29,421
47,963
48,41
174,296
106,580
156,428
132,788
117,156
139,404
178,817
1,189
80,402
9,483
25,244
149,783
192,880
185,316
186,637
165,143
29,277
7,622
128,981
123,477
131,475
135,2
182,394
191,34
200,568
74,921
71,681
182,172
22,349
21,786
90,165
95,312
164,613
123,785
173,541
121,984
180,709
168,149
104,640
21,105
33,372
195,95
157,525
113,603
86,285
122,199
110,371
16,282
14,196
101,287
197,531
1,204
1,676
170,951
174,346
113,532
104,473
192,939
131,963
197,961
36,94
26,250
105,636
84,534
171,79
73,728
127,63
118,48
37,189
175,623
41,441
153,724
131,201
79,469
13,358
74,982
194,394
132,694
126,443
28,770
151,224
136,818
22,538
86,367
165,803
99,155
70,522
100,107
170,699
120,477
108,543
28,642
71,156
190,631
179,806
118,461
113,450
59,417
65,850
96,792
99,787
63,349
200,465
162,860
116,916
103,262
188,741
90,617
181,740
51,212
153,832
46,837
161,182
21,709
32,801
52,747
187,942
120,479
160,304
78,320
60,654
159,548
101,362
58,801
36,700
28,230
70,235
158,388
83,386
77,721
5,464
175,214
23,42
102,125
70,456
77,614
200,700
176,45
14,998
143,874
13,426
166,541
11,270
163,594
52,4
69,277
115,756
89,658
157,626
109,416
87,251
104,388
52,483
60,829
51,75
122,571
189,354
8,808
73,36
22,760
104,22
68,429
63,96
117,507
181,478
177,558
89,531
103,281
16,22
92,389
148,461
82,736
178,419
149,71
20,469
91,759
38,742
150,42
65,569
34,785
113,93
47,81
46,475
143,423
144,154
58,819
78,2
128,201
131,594
117,87
182,183
88,254
40,603
120,266
5,909
107,544
102,218
32,690
123,90
59,73
111,947
194,846
129,481
65,660
90,344
50,780
83,345
63,71
156,255
6,641
137,184
32,572
117,484
173,63
7,169
45,242
155,780
98,660
116,301
21,530
173,927
128,596
132,627
11,730
126,72
4,390
70,433
52,712
182,571
16,786
103,554
99,957
108,933
197,39
45,492
29,364
97,173
101,254
85,512
63,267
12,16
128,486
51,176
131,757
122,586
76,259
94,765
62,650
55,861
71,161
53,674
99,117
108,278
153,52
177,533
77,865
4,837
129,746
125,327
100,320
82,6
158,5
107,826
52,384
153,5
180,494
49,810
127,465
20,706
27,545
173,670
128,417
150,740
52,542
124,308
64,734
3,322
154,304
86,883
39,527
178,993
144,534
56,604
128,657
14,712
128,663
124,42
135,12
176,81
8,316
39,194
102,813
63,369
89,999
101,792
93,563
153,81
41,323
2,492
62,39
27,479
81,348
24,385
54,1000
80,857
29,250
149,816
179,669
186,950
50,410
121,629
60,631
190,991
166,213
5,611
120,852
112,253
156,669
24,949
147,623
89,172
138,939
1,631
84,99
192,880
70,911
85,141
39,474
40,910
112,803
86,490
10,846
147,876
88,200
136,241
3,676
26,498
1,163
163,324
130,848
9,959
130,429
45,727
181,985
114,790
7,921
167,153
186,289
37,18
59,240
160,397
146,803
153,370
77,194
132,403
186,846
45,587
3,765
74,886
52,91
8,711
114,133
66,353
34,996
51,981
107,365
109,743
33,760
32,681
161,691
178,570
170,823
123,344
105,833
26,851
122,626
100,970
15,760
165,868
185,980
46,276
130,302
130,968
200,834
7,60
128,206
90,530
152,637
122,217
113,999
23,271
130,497
90,962
135,584
165,273
108,333
106,697
120,562
192,672
25,227
97,431
45,399
79,293
150,984
85,616
114,520
89,853
6,434
16,124
200,552
35,635
41,323
17,146
154,742
180,741
119,283
130,264
83,617
163,420
162,301
59,448
174,292
92,301
164,5
69,548
111,720
199,27
70,363
139,982
51,702
150,612
175,123
131,653
182,576
99,113
161,639
58,763
14,358
76,741
136,415
119,893
126,889
165,259
199,513
145,299
35,728
57,961
187,56
7,205
64,986
89,174
37,765
160,541
1,810
138,375
61,955
119,781
64,398
154,761
91,349
77,94
68,620
15,779
67,681
18,920
25,600
120,466
47,858
84,500
83,713
15,258
73,247
54,368
123,603
4,561
47,465
39,464
55,601
100,12
198,863
132,147
105,93
97,105
120,364
188,256
154,266
10,157
109,598
49,605
24,754
60,842
54,460
106,44
152,655
186,797
199,32
163,740
193,199
86,473
93,920
170,583
87,287
190,825
175,744
53,399
170,174
126,680
134,297
54,894
77,782
27,265
39,146
157,469
46,171
161,171
17,623
81,252
58,954
166,21
97,156
14,498
34,918
148,114
195,712
197,213
132,666
92,210
92,531
130,41
185,36
166,837
8,500
96,196
100,478
137,436
164,638
53,793
47,838
141,75
14,308
128,147
69,25
42,668
49,231
15,4
59,842
27,941
183,56
112,715
187,390
100,569
127,611
200,517
137,642
7,288
160,165
85,485
35,282
74,665
197,780
120,569
46,11
12,248
162,705
135,411
164,224
151,794
110,571
177,381
87,753
118,689
79,242
190,806
18,293
9,403
71,212
62,885
172,222
12,138
129,906
47,389
123,317
83,773
195,777
65,640
105,797
159,412
35,465
104,192
156,842
164,654
59,581
186,674
200,729
139,833
132,495
38,565
1,693
110,290
158,520
67,701
78,771
5,949
45,479
138,22
147,848
106,11
67,965
8,805
194,995
138,430
109,957
187,972
44,674
114,261
171,407
14,975
129,357
119,809
155,390
168,380
73,819
9,478
82,245
48,459
56,291
46,947
17,652
80,543
186,163
67,759
18,428
83,103
118,154
14,105
19,525
61,305
138,388
180,588
13,518
57,950
183,738
47,169
88,161
39,296
77,604
147,560
64,332
191,452
15,810
21,45
136,292
161,303
84,703
166,268
82,830
61,751
92,376
168,762
78,824
196,204
123,611
194,512
135,756
85,205
184,95
194,827
132,179
15,949
119,565
16,187
176,62
69,55
102,478
127,957
20,451
127,380
194,650
40,262
40,847
156,257
31,31
10,642
194,26
49,611
60,38
94,597
68,699
105,314
6,181
153,714
133,864
7,869
113,195
172,83
103,79
10,431
123,964
58,959
49,230
96,858
88,508
183,788
1,431
183,589
108,512
141,544
103,333
98,973
200,947
98,826
128,714
142,710
29,541
78,830
195,221
145,307
180,498
145,67
144,656
155,70
153,28
92,811
17,243
133,822
119,336
156,991
61,354
67,96
22,444
70,61
17,65
128,513
187,535
18,932
62,978
92,528
199,24
81,617
144,72
118,105
144,886
121,237
52,87
47,841
120,226
134,742
126,756
138,137
27,458
35,949
89,680
92,314
80,590
22,669
172,790
9,793
168,213
101,769
80,224
13,712
57,173
175,873
75,287
164,693
135,629
137,386
1,955
123,722
123,910
141,73
49,951
75,242
142,24
178,694
104,734
90,362
28,845
7,206
155,30
191,251
123,128
44,635
138,684
1,157
29,775
156,556
81,8
21,644
153,45
198,290
174,517
2,131
88,182
109,527
114,522
136,757
84,160
140,424
101,766
98,404
43,405
40,461
129,540
195,977
20,914
170,837
19,806
128,715
33,258
69,59
70,780
18,580
170,780
122,358
48,749
163,167
15,977
98,172
175,535
110,219
150,747
75,276
132,697
35,422
179,280
160,197
17,22
156,349
76,642
124,531
118,471
125,685
68,54
11,192
125,413
185,170
34,905
70,605
190,367
97,521
121,517
157,281
113,40
39,892
183,59
27,897
121,251
43,291
48,567
149,275
105,638
39,904
9,682
14,957
116,484
150,130
33,748
192,735
67,16
47,476
178,969
172,75
49,498
155,200
190,858
149,191
169,307
3,321
101,788
151,378
192,440
54,326
193,965
98,915
151,39
23,908
62,631
6,799
53,315
50,763
168,801
125,231
121,184
14,334
60,972
135,867
83,783
18,379
19,776
131,713
131,465
157,699
130,860
66,962
169,340
165,951
145,86
45,775
72,111
75,120
60,663
152,673
79,730
9,457
132,940
118,183
36,93
55,459
163,675
157,942
103,804
58,382
90,516
66,807
117,113
65,931
12,864
114,654
77,316
182,948
47,300
88,740
166,60
102,296
109,422
99,37
7,327
145,584
68,524
172,635
119,252
81,725
156,892
26,443
131,548
194,696
140,320
32,585
81,543
115,43
84,385
131,772
161,839
24,151
87,572
145,996
196,844
62,587
191,332
19,248
126,734
22,287
21,719
16,17
40,621
2,563
11,812
104,817
27,73
192,901
164,833
112,482
31,485
183,732
165,357
178,897
110,957
162,299
45,781
126,981
181,800
151,29
36,704
188,335
81,616
57,603
188,40
14,10
81,334
97,942
133,83
172,808
9,887
160,959
42,851
95,572
144,427
29,112
144,807
173,865
19,938
55,963
161,632
108,471
30,570
190,686
118,64
110,805
166,661
181,5
81,900
199,497
96,724
193,5
142,504
166,244
186,447
183,685
53,234
131,40
96,582
53,145
134,496
165,534
51,707
153,364
54,617
197,732
142,906
165,145
59,782
106,340
175,828
6,964
89,57
99,944
52,649
186,99
88,543
148,913
136,724
148,623
13,135
151,616
102,247
191,624
116,191
60,502
5,602
125,896
12,249
113,839
165,720
36,105
198,291
102,630
46,854
62,646
11,299
144,479
100,788
130,7
94,30
80,233
107,561
120,878
11,991
193,702
42,762
43,697
122,706
41,448
28,396
171,193
56,779
72,89
12,95
88,155
123,879
177,513
133,288
88,129
131,586
26,344
66,924
197,695
132,688
172,540
198,470
23,384
116,220
53,726
101,461
2,136
158,498
168,114
137,956
179,925
157,413
13,709
4,935
162,253
142,191
47,316
111,507
79,482
25,590
200,853
118,624
32,830
163,285
172,292
115,977
182,500
53,174
63,158
105,442
190,582
110,115
104,764
72,453
197,775
169,745
27,861
48,828
30,731
114,422
71,628
7,62
180,38
148,56
105,730
85,111
43,824
154,367
119,786
143,981
24,18
198,16
105,644
144,672
123,815
71,43
179,833
105,527
198,607
174,773
6,787
12,704
93,724
145,413
133,957
200,86
30,107
21,34
81,90
180,743
29,846
117,86
194,296
74,809
76,498
198,551
127,293
85,4
137,348
166,959
36,611
11,904
112,677
18,357
12,487
89,468
198,83
92,452
108,643
109,200
46,297
126,546
111,193
36,505
178,722
154,862
141,271
3,301
27,298
46,655
23,169
54,137
125,305
33,85
165,945
84,533
22,204
87,423
93,770
82,113
57,835
115,830
122,500
94,275
13,464
198,781
15,436
12,920
31,494
64,246
157,251
151,261
179,524
2,136
146,348
79,217
17,658
188,241
111,528
183,269
57,579
3,344
98,77
161,271
124,379
141,985
154,466
144,531
169,312
54,472
105,828
84,403
165,104
129,672
183,920
68,53
23,819
179,828
144,739
29,232
180,373
57,734
142,436
27,537
163,829
102,444
13,411
183,371
138,970
40,554
26,994
158,93
49,795
12,433
135,167
72,43
54,5
75,171
136,719
36,670
200,722
1,37
29,790
1,460
78,652
178,600
127,28
84,709
39,276
168,232
40,38
19,353
116,622
102,22
162,84
151,126
35,819
119,172
57,760
19,268
157,998
176,569
145,442
160,290
100,890
178,770
44,626
95,724
184,743
92,585
137,92
90,3
2,698
103,611
97,782
58,379
150,982
154,94
127,212
194,606
36,853
193,243
11,825
159,906
53,887
157,453
92,539
31,47
136,228
140,361
176,669
78,104
2,642
84,306
30,392
73,873
31,280
19,905
87,563
87,659
5,991
173,632
106,623
199,772
139,607
185,437
61,43
77,467
22,703
20,446
12,799
83,824
147,446
168,782
75,372
158,735
95,589
169,268
45,378
107,619
124,456
168,623
3,287
176,540
78,407
84,977
119,569
148,442
27,655
128,35
5,930
13,279
73,761
59,788
86,717
6,432
70,42
13,706
71,247
1,20
45,985
24,19
145,183
197,625
5,950
110,65
59,576
38,759
45,942
46,617
11,22
187,348
167,450
61,85
15,699
142,352
75,304
163,951
94,276
190,488
116,327
169,685
116,41
97,50
109,739
55,965
150,583
47,27
163,787
162,914
8,754
18,161
94,280
163,690
131,145
21,208
106,272
150,884
75,958
169,311
142,598
98,852
168,578
63,261
4,620
73,692
34,315
189,916
64,315
23,242
55,367
97,873
107,655
2,908
33,77
190,385
159,722
183,822
141,577
132,905
31,771
134,318
54,139
31,49
118,551
121,343
39,459
192,104
143,428
90,686
117,945
119,413
184,826
163,25
69,265
50,188
57,888
88,318
118,878
14,482
165,827
161,436
193,423
171,688
173,955
161,718
181,57
38,255
66,364
161,610
198,216
164,678
136,849
78,79
3,766
32,574
5,211
69,219
139,342
157,267
66,155
46,259
27,203
164,4
134,663
118,559
198,491
53,93
29,478
196,582
179,372
150,520
60,664
52,954
56,478
74,38
194,968
22,615
133,397
51,587
62,119
162,826
124,300
25,350
73,16
135,804
151,368
9,398
80,935
73,249
6,950
110,312
47,937
31,868
137,324
134,881
146,537
92,140
62,533
197,74
95,688
71,755
43,139
167,717
148,532
160,666
96,198
189,432
153,496
41,67
106,981
159,228
119,936
82,461
127,890
4,921
162,948
134,81
95,789
78,62
145,306
95,133
192,969
70,543
78,231
104,605
70,66
110,969
123,412
102,972
115,313
170,42
154,695
70,575
13,611
121,3
92,625
174,986
157,448
156,462
188,500
44,824
57,919
78,63
92,246
125,715
8,761
93,209
70,888
95,28
135,135
62,269
163,494
48,447
176,670
36,641
17,906
28,868
193,220
128,76
162,898
123,191
62,276
147,93
68,946
155,779
121,141
191,58
13,222
195,754
105,388
189,467
97,551
195,103
132,148
35,286
4,770
188,138
72,457
58,211
55,325
42,197
32,540
22,891
27,331
193,245
92,66
95,393
153,60
20,705
134,171
169,197
17,279
94,104
159,438
185,604
14,65
189,901
113,483
12,378
88,811
140,407
125,3
58,367
174,906
32,523
130,289
161,556
11,996
162,307
172,571
54,243
143,619
24,428
153,99
79,277
72,440
92,318
8,630
102,767
78,315
111,16
74,874
92,996
149,823
24,202
153,790
95,94
141,220
163,172
35,364
22,658
18,621
30,905
2,574
88,60
38,301
28,290
146,406
177,931
141,657
161,8
38,520
82,59
195,300
134,941
4,189
73,903
164,332
22,532
79,10
90,35
181,562
158,633
45,120
3,618
97,958
15,996
66,270
144,220
125,40
126,92
179,310
108,741
197,947
27,752
196,620
1,857
24,766
44,52
112,243
174,206
49,280
89,215
21,856
60,24
170,778
3,435
144,624
29,451
133,377
39,832
44,872
192,72
113,612
73,733
146,586
133,524
38,742
138,454
118,21
30,138
44,967
177,694
101,132
158,494
187,710
33,488
65,638
20,881
19,603
76,806
150,430
112,60
88,517
77,982
198,419
69,642
60,14
181,295
89,440
107,762
51,329
170,568
188,163
91,703
1,783
81,488
78,631
96,60
55,344
150,974
41,455
159,894
95,334
127,751
91,160
153,21
17,781
100,660
185,475
164,667
81,374
9,388
4,944
94,714
182,236
79,386
72,493
25,535
179,500
119,888
13,393
118,701
36,25
52,923
102,753
166,927
178,413
134,966
120,860
103,909
131,53
100,544
154,747
152,232
75,882
84,995
151,85
181,747
81,342
138,26
145,627
23,338
100,593
162,554
36,125
29,920
78,414
85,431
134,888
43,275
132,872
79,499
84,820
131,980
35,503
48,735
192,864
163,709
117,869
71,586
158,105
16,746
147,518
65,110
82,798
12,546
53,943
142,710
1,393
10,29
25,975
50,259
188,905
15,672
115,563
71,263
54,956
191,470
51,474
23,982
97,842
160,353
93,464
65,510
61,152
16,351
17,847
145,243
56,251
102,380
183,35
157,403
62,385
195,468
127,612
3,246
178,355
64,964
140,253
118,996
82,918
52,380
21,702
161,348
117,27
130,402
65,66
124,551
106,368
134,873
188,710
70,566
71,523
124,649
9,284
84,619
35,10
142,72
85,698
32,235
13,604
178,715
101,670
59,450
162,109
171,530
111,529
158,373
21,825
111,278
177,90
5,698
82,907
98,118
186,857
186,727
174,912
108,830
104,818
108,12
32,699
152,807
118,516
142,867
91,557
46,321
172,45
69,567
118,939
39,91
12,425
12,86
148,562
151,141
56,753
197,569
173,393
107,334
89,999
185,558
96,493
82,1000
187,961
116,687
101,473
80,735
169,739
59,837
174,489
178,129
182,550
33,334
16,4
174,650
188,21
172,103
61,192
134,135
7,926
170,460
21,845
52,497
110,15
5,991
116,564
113,710
49,908
87,506
50,729
121,695
112,456
11,149
112,798
195,831
122,518
125,864
159,735
122,879
166,75
184,78
89,552
43,413
60,122
142,863
76,793
135,250
58,298
152,231
150,765
88,746
62,945
73,953
171,301
45,284
189,366
79,87
103,176
124,741
91,683
107,672
184,166
110,959
137,608
75,542
35,112
13,239
52,565
28,879
119,911
74,157
136,696
194,186
194,994
124,697
194,58
76,579
116,582
116,524
139,135
66,565
164,816
49,152
194,968
161,591
92,363
108,77
107,624
127,439
141,519
26,613
138,917
51,776
50,607
73,287
175,45
166,415
137,63
65,470
178,851
70,726
186,283
113,300
20,625
65,299
170,700
93,610
190,359
115,236
49,474
157,55
92,619
87,102
200,80
169,841
34,465
175,227
24,289
87,72
48,152
175,367
127,474
148,100
39,271
3,4
84,170
22,355
179,734
185,796
120,909
152,468
59,185
122,295
62,463
45,706
35,546
167,606
25,604
11,644
21,475
43,228
117,382
133,717
111,874
199,670
80,149
129,555
34,61
180,500
45,750
26,456
174,119
196,210
42,425
24,979
179,214
193,891
27,388
132,117
181,356
40,282
14,383
36,799
95,395
24,740
132,529
139,988
72,154
172,249
108,852
79,370
27,438
156,83
62,175
111,137
130,423
81,706
35,264
102,798
70,370
113,141
69,191
115,208
198,418
122,384
86,267
91,917
128,543
113,153
155,676
183,680
5,24
68,283
196,342
49,53
2,771
162,43
157,438
131,147
21,506
66,490
21,947
147,81
55,509
27,118
169,953
177,513
146,879
190,38
40,871
163,436
70,839
39,849
117,969
85,350
122,74
53,839
167,357
90,81
82,939
68,198
81,922
3,789
110,96
31,325
33,403
105,519
122,553
82,499
1,455
122,964
53,292
112,148
143,695
4,961
110,732
95,865
157,662
88,322
93,532
160,461
148,649
163,440
163,97
148,519
75,576
16,973
155,799
155,325
107,288
13,157
175,76
140,236
139,937
51,331
102,450
67,985
8,327
106,527
84,360
17,256
98,482
160,760
16,417
116,421
113,539
122,106
85,313
95,569
171,648
112,517
185,42
29,576
46,278
32,502
19,662
157,465
74,519
6,768
23,895
180,661
76,987
119,877
35,867
138,660
84,628
162,174
7,759
137,118
29,456
42,817
34,939
35,365
3,312
75,497
70,844
158,931
103,475
143,294
194,956
150,473
123,29
158,456
38,382
154,103
159,696
73,573
61,583
172,269
33,275
119,519
189,230
1,215
38,407
197,799
73,348
147,428
12,915
173,140
154,35
175,27
7,677
61,82
134,670
69,210
122,248
121,430
132,827
48,820
1,505
191,646
170,255
101,414
49,130
98,815
74,736
100,908
64,242
127,197
129,135
193,475
140,583
14,122
98,911
134,597
82,302
118,329
187,622
156,88
79,690
53,779
165,531
150,131
72,268
19,50
38,263
7,402
50,755
5,729
55,985
38,936
112,241
195,778
50,331
38,424
159,279
109,711
33,696
73,775
129,672
91,981
93,675
167,124
141,595
35,202
172,890
73,13
25,418
170,82
116,151
3,39
162,356
32,682
183,391
39,433
90,29
103,675
103,970
105,444
61,61
185,474
192,432
98,640
96,605
134,250
87,832
86,364
25,928
173,918
80,546
128,11
111,354
5,149
190,98
172,4
73,536
21,176
50,979
31,995
18,223
199,957
43,664
22,35
25,531
38,223
102,997
193,113
171,288
125,867
100,613
122,925
57,946
141,727
70,338
115,41
64,689
141,49
178,173
47,392
41,57
91,86
158,92
16,741
41,6
192,742
72,363
181,622
117,767
112,746
72,754
127,638
75,1
27,972
71,781
113,949
145,428
118,31
101,875
60,731
61,824
46,667
132,678
85,943
125,232
48,61
169,39
171,763
47,535
93,691
112,714
140,862
32,378
95,276
17,576
186,933
174,765
17,59
66,636
168,5
87,679
51,49
36,219
46,195
83,520
171,761
178,179
6,433
76,947
24,433
25,217
151,289
191,411
40,604
14,169
154,170
20,833
109,538
26,830
176,826
139,574
188,538
100,128
106,310
193,633
38,743
73,822
53,866
146,559
161,330
72,299
38,920
148,476
115,31
130,971
98,365
29,404
168,73
165,659
61,149
102,27
79,298
94,234
99,543
100,537
135,978
76,920
197,230
177,623
47,981
188,165
183,564
136,165
199,242
143,270
140,644
130,334
22,46
71,254
169,657
152,895
102,479
52,583
8,607
170,849
153,332
44,463
11,332
126,137
156,477
21,126
5,523
95,53
142,239
62,451
115,683
181,603
136,223
83,635
117,10
41,226
63,451
130,725
113,554
195,726
157,672
123,609
93,312
7,131
186,98
11,576
125,820
49,289
70,229
180,761
10,796
64,880
8,359
63,925
20,904
191,698
164,939
193,167
137,759
95,348
34,802
63,122
135,501
63,55
177,763
186,551
153,496
24,367
118,20
92,277
38,484
140,48
132,175
69,917
186,512
54,493
11,555
69,390
177,55
103,596
175,670
111,887
37,101
136,797
92,771
25,659
98,702
105,188
94,967
59,901
27,726
66,521
188,965
175,208
110,19
72,303
129,290
196,546
150,541
146,212
131,724
200,282
49,62
160,107
73,349
176,554
57,494
143,642
173,328
97,40
104,596
32,497
9,543
128,47
155,800
30,937
126,178
49,201
58,10
75,869
193,647
141,41
131,502
11,497
104,317
17,974
183,319
55,428
27,841
175,204
45,370
25,588
63,213
100,979
104,584
38,39
119,162
17,867
53,563
41,233
120,875
65,401
64,30
55,673
87,556
39,372
100,155
63,566
26,266
167,391
83,107
174,241
113,970
40,45
134,480
18,988
47,212
154,910
148,663
178,190
32,258
140,212
46,704
196,830
94,307
181,321
173,557
138,830
49,216
200,750
21,872
188,657
12,652
188,163
4,687
186,825
113,398
19,143
63,149
148,601
152,798
150,665
44,18
65,428
99,852
107,805
146,635
105,220
64,803
146,510
156,646
68,546
140,636
49,407
143,411
53,704
40,769
193,22
170,410
144,83
103,168
114,817
150,638
165,72
91,400
72,719
48,343
176,728
180,949
123,30
32,677
64,918
57,239
51,843
37,454
158,719
146,422
106,891
29,240
34,450
25,180
12,814
39,955
82,971
133,204
51,386
142,239
6,638
172,696
191,490
46,879
64,832
116,157
152,432
69,960
80,890
139,491
33,274
184,715
167,262
184,436
164,534
192,609
106,356
190,786
167,243
163,333
149,546
94,960
10,340
43,167
42,206
182,615
97,471
32,946
199,161
44,987
106,830
187,581
93,732
52,703
35,73
184,57
70,298
46,221
151,757
71,930
106,262
142,356
99,1000
127,291
5,540
41,671
84,592
154,686
159,97
167,151
123,53
69,295
7,91
129,435
132,221
53,639
179,388
17,912
142,970
71,409
124,143
124,185
83,601
7,229
106,751
57,708
68,405
138,208
36,658
89,11
59,285
167,190
14,908
181,111
39,109
84,449
155,550
178,132
155,814
13,606
112,433
21,71
17,252
35,734
178,328
79,167
165,496
102,701
41,504
162,424
78,805
1,848
2,48
193,653
175,467
91,664
64,490
100,517
185,687
81,353
147,20
182,665
74,154
67,881
159,216
80,765
41,653
196,389
146,929
68,657
178,157
43,254
158,260
181,274
14,837
9,499
22,267
144,667
143,763
133,943
152,584
43,760
25,238
53,999
6,457
81,766
142,318
142,662
87,763
192,98
62,736
171,636
162,339
63,45
67,207
25,674
171,767
80,556
168,206
51,297
108,653
28,532
99,150
40,243
130,394
200,86
195,844
41,695
23,811
72,10
146,653
63,601
127,72
188,421
103,216
10,576
130,152
106,37
16,439
123,379
139,27
69,355
169,640
186,803
5,307
166,92
75,784
55,855
62,967
178,270
137,983
25,976
105,61
108,542
200,379
50,320
158,481
37,480
103,508
183,642
141,802
85,367
28,886
176,470
178,350
183,698
36,153
145,672
199,974
43,228
162,887
94,781
184,255
142,986
53,984
198,211
149,50
27,653
2,866
138,710
24,680
110,731
83,415
121,799
75,47
6,861
17,136
152,793
55,903
90,230
116,734
176,90
158,929
100,124
9,354
181,647
51,258
184,842
8,238
7,804
75,180
191,803
100,963
48,664
181,158
174,741
45,135
86,441
103,936
48,302
127,698
120,865
139,858
83,947
106,174
141,961
69,600
169,39
168,170
159,733
94,732
101,16
7,43
97,586
85,576
131,315
17,934
68,393
142,440
42,966
100,774
167,944
152,418
149,74
39,120
131,546
197,376
184,63
68,251
16,634
2,927
148,427
20,23
146,938
133,367
39,247
141,868
199,858
61,860
130,848
5,308
145,895
146,213
1,294
193,207
30,617
176,680
92,514
30,920
200,882
123,93
81,935
129,338
34,745
158,761
27,844
34,319
53,90
65,618
77,27
170,444
49,285
11,63
67,432
88,171
156,129
27,355
186,525
60,539
24,45
182,173
185,192
197,182
175,132
113,891
188,372
9,843
171,87
165,942
137,56
30,126
198,793
179,759
180,933
177,451
118,243
43,129
147,222
77,686
30,938
86,748
145,572
3,749
37,505
54,818
142,178
180,784
48,192
34,284
46,501
158,204
120,835
87,684
18,350
97,881
182,218
180,383
123,217
103,345
88,187
139,238
142,855
147,316
54,721
166,973
109,47
12,742
52,913
92,935
95,623
87,928
68,386
106,206
93,5
175,938
161,613
74,753
177,764
174,11
129,988
196,733
40,753
25,267
122,185
137,806
25,65
37,34
55,967
157,976
108,608
3,822
89,862
64,518
99,652
150,909
100,798
165,624
69,878
141,299
189,733
199,899
128,157
97,108
111,876
149,782
188,955
72,545
164,445
77,455
150,482
140,825
130,191
43,933
130,654
174,146
49,54
151,388
135,491
59,717
90,373
51,641
14,196
65,553
31,267
61,300
161,964
80,180
108,455
64,871
45,287
150,670
123,457
83,924
87,171
137,748
23,484
15,707
141,743
103,864
181,631
154,477
91,888
115,175
94,981
66,899
106,184
75,406
28,556
182,139
32,264
63,5
130,673
29,192
74,163
131,966
151,394
37,860
169,304
187,740
93,318
147,148
65,264
20,965
137,14
45,103
79,127
46,873
44,515
166,845
141,549
117,470
103,510
146,419
175,948
26,977
65,903
32,970
56,397
48,49
16,222
41,4
35,66
72,897
100,808
141,220
177,440
113,126
58,8
91,217
49,254
163,136
61,715
170,139
5,167
53,94
119,966
1,646
133,505
63,503
14,58
121,522
38,831
166,220
96,485
152,13
1,339
44,723
95,430
175,883
127,927
101,142
51,169
89,766
175,548
139,248
100,929
19,852
94,348
174,118
119,566
199,777
41,732
165,540
29,992
10,570
149,183
106,887
73,520
56,79
1,938
25,50
120,772
43,20
27,437
31,636
94,723
7,698
182,250
47,768
91,14
172,22
124,658
199,460
21,40
144,254
75,707
130,137
130,742
8,442
58,168
120,759
18,790
117,115
36,608
61,435
108,875
72,545
2,410
107,55
109,362
112,293
36,239
52,652
92,991
198,423
7,625
145,600
140,895
64,168
147,859
196,772
99,508
96,716
147,117
180,475
46,804
45,715
138,189
131,162
98,254
56,510
60,336
143,502
45,990
103,833
164,493
143,113
17,587
114,515
187,451
126,949
121,360
154,506
195,152
141,932
194,75
26,862
96,645
124,235
140,736
29,860
58,757
8,484
111,530
159,554
132,976
99,915
68,657
21,992
155,795
121,602
197,483
45,23
55,646
106,815
170,340
11,197
166,133
61,389
66,779
55,75
62,131
144,554
152,815
139,525
74,728
81,9
54,998
125,243
9,568
136,941
152,247
68,32
166,310
18,446
110,793
81,404
130,850
112,474
122,418
50,864
105,775
1,118
33,492
13,646
162,359
130,153
106,878
173,850
197,744
39,987
39,426
52,712
111,976
184,510
59,799
32,123
76,753
179,695
31,760
91,417
55,367
60,39
73,782
133,396
123,803
107,188
141,175
182,275
173,23
7,735
76,421
141,643
109,145
112,513
73,123
155,631
14,676
101,23
169,215
138,151
156,667
91,643
64,345
99,529
178,473
198,38
64,185
174,209
177,811
172,755
187,934
35,339
191,980
115,592
113,863
34,365
15,351
142,432
25,106
29,17
185,91
154,77
131,382
62,535
192,137
82,747
148,871
24,710
81,646
28,253
41,81
92,199
36,900
75,229
34,217
60,982
176,813
59,173
6,496
5,529
74,670
180,604
44,913
160,978
36,801
181,855
97,757
24,265
71,843
156,146
168,842
65,751
82,463
105,233
101,488
10,967
97,485
54,790
58,179
46,861
103,502
47,364
67,406
15,702
111,305
80,356
78,830
49,995
185,166
119,395
195,76
195,901
180,142
34,511
180,124
150,406
75,600
161,874
129,933
42,965
130,332
132,414
121,701
177,651
186,947
182,799
74,430
191,151
124,755
50,10
36,20
30,138
171,174
145,272
86,553
157,908
100,558
60,412
152,215
140,155
151,488
74,770
161,320
108,213
54,694
12,502
77,637
186,219
66,675
196,123
30,495
162,176
135,950
96,741
138,399
7,702
53,569
110,411
152,781
193,173
158,680
126,500
75,367
88,592
154,834
193,238
119,757
42,378
188,708
28,309
126,287
47,208
122,468
53,199
51,164
45,295
122,919
59,704
59,342
183,789
173,25
20,926
14,265
195,510
185,169
136,903
120,598
70,869
50,951
13,9
81,615
71,501
171,654
27,623
36,166
18,143
117,150
22,498
195,15
143,853
69,60
197,54
83,129
140,631
123,867
117,710
128,60
195,58
75,684
91,576
27,795
177,605
124,668
158,523
131,15
172,971
121,73
69,548
22,653
76,729
142,147
105,466
94,839
114,912
174,486
59,215
35,419
168,793
10,689
181,494
190,903
5,541
191,679
25,959
55,98
71,700
114,920
103,496
32,714
37,571
92,599
193,383
12,366
149,902
113,130
102,132
44,407
164,52
54,909
19,275
31,946
94,324
32,249
176,146
72,336
170,494
97,174
11,8
54,792
18,614
111,904
88,329
19,354
38,226
169,655
6,347
158,696
130,731
167,45
167,917
59,891
18,795
46,698
127,704
34,362
114,120
53,506
108,785
58,444
164,71
131,401
52,73
167,593
163,655
92,477
48,460
70,49
196,235
41,538
129,294
132,416
151,485
55,804
9,714
125,858
40,220
122,405
187,618
168,155
96,317
30,469
187,142
82,748
117,493
89,961
88,615
42,152
119,562
72,474
166,760
99,602
194,771
158,980
166,785
61,983
99,26
93,879
66,836
105,5
160,454
11,439
166,465
98,899
62,443
133,581
118,691
178,264
151,422
60,297
106,333
41,381
110,165
144,808
168,808
137,77
62,236
5,788
98,337
78,378
18,74
104,344
13,512
79,909
65,917
191,711
190,615
110,320
77,462
189,408
109,25
24,633
129,391
29,50
85,106
5,410
112,298
154,803
44,757
43,582
98,6
161,466
29,594
129,508
42,721
198,808
149,638
143,174
113,566
64,428
155,66
6,588
10,188
103,933
38,567
74,546
71,446
126,464
166,113
42,154
92,367
140,213
177,84
95,638
16,24
69,655
90,857
57,192
89,681
54,380
152,97
42,413
6,72
53,805
17,791
50,426
171,220
110,352
25,746
178,347
140,73
176,537
200,676
39,136
103,202
73,328
33,486
50,606
137,673
177,887
106,608
132,954
28,280
45,544
148,799
144,558
9,836
190,445
70,367
159,799
169,898
145,355
56,664
200,727
61,972
177,711
166,922
64,669
55,576
53,79
88,301
132,992
2,920
54,584
125,531
11,243
12,766
11,376
5,720
180,121
101,205
142,608
160,424
21,268
37,58
101,538
191,272
197,169
161,994
132,326
195,545
74,138
31,643
151,420
134,845
64,129
31,345
26,913
172,661
60,32
163,295
41,90
192,503
4,806
124,880
120,924
125,671
171,893
70,200
39,841
23,103
132,473
27,75
136,493
1,385
86,495
106,863
7,594
192,179
133,857
44,223
119,149
175,119
161,6
82,311
156,211
96,356
4,98
76,900
159,914
160,946
154,479
105,512
81,915
142,81
193,467
68,688
51,946
17,266
52,928
69,854
184,322
10,740
175,536
157,957
43,886
81,94
21,439
191,157
115,473
119,582
63,545
38,243
43,882
183,995
6,733
54,191
76,289
51,457
68,288
114,921
85,419
155,669
116,450
103,604
124,686
82,966
63,485
196,37
54,399
120,903
158,634
12,150
174,471
33,391
7,458
29,465
119,519
18,161
3,175
32,875
10,345
15,530
171,639
99,191
86,658
177,677
197,302
168,241
16,747
35,522
150,141
154,977
43,363
47,997
187,912
60,281
10,824
58,438
11,789
52,715
185,763
92,901
196,447
64,862
106,100
57,565
173,801
149,745
116,707
191,100
128,275
60,274
187,535
58,639
27,484
90,511
184,157
5,659
151,655
55,372
15,777
126,571
126,396
21,394
144,793
55,604
26,199
190,651
50,458
139,275
82,580
14,115
193,661
153,671
137,481
20,258
21,286
73,687
193,774
147,944
180,561
16,633
156,759
62,601
114,296
36,807
164,86
108,352
177,11
97,498
10,74
92,156
23,704
89,486
179,733
178,845
133,302
162,228
68,758
69,263
83,904
4,272
21,7
191,254
57,783
124,822
161,154
13,837
33,211
7,51
178,74
141,369
199,322
89,642
159,771
90,853
35,728
163,833
194,696
88,153
93,968
91,85
170,864
107,27
117,520
68,46
146,125
163,623
14,929
169,309
191,212
92,684
79,166
88,385
103,652
129,198
110,938
58,693
113,324
104,529
16,836
150,913
167,645
129,711
149,225
26,144
146,387
25,278
46,473
136,267
160,787
133,607
3,615
136,62
167,960
73,605
93,955
179,361
166,133
6,819
2,784
116,873
139,212
14,232
175,488
109,953
146,905
94,248
176,945
152,715
175,553
83,751
197,849
84,139
27,237
104,21
19,956
169,346
47,847
181,251
191,505
45,907
152,59
166,151
53,725
52,780
120,608
20,89
51,284
189,928
4,216
37,763
36,346
52,550
46,74
141,628
125,91
59,272
193,468
141,423
186,993
171,616
93,417
174,312
114,451
1,221
40,851
25,428
85,643
79,509
123,284
194,318
127,344
150,251
74,221
152,504
194,71
59,99
200,386
115,198
170,81
59,10
181,344
62,594
47,789
65,629
180,572
161,389
40,374
185,264
159,348
93,646
55,81
105,535
172,747
126,291
30,764
34,713
18,378
114,387
35,111
62,864
124,860
38,628
192,320
176,799
183,139
40,177
133,933
19,483
166,41
112,257
107,874
15,782
175,754
171,489
146,73
6,987
95,39
149,112
96,633
138,65
63,853
83,276
8,689
108,141
147,733
21,685
136,914
126,900
94,807
34,311
103,973
170,540
174,651
165,253
131,605
136,327
13,742
41,999
57,797
124,869
108,903
111,937
130,909
188,831
75,38
130,612
63,531
60,726
115,670
4,590
131,712
120,229
117,870
65,188
23,831
133,385
54,551
132,480
15,262
124,267
145,543
177,561
194,889
17,500
56,579
42,18
14,729
86,560
30,714
58,139
189,370
63,750
47,390
6,882
82,33
148,826
7,659
96,935
92,767
142,886
44,604
144,680
186,988
149,360
78,879
95,428
36,412
149,902
39,409
84,920
199,792
200,150
160,249
117,269
73,392
174,519
161,375
145,337
122,854
197,733
27,901
191,313
151,921
198,290
1,934
119,376
6,744
25,671
56,222
174,448
161,878
44,831
128,476
90,755
177,508
38,999
167,539
39,585
79,751
45,30
6,190
50,12
175,648
36,952
66,880
24,663
1,438
30,549
173,728
42,377
105,930
18,185
114,550
145,796
109,540
98,661
199,743
167,817
155,934
52,469
20,299
88,138
47,545
31,958
176,141
99,973
160,420
5,550
140,39
2,51
117,503
133,30
70,523
60,430
10,781
107,428
102,153
81,612
98,878
195,367
51,926
199,857
16,938
16,2
65,254
27,153
134,851
133,186
155,154
200,261
145,289
193,200
39,466
129,145
88,544
161,592
24,288
63,814
58,63
159,443
159,684
112,289
66,203
120,561
101,597
139,990
184,343
104,980
106,131
9,565
167,965
146,115
36,637
25,629
71,138
34,714
85,76
2,925
105,727
26,54
200,581
193,525
175,225
109,681
184,837
136,969
80,466
139,298
175,900
139,648
45,796
124,915
10,594
196,506
2,521
62,600
188,241
120,623
112,919
175,699
109,260
190,264
138,840
151,874
56,210
57,979
183,423
58,883
165,582
54,774
24,64
138,241
77,667
164,375
58,819
137,170
165,780
147,282
111,160
64,288
31,905
49,770
68,101
144,440
118,508
127,700
48,168
177,684
8,393
132,146
42,32
102,123
112,779
200,149
14,120
183,300
109,532
177,498
10,915
175,700
14,915
130,511
31,347
23,930
134,487
86,962
2,150
79,635
62,991
6,117
115,82
110,514
44,201
1,484
190,418
161,457
160,408
196,555
95,616
158,730
150,220
158,694
155,755
32,402
104,368
1,389
108,177
31,843
26,983
37,554
99,545
22,957
197,691
76,525
82,249
101,264
103,7
147,46
120,265
90,469
77,893
148,147
157,510
192,409
157,302
118,855
98,189
145,831
91,603
66,224
63,109
105,199
92,765
43,276
177,805
180,867
166,800
123,861
187,974
27,30
169,176
49,121
5,223
55,77
89,366
178,309
65,890
154,839
145,50
49,476
136,500
21,849
29,130
110,124
74,488
14,280
71,583
45,249
32,346
98,283
24,164
5,546
95,13
141,683
142,180
50,485
136,665
65,627
178,334
165,143
60,763
64,549
190,682
156,379
179,966
23,242
99,656
190,118
147,740
173,199
142,203
45,817
8,774
63,727
132,868
130,205
126,479
137,778
139,114
113,752
69,591
157,529
146,379
105,835
166,136
88,935
105,91
111,121
65,854
131,546
51,168
129,337
121,5
157,176
111,77
199,521
181,553
132,981
109,935
165,182
32,822
62,265
60,141
125,563
72,80
144,658
124,94
69,527
86,962
66,939
39,636
143,567
48,938
168,808
27,581
86,657
15,874
126,169
15,216
195,815
72,279
51,616
136,536
162,925
63,8
39,597
157,683
68,525
32,273
110,163
86,539
111,224
158,257
38,579
71,39
89,523
97,878
158,597
61,288
122,583
178,892
32,246
61,380
199,788
152,718
48,793
189,404
124,860
157,591
31,173
196,929
185,9
44,817
39,862
23,477
199,869
106,441
123,894
98,640
30,389
103,866
135,643
199,535
109,948
148,593
187,161
66,431
185,278
32,574
162,577
5,652
87,65
197,95
10,461
182,401
118,660
161,896
172,401
155,207
17,630
6,290
142,744
162,964
190,1000
162,578
55,984
62,165
121,795
152,439
78,344
49,581
155,769
118,335
88,456
85,417
10,941
3,437
110,305
155,638
7,87
87,666
54,374
120,958
174,158
47,616
107,727
39,689
90,458
113,193
52,463
59,721
105,402
138,355
154,790
61,408
61,905
18,434
199,4
94,9
45,546
126,369
77,696
24,37
185,322
10,731
198,584
138,243
164,992
45,703
196,702
165,743
93,811
110,116
43,35
134,644
11,154
36,103
24,176
7,97
88,49
160,683
161,229
36,794
69,353
164,643
182,874
87,95
17,77
47,825
197,703
185,819
18,787
82,720
64,787
187,85
141,111
16,666
125,751
9,956
75,2
108,151
116,912
97,887
164,320
12,585
19,807
200,145
63,574
167,868
75,398
179,532
50,917
162,815
171,891
122,992
53,122
142,198
8,824
10,647
130,569
15,373
120,609
37,549
195,97
72,576
85,839
40,325
192,872
62,741
23,610
64,460
46,947
130,199
66,560
176,254
183,224
69,740
144,538
20,119
2,507
65,524
106,489
40,114
141,444
138,266
174,987
196,492
9,524
1,762
162,968
39,714
35,681
109,855
132,721
161,612
83,614
186,961
142,167
196,440
176,668
105,967
81,592
195,42
112,526
198,544
173,129
16,99
18,320
106,992
139,646
123,411
131,945
122,557
98,202
16,375
42,980
94,473
171,872
172,947
175,287
120,820
195,392
149,232
36,718
86,968
192,702
164,852
94,965
85,991
168,582
178,270
89,88
167,456
196,638
78,38
17,37
67,760
10,379
83,84
101,148
84,421
148,139
176,813
195,501
40,684
159,853
111,927
86,426
164,203
10,229
117,897
16,57
2,345
77,636
69,291
76,48
29,601
197,927
29,139
195,296
43,492
105,168
187,145
198,459
109,831
100,56
170,358
144,66
11,577
77,768
186,37
129,279
127,296
132,474
138,472
25,341
158,980
168,485
131,844
35,253
88,328
62,166
6,452
128,643
178,803
56,850
164,764
158,743
81,316
126,470
50,863
178,51
28,32
42,425
60,473
98,575
24,503
120,615
139,765
108,244
148,903
139,725
36,193
113,930
198,51
91,305
102,356
135,691
171,444
124,1
110,193
97,122
124,488
126,713
174,652
186,18
164,330
189,416
187,748
23,979
149,701
25,328
6,980
138,233
129,429
151,425
178,990
172,747
147,776
4,937
57,191
94,435
42,937
150,295
146,786
11,921
98,993
169,46
123,294
31,795
42,82
186,511
126,599
91,387
56,255
96,190
182,922
148,423
161,136
67,603
124,228
50,528
119,117
59,341
110,946
92,981
181,356
176,684
15,765
52,210
170,399
91,538
176,959
94,360
116,983
197,938
96,310
48,113
69,576
157,904
175,406
139,420
173,15
143,554
91,823
131,999
176,498
3,629
191,943
194,311
118,741
197,501
122,953
46,34
90,652
194,691
196,74
192,348
111,400
48,223
63,717
180,877
91,784
147,310
74,465
53,797
12,142
56,622
24,931
92,898
150,765
11,645
105,856
11,386
7,664
195,776
100,425
163,780
106,924
19,723
68,933
39,848
146,316
186,891
101,420
91,736
188,679
134,355
158,515
1,775
175,462
167,185
77,547
168,259
42,851
119,963
64,961
124,964
77,188
47,31
169,630
123,254
157,505
165,185
72,960
93,240
1,410
124,933
25,138
98,397
108,426
39,991
156,753
132,224
36,910
153,884
136,372
173,103
196,381
47,324
104,250
195,458
100,189
170,564
33,53
97,543
51,12
119,499
80,515
157,557
115,565
136,141
13,236
4,935
181,85
114,668
43,173
11,25
98,963
99,870
51,358
118,673
165,512
167,654
182,685
152,983
163,691
33,119
153,660
36,597
102,440
104,91
138,464
7,320
6,309
134,881
128,212
98,282
171,441
2,451
100,219
136,994
97,662
156,92
32,591
115,449
1,189
69,186
53,711
174,734
198,292
114,479
10,59
168,962
143,468
69,285
89,31
124,268
71,892
23,111
197,826
123,231
67,280
141,237
154,771
87,442
35,296
30,97
21,949
107,484
170,691
103,580
84,575
2,658
166,266
141,896
13,285
78,702
30,5
30,728
188,960
4,693
140,430
26,191
4,553
198,451
153,859
104,933
75,811
105,857
178,782
52,949
185,111
1,462
130,769
53,236
58,663
191,978
137,344
68,232
49,252
56,750
105,573
101,481
83,446
33,339
82,351
198,555
89,247
6,54
181,715
27,529
59,60
124,113
161,982
23,333
40,948
141,917
172,587
109,566
192,19
174,921
156,502
147,540
79,568
173,820
19,606
90,931
73,563
100,427
188,400
34,769
153,589
97,787
172,292
16,197
133,814
192,533
141,390
106,39
28,414
2,738
139,933
196,241
198,27
116,673
200,736
105,444
127,174
171,245
74,948
18,570
20,527
103,94
181,345
76,309
182,689
138,560
8,212
43,204
164,395
197,981
19,876
33,569
170,715
13,708
111,521
150,6
151,487
89,230
6,585
116,728
1,246
93,323
19,261
36,595
96,260
169,13
167,631
37,156
31,972
63,985
127,395
152,834
38,592
173,704
42,82
144,442
183,581
156,977
163,245
190,971
97,445
126,49
167,293
180,11
108,778
60,655
65,410
161,435
7,932
45,266
129,987
129,507
36,635
82,997
166,737
90,965
186,948
76,912
57,91
162,786
59,415
126,104
57,674
128,504
27,319
191,959
196,460
116,462
41,294
135,393
75,539
52,18
29,840
31,13
192,19
171,869
168,926
158,401
77,452
160,630
74,126
198,936
78,414
7,742
101,55
53,923
155,363
10,754
98,766
69,525
190,669
53,938
28,158
40,653
50,68
107,395
90,876
85,91
66,35
103,200
193,412
124,482
103,554
152,724
96,674
79,132
162,6
74,27
109,857
24,471
67,413
94,779
134,569
141,733
100,861
105,526
55,813
55,593
17,895
133,990
167,867
33,386
84,61
23,722
146,763
1,686
139,875
132,901
186,559
153,498
134,530
179,328
100,428
103,293
109,782
167,857
88,313
141,210
73,750
42,521
49,157
105,579
59,743
44,115
121,314
121,378
7,185
184,955
100,183
171,971
33,173
11,815
10,288
94,28
55,199
107,935
16,256
39,330
109,294
164,383
95,978
142,290
115,357
173,324
197,343
44,884
37,298
46,899
80,222
110,384
35,29
101,788
29,616
182,227
141,20
166,434
1,179
160,518
88,523
70,298
163,410
15,953
148,728
68,150
19,854
14,962
30,177
36,980
146,952
111,165
112,567
91,949
163,390
13,995
153,264
119,260
108,390
193,965
154,677
3,214
104,935
12,849
109,427
195,735
7,503
77,138
121,82
34,447
43,455
10,843
85,407
127,562
106,821
200,626
191,761
135,748
189,8
69,303
117,378
78,513
143,804
95,583
107,924
166,326
130,154
175,955
13,622
40,991
118,466
92,927
26,841
130,643
14,767
70,143
157,669
175,514
46,271
114,792
5,39
103,101
9,62
36,268
100,795
133,51
30,757
53,358
123,493
7,59
92,794
151,432
66,898
37,496
95,10
171,634
153,53
100,204
130,384
173,295
92,592
107,349
94,993
30,49
86,430
71,946
80,18
75,677
9,734
166,454
103,517
126,102
157,615
153,940
50,93
16,278
168,831
75,765
128,451
110,31
32,491
111,606
38,376
192,266
98,748
37,232
96,158
96,148
174,715
193,150
42,471
76,367
44,522
184,408
94,392
193,306
174,4
116,237
122,76
165,258
115,765
120,223
7,845
10,962
152,577
31,255
9,6
72,876
161,837
178,813
18,685
177,436
131,560
130,421
67,955
143,293
189,548
188,907
137,843
176,746
168,451
144,246
124,593
165,342
162,605
135,393
101,939
134,138
107,139
115,322
142,653
196,278
24,48
142,500
17,305
173,337
192,841
133,966
101,631
173,880
122,977
170,295
8,939
117,49
19,40
68,129
121,784
37,923
21,643
70,134
56,895
4,854
134,76
128,179
59,699
23,620
54,929
81,238
30,500
9,161
79,800
21,525
133,349
117,368
74,452
128,583
60,215
103,929
194,664
140,791
68,450
58,861
37,762
24,40
22,45
11,186
29,815
68,827
117,108
140,573
11,60
147,894
162,505
38,717
165,170
148,605
60,604
200,477
79,554
159,497
191,195
76,785
45,842
55,801
193,859
22,391
9,716
155,639
178,528
137,232
84,647
140,453
133,962
54,790
60,332
56,469
5,839
43,790
163,118
140,640
101,378
80,246
41,176
20,116
180,771
20,569
86,783
74,913
33,170
25,728
9,823
36,885
33,698
110,490
189,121
89,742
51,74
110,822
167,835
42,178
32,56
134,598
140,795
30,734
36,91
126,964
14,126
112,34
96,290
137,348
24,335
14,856
194,71
12,114
2,859
69,23
82,649
115,330
177,183
14,119
137,558
63,410
199,570
38,430
146,819
132,454
169,761
72,126
91,341
6,595
94,146
40,121
113,256
74,333
27,486
100,993
55,890
106,14
90,113
35,79
101,842
96,739
44,631
95,724
81,908
191,147
91,23
109,659
93,81
61,212
95,62
177,107
96,118
127,144
74,806
109,219
154,495
175,956
60,66
118,427
171,475
98,963
117,682
24,817
159,735
22,962
120,58
1,601
183,938
154,581
29,497
106,423
18,99
1,355
78,115
3,220
140,533
24,988
112,86
39,884
88,728
17,914
11,411
2,719
189,779
39,377
153,825
147,16
121,407
125,214
197,504
154,60
66,502
66,66
188,742
67,920
188,531
73,742
82,711
72,567
91,602
22,700
49,45
78,896
67,234
54,245
21,237
155,149
136,852
28,724
175,701
30,759
56,864
128,595
9,490
172,135
179,465
190,983
155,849
127,857
73,600
78,573
32,392
98,313
50,675
49,262
83,104
104,868
12,335
99,619
70,861
34,984
131,711
51,665
59,514
69,955
192,97
9,27
88,754
23,70
72,247
1,644
30,802
84,609
114,659
126,534
168,141
90,367
118,321
34,966
78,754
36,83
75,392
33,587
9,161
93,357
84,294
8,154
152,369
188,449
28,534
5,1000
103,721
172,109
181,163
151,422
178,615
40,722
128,146
187,750
119,826
121,590
32,132
196,427
81,543
192,875
123,662
59,140
92,323
59,64
88,692
130,905
164,766
89,354
131,12
110,833
64,179
176,839
185,632
161,822
174,407
178,725
200,319
75,705
105,5
120,999
69,309
22,913
34,307
40,740
2,804
47,708
80,472
187,107
106,368
8,327
118,305
103,997
109,43
187,207
71,103
34,717
92,34
5,238
76,571
164,765
131,487
191,651
43,825
177,407
76,874
106,761
56,871
77,699
91,78
57,819
72,54
51,97
131,40
33,698
105,506
39,775
171,587
49,247
128,871
56,670
147,759
112,136
90,735
27,499
93,778
18,946
166,373
82,717
105,18
85,314
78,85
134,36
165,420
134,448
41,807
27,811
20,592
136,602
198,931
176,390
47,912
122,883
70,192
65,945
71,258
29,48
31,749
62,548
200,576
122,328
27,817
55,414
190,140
33,264
16,346
131,171
139,879
100,634
22,72
1,118
67,756
154,56
58,257
69,805
172,382
144,378
142,357
199,161
103,115
185,277
80,512
161,867
46,680
92,197
163,71
1,687
92,944
113,448
33,330
7,277
49,177
162,98
76,737
64,119
138,35
92,425
88,21
79,355
47,35
90,18
150,612
7,702
10,927
60,252
36,76
108,268
23,64
142,479
106,636
187,621
28,976
143,992
63,108
199,721
84,535
150,859
9,201
161,921
155,863
141,218
35,583
119,867
115,326
172,946
122,379
198,175
95,268
24,560
186,423
116,80
81,910
192,562
142,390
120,983
170,973
22,973
160,756
4,313
44,324
150,707
8,368
176,520
89,236
126,6
114,915
160,958
120,190
77,498
195,615
148,651
52,973
18,93
71,619
72,894
28,890
198,705
45,50
119,258
194,399
99,887
188,320
194,844
39,90
144,591
142,823
23,951
186,544
138,208
42,624
82,745
103,346
196,12
121,415
163,452
39,634
75,908
190,874
185,305
180,615
60,98
153,158
77,263
88,687
42,87
36,794
76,281
50,898
198,184
136,296
63,651
164,679
116,436
13,751
15,96
199,520
37,369
68,390
163,843
152,252
104,336
189,59
128,289
156,26
137,878
142,594
112,133
195,373
87,472
36,11
133,392
7,466
98,653
116,346
156,243
47,452
173,707
169,417
59,569
27,409
7,460
27,602
36,376
166,749
77,768
154,469
86,223
9,476
136,166
149,314
98,734
101,901
48,485
19,644
168,802
190,979
191,38
148,778
191,135
131,424
176,800
185,436
28,859
174,219
21,341
50,339
45,323
60,542
19,625
19,255
176,848
60,601
120,750
89,116
105,741
145,963
93,877
144,311
114,168
66,370
7,556
63,212
186,737
68,831
61,408
132,589
30,126
97,334
21,165
88,3
180,44
90,872
167,815
112,492
170,673
131,252
84,69
38,124
120,913
9,796
122,612
165,826
18,972
170,33
78,973
61,240
37,427
86,551
186,735
78,751
128,932
52,937
121,884
75,421
149,954
193,473
151,796
46,55
66,542
115,660
82,726
111,149
193,664
133,678
44,326
30,860
112,517
97,445
100,113
181,711
71,348
28,3
199,196
78,147
196,881
189,525
178,215
4,163
112,564
42,978
117,698
79,991
185,183
104,508
52,381
156,283
87,296
104,881
17,324
80,655
53,203
146,648
8,652
195,877
162,420
22,97
104,440
128,81
147,474
41,27
184,802
96,709
120,34
163,858
76,285
163,212
170,115
2,668
74,575
177,651
128,969
172,392
40,585
66,552
23,342
40,773
63,635
66,268
139,71
125,470
139,884
78,873
31,906
51,657
93,802
49,728
156,652
64,343
34,163
101,626
128,711
173,464
140,643
131,625
200,758
64,512
43,609
78,111
68,611
100,681
192,959
73,941
4,814
101,899
87,907
26,967
36,340
170,585
11,245
144,353
185,993
47,581
140,494
35,487
53,577
165,11
57,415
86,633
112,489
71,144
18,443
60,591
3,842
188,408
186,869
83,96
15,19
9,617
111,92
161,457
15,834
183,529
105,699
189,962
161,325
152,736
186,967
175,158
122,173
108,134
166,588
144,913
61,875
143,720
66,312
191,684
108,82
45,920
184,671
63,60
173,907
188,371
193,499
165,104
37,525
24,792
115,268
96,656
33,161
94,29
111,356
7,255
191,184
53,160
40,508
41,238
52,145
115,233
59,273
83,555
115,23
115,106
142,98
3,740
33,294
75,200
94,170
2,288
166,138
62,584
1,471
49,596
73,956
182,592
73,900
103,693
101,428
41,877
189,134
37,827
56,559
114,356
5,772
50,245
157,649
171,899
147,62
181,899
13,375
69,946
43,907
192,326
111,811
106,460
28,644
36,326
125,12
133,582
102,609
200,484
48,24
160,495
155,970
1,873
64,344
12,94
91,179
44,481
118,173
105,897
137,345
54,223
87,714
74,480
36,862
42,246
178,1
181,901
66,872
185,996
56,838
173,824
197,806
134,185
172,350
146,869
179,921
143,376
15,520
23,125
182,553
19,295
143,591
48,466
40,698
28,169
24,78
14,745
145,926
14,288
13,859
69,702
79,696
137,869
186,402
14,757
42,859
77,27
31,276
103,766
197,205
49,754
34,623
155,252
21,569
117,164
148,979
76,201
38,70
42,746
158,491
73,611
187,152
106,423
20,26
75,772
30,263
36,385
73,100
57,482
99,784
81,896
77,220
30,145
129,21
84,618
49,572
3,583
52,439
73,399
45,760
37,828
73,265
22,732
12,115
50,350
6,116
53,705
169,848
200,525
10,207
29,790
193,747
114,852
165,971
190,120
57,884
178,207
88,155
9,400
97,217
170,626
86,917
44,51
80,940
20,43
194,315
5,886
16,949
110,434
39,450
93,281
115,102
195,740
148,673
85,183
191,809
40,484
184,712
44,402
38,253
8,343
166,762
199,397
82,619
166,638
200,25
66,448
102,703
45,300
119,505
16,993
127,822
112,202
190,484
112,155
168,186
153,480
109,731
175,904
94,756
132,793
124,772
3,443
82,126
1,175
56,477
149,507
105,775
188,390
143,774
151,467
198,117
29,133
17,226
94,625
92,10
54,547
48,750
82,322
64,251
35,348
140,683
127,422
41,340
61,717
172,849
125,72
32,955
50,313
182,408
9,246
138,260
107,854
30,987
142,342
149,576
53,996
81,275
166,617
158,290
169,934
181,470
80,880
196,100
140,926
189,994
160,638
17,229
156,877
5,687
10,204
95,352
134,872
117,497
183,486
60,589
23,921
159,604
66,920
82,655
20,523
76,211
7,599
181,157
12,506
35,367
186,418
142,909
70,10
78,983
72,999
175,725
144,204
1,742
19,831
76,358
91,595
39,717
171,327
51,384
167,801
77,211
71,522
28,747
16,613
101,570
195,189
42,552
189,653
52,243
61,219
73,417
22,952
173,931
12,680
35,480
72,300
55,846
186,587
132,841
99,468
20,713
10,474
124,642
89,784
143,217
79,195
99,461
15,256
37,429
165,284
30,437
42,300
85,518
185,110
122,772
170,583
30,180
140,870
64,504
179,172
116,24
38,876
11,985
174,503
157,182
48,660
71,862
194,188
16,856
129,179
53,158
106,781
56,866
178,549
166,578
61,280
19,530
124,24
104,260
168,221
18,186
122,470
168,439
117,523
152,652
61,580
9,236
54,770
125,450
182,288
101,914
2,502
34,220
194,797
63,537
123,141
179,621
68,149
94,852
176,718
54,843
24,222
24,93
18,369
98,337
29,930
170,958
41,508
83,479
72,997
127,262
162,736
25,253
49,401
96,701
23,709
10,272
90,860
35,949
79,291
169,703
195,81
97,850
196,110
176,251
111,940
187,308
172,959
175,641
149,507
144,570
85,492
195,127
109,273
196,855
111,711
185,680
23,819
13,368
64,61
117,812
77,668
77,609
41,824
71,40
135,217
139,910
93,56
57,203
197,933
137,24
152,68
129,421
111,544
35,941
79,100
72,576
7,347
115,850
146,839
82,13
105,577
75,439
132,188
70,985
135,777
152,773
84,241
165,512
27,652
106,86
127,330
135,323
62,503
66,245
87,413
110,257
84,39
165,287
94,676
171,505
195,230
114,292
180,473
39,300
134,836
165,577
136,129
68,296
191,316
19,305
167,949
32,457
91,718
186,531
89,926
100,61
108,130
91,933
114,970
12,384
150,519
62,956
37,362
28,404
136,583
70,693
17,643
103,954
92,733
43,538
194,308
189,62
90,14
34,86
31,30
177,551
101,440
13,305
12,507
102,296
76,388
73,396
65,291
113,128
168,63
141,873
184,716
185,369
178,509
117,885
75,698
21,773
164,654
55,814
66,991
7,310
75,845
33,881
8,919
124,677
148,482
148,901
158,895
30,361
91,66
59,698
74,18
38,76
78,153
83,629
119,595
194,745
174,945
99,180
141,680
165,117
193,538
83,639
20,319
132,378
37,765
104,785
39,179
97,66
152,282
157,966
163,819
6,521
24,810
106,381
146,293
184,952
126,532
194,307
122,482
156,679
27,472
196,624
88,290
42,394
21,357
152,283
193,994
8,493
163,230
168,893
145,575
115,540
185,609
7,875
173,305
43,75
68,345
60,493
198,299
30,13
196,281
55,882
49,266
58,385
149,999
10,198
112,44
187,962
168,820
130,829
13,917
23,624
5,535
187,873
178,191
30,422
110,16
134,199
54,755
59,11
3,752
12,189
130,422
66,959
154,391
168,139
11,225
19,879
158,297
187,705
